,Date,Open,High,Low,Close,Volume
0,2000-01-03,30.0625,30.09375,29.53125,29.625,378000
1,2000-01-04,29.375,29.375,27.75,28.25,491000
2,2000-01-05,28.3125,28.3125,26.125,26.96875,1694400
3,2000-01-06,26.96875,27.15625,26.53125,26.65625,457600
4,2000-01-07,26.65625,27.0,26.46875,26.96875,734600
5,2000-01-10,26.96875,27.625,26.96875,27.5625,536800
6,2000-01-11,27.5625,28.15625,27.25,27.40625,722600
7,2000-01-12,27.4375,28.125,27.4375,27.875,367600
8,2000-01-13,28.0,28.09375,27.875,28.03125,466800
9,2000-01-14,28.625,29.4375,28.625,29.28125,509600
10,2000-01-18,29.28125,31.90625,28.90625,29.9375,1041000
11,2000-01-19,29.4375,29.53125,29.25,29.40625,435800
12,2000-01-20,29.4375,30.28125,29.25,29.3125,368400
13,2000-01-21,29.28125,29.59375,28.96875,29.03125,242000
14,2000-01-24,29.09375,29.9375,28.90625,28.90625,399400
15,2000-01-25,29.0,29.3125,28.65625,28.90625,679600
16,2000-01-26,29.0,30.0,28.78125,29.125,645400
17,2000-01-27,29.21875,29.75,28.375,28.625,573200
18,2000-01-28,28.4375,28.625,26.65625,26.75,533400
19,2000-01-31,27.25,27.25,26.6875,26.84375,244400
20,2000-02-01,27.0,27.03125,25.1875,26.1875,661000
21,2000-02-02,26.34375,26.875,26.125,26.5625,436400
22,2000-02-03,27.75,27.90625,27.25,27.75,501600
23,2000-02-04,27.4375,27.5,26.9375,26.9375,173400
24,2000-02-07,27.0625,27.0625,25.6875,26.3125,691600
25,2000-02-08,26.3125,26.65625,26.21875,26.21875,580200
26,2000-02-09,26.21875,26.25,25.4375,25.53125,317400
27,2000-02-10,25.125,26.21875,25.0,25.84375,577600
28,2000-02-11,25.875,25.875,25.0,25.03125,318400
29,2000-02-14,25.59375,26.71875,25.5,26.65625,688800
30,2000-02-15,26.40625,26.59375,26.09375,26.21875,391000
31,2000-02-16,25.96875,26.25,25.34375,25.4375,474000
32,2000-02-17,25.625,25.75,25.5,25.5625,415800
33,2000-02-18,25.5,25.8125,25.46875,25.71875,445000
34,2000-02-22,25.75,26.21875,25.71875,26.0625,587400
35,2000-02-23,26.09375,27.15625,26.09375,27.125,655200
36,2000-02-24,30.0,36.75,29.96875,35.0,3394400
37,2000-02-25,33.5,34.5,32.78125,33.5,1275600
38,2000-02-28,33.5,33.9375,32.84375,33.46875,689800
39,2000-02-29,33.15625,33.875,32.65625,33.4375,432400
40,2000-03-01,33.5625,34.4375,31.84375,32.71875,909000
41,2000-03-02,33.03125,33.34375,31.71875,32.09375,560400
42,2000-03-03,32.15625,33.0,32.15625,32.5,469800
43,2000-03-06,33.25,33.28125,31.875,32.3125,453800
44,2000-03-07,32.1875,32.4375,29.4375,29.46875,1053200
45,2000-03-08,30.28125,31.125,30.28125,30.75,683200
46,2000-03-09,30.78125,32.53125,30.78125,32.28125,611000
47,2000-03-10,32.15625,32.3125,31.28125,31.71875,395800
48,2000-03-13,31.4375,31.4375,30.15625,30.15625,341200
49,2000-03-14,30.4375,31.09375,29.84375,30.09375,473600
50,2000-03-15,30.3125,30.375,28.40625,28.40625,586600
51,2000-03-16,28.53125,29.84375,28.53125,29.71875,590400
52,2000-03-17,29.71875,30.90625,29.71875,30.84375,649600
53,2000-03-20,30.96875,31.40625,30.21875,30.25,282600
54,2000-03-21,30.3125,30.59375,29.71875,30.375,576000
55,2000-03-22,30.5625,30.875,30.3125,30.75,715400
56,2000-03-23,30.875,31.1875,30.25,30.3125,188400
57,2000-03-24,30.46875,31.25,30.46875,30.96875,634800
58,2000-03-27,30.96875,30.96875,29.875,30.46875,902400
59,2000-03-28,31.40625,32.78125,31.40625,32.75,2615200
60,2000-03-29,32.75,33.25,30.75,30.75,903800
61,2000-03-30,30.9375,31.375,29.8125,29.96875,813000
62,2000-03-31,30.625,33.25,30.625,31.5,1366400
63,2000-04-03,31.625,32.125,30.65625,30.65625,833200
64,2000-04-04,31.25,32.4375,28.96875,31.5,1621800
65,2000-04-05,32.0,34.28125,32.0,33.46875,1029000
66,2000-04-06,33.75,34.75,33.59375,34.09375,682600
67,2000-04-07,34.75,35.25,34.375,34.65625,416000
68,2000-04-10,35.125,35.46875,33.375,33.40625,635200
69,2000-04-11,33.59375,35.5,33.4375,34.0,2001400
70,2000-04-12,34.0,34.71875,33.28125,33.46875,644400
71,2000-04-13,33.84375,35.5,33.65625,34.25,1117600
72,2000-04-14,34.1875,34.375,31.28125,31.3125,937200
73,2000-04-17,31.4375,33.1875,30.78125,33.1875,997400
74,2000-04-18,33.75,36.0,33.65625,35.4375,1128000
75,2000-04-19,35.3125,36.0,34.5625,34.71875,949200
76,2000-04-20,34.71875,35.6875,34.5,35.0625,413000
77,2000-04-24,34.75,35.8125,34.65625,35.25,491400
78,2000-04-25,36.0,37.3125,35.90625,36.71875,971200
79,2000-04-26,37.0625,37.9375,37.0,37.09375,1209200
80,2000-04-27,36.5,38.5,36.375,38.125,1221400
81,2000-04-28,39.375,40.5625,39.15625,39.3125,1258000
82,2000-05-01,39.3125,40.1875,39.0625,39.21875,939400
83,2000-05-02,39.21875,39.71875,39.125,39.15625,400000
84,2000-05-03,38.875,39.15625,35.78125,37.03125,945400
85,2000-05-04,37.5,38.0625,36.84375,37.46875,692600
86,2000-05-05,37.46875,38.875,37.46875,37.78125,385000
87,2000-05-08,38.03125,38.09375,37.3125,37.34375,378400
88,2000-05-09,37.3125,37.5,35.96875,36.40625,559000
89,2000-05-10,36.375,37.6875,35.375,36.9375,1084800
90,2000-05-11,36.9375,37.59375,36.5625,36.71875,676800
91,2000-05-12,37.0,37.40625,36.28125,36.40625,821400
92,2000-05-15,36.5,36.875,35.59375,36.53125,470600
93,2000-05-16,36.875,38.4375,36.84375,38.375,732400
94,2000-05-17,37.875,37.90625,36.125,37.625,562000
95,2000-05-18,38.0,38.0,36.59375,36.71875,219400
96,2000-05-19,36.40625,36.4375,34.9375,34.9375,711400
97,2000-05-22,35.375,35.375,33.8125,34.8125,501400
98,2000-05-23,34.9375,34.9375,34.125,34.125,347200
99,2000-05-24,33.9375,34.125,30.5625,33.8125,1332200
100,2000-05-25,33.6875,35.25,33.34375,33.5,749600
101,2000-05-26,33.4375,34.0,32.46875,33.9375,364400
102,2000-05-30,34.25,35.375,34.15625,34.875,550800
103,2000-05-31,34.96875,35.34375,34.59375,34.59375,380600
104,2000-06-01,34.96875,36.28125,34.90625,35.8125,452800
105,2000-06-02,37.125,39.21875,37.0625,38.6875,629000
106,2000-06-05,38.125,38.90625,37.25,37.71875,579200
107,2000-06-06,38.09375,38.09375,36.5,36.5625,299400
108,2000-06-07,36.75,36.75,35.78125,36.15625,370400
109,2000-06-08,36.5625,37.53125,36.5,36.5,471800
110,2000-06-09,36.59375,38.125,36.59375,36.84375,636600
111,2000-06-12,36.84375,37.09375,34.75,35.21875,432800
112,2000-06-13,35.21875,36.53125,34.25,36.53125,613200
113,2000-06-14,36.75,37.21875,34.3125,35.1875,682400
114,2000-06-15,35.0625,35.09375,33.25,35.0,511000
115,2000-06-16,34.6875,34.875,33.84375,34.28125,345800
116,2000-06-19,34.25,35.71875,34.09375,35.46875,445400
117,2000-06-20,35.46875,35.6875,34.8125,35.28125,1009800
118,2000-06-21,35.28125,35.28125,34.3125,34.5,1146200
119,2000-06-22,34.5,34.625,34.09375,34.1875,760200
120,2000-06-23,34.125,34.21875,32.40625,32.78125,413600
121,2000-06-26,33.625,33.9375,31.875,32.21875,1108200
122,2000-06-27,32.21875,32.375,29.65625,29.84375,1861800
123,2000-06-28,30.125,31.0,30.0,30.3125,3243800
124,2000-06-29,30.25,30.25,28.0,28.0,1441800
125,2000-06-30,28.4375,30.65625,28.03125,29.617188,1876600
126,2000-07-03,29.6875,30.84375,29.6875,30.71875,271400
127,2000-07-05,30.59375,30.59375,28.15625,28.5625,1561800
128,2000-07-06,29.1875,30.0,28.375,29.8125,1339800
129,2000-07-07,29.4375,31.40625,29.40625,31.125,542200
130,2000-07-10,30.96875,31.75,30.5,31.75,930200
131,2000-07-11,31.75,33.1875,31.75,32.125,1242400
132,2000-07-12,32.25,32.90625,32.25,32.53125,329800
133,2000-07-13,33.78125,34.21875,32.375,32.625,1175800
134,2000-07-14,33.875,35.0,33.09375,34.84375,812800
135,2000-07-17,35.3125,35.40625,34.6875,35.09375,758800
136,2000-07-18,35.15625,35.3125,34.21875,34.6875,921800
137,2000-07-19,34.5625,35.34375,32.71875,32.84375,746600
138,2000-07-20,33.5625,34.34375,32.78125,33.1875,665200
139,2000-07-21,33.40625,33.40625,31.25,31.9375,663400
140,2000-07-24,32.0625,32.78125,30.5,30.96875,812600
141,2000-07-25,31.25,31.9375,31.25,31.46875,357200
142,2000-07-26,31.34375,31.34375,30.0625,30.6875,515400
143,2000-07-27,30.46875,30.5,29.0625,29.1875,508400
144,2000-07-28,28.875,29.21875,27.125,28.03125,1488600
145,2000-07-31,28.15625,28.46875,27.46875,28.46875,466400
146,2000-08-01,28.46875,28.96875,28.09375,28.53125,582600
147,2000-08-02,28.1875,29.21875,28.03125,28.65625,398400
148,2000-08-03,28.375,29.4375,27.71875,29.28125,774400
149,2000-08-04,29.875,30.34375,28.96875,29.0625,623200
150,2000-08-07,29.5,30.375,29.15625,30.34375,428800
151,2000-08-08,30.46875,30.6875,27.5,28.0625,1597600
152,2000-08-09,28.6875,29.25,27.6875,28.09375,1150400
153,2000-08-10,28.6875,28.9375,25.625,25.90625,2154200
154,2000-08-11,26.0,26.6875,25.53125,26.5,963800
155,2000-08-14,26.6875,27.46875,26.34375,26.9375,585200
156,2000-08-15,26.875,27.3125,26.65625,26.90625,816600
157,2000-08-16,26.96875,28.75,26.875,28.53125,1208400
158,2000-08-17,28.5625,29.03125,28.34375,28.8125,585200
159,2000-08-18,28.6875,29.625,28.6875,29.5625,796000
160,2000-08-21,29.6875,29.8125,28.9375,29.1875,524800
161,2000-08-22,29.3125,29.46875,28.9375,29.125,390000
162,2000-08-23,29.0,29.1875,28.84375,29.125,501600
163,2000-08-24,29.3125,30.21875,29.25,30.09375,317600
164,2000-08-25,30.09375,30.6875,30.09375,30.65625,348000
165,2000-08-28,30.625,31.0,29.90625,29.9375,318200
166,2000-08-29,29.96875,31.5,29.96875,31.40625,450200
167,2000-08-30,31.59375,31.875,30.53125,30.625,629400
168,2000-08-31,30.0,31.125,29.9375,29.9375,495600
169,2000-09-01,30.1875,31.09375,30.1875,30.53125,491600
170,2000-09-05,30.53125,30.8125,30.3125,30.71875,441800
171,2000-09-06,31.25,32.0,28.5625,28.90625,1889800
172,2000-09-07,29.1875,31.40625,29.1875,31.34375,849800
173,2000-09-08,31.34375,31.65625,31.15625,31.46875,1003400
174,2000-09-11,30.875,32.4375,30.875,31.5625,779600
175,2000-09-12,32.0,32.375,31.84375,31.875,558600
176,2000-09-13,31.75,31.78125,30.875,31.375,681800
177,2000-09-14,32.0625,32.5625,31.71875,31.96875,491200
178,2000-09-15,31.6875,32.0,31.59375,31.75,1054000
179,2000-09-18,30.875,31.4375,30.65625,30.65625,641400
180,2000-09-19,30.65625,30.84375,30.09375,30.53125,768600
181,2000-09-20,31.03125,31.125,30.53125,30.9375,485400
182,2000-09-21,31.5,32.5625,30.5,30.65625,766800
183,2000-09-22,29.875,29.9375,28.90625,29.5,1034400
184,2000-09-25,30.0,31.09375,29.8125,29.96875,674200
185,2000-09-26,29.96875,30.34375,29.3125,29.4375,281600
186,2000-09-27,29.5,29.96875,28.84375,29.21875,535200
187,2000-09-28,29.34375,29.75,29.125,29.65625,659800
188,2000-09-29,29.5,29.5,27.875,28.375,802500
189,2000-10-02,27.625,30.28125,27.625,28.875,1034900
190,2000-10-03,28.9375,29.125,26.9375,27.3125,496200
191,2000-10-04,28.5,29.0625,27.75,28.125,896100
192,2000-10-05,29.375,29.5,28.125,28.3125,672300
193,2000-10-06,28.375,28.625,27.0,27.0625,827500
194,2000-10-09,27.6875,28.25,27.0,27.5,455700
195,2000-10-10,26.75,27.0,25.3125,26.0,474000
196,2000-10-11,25.625,26.125,24.9375,25.625,756800
197,2000-10-12,26.0,26.0625,24.9375,25.0,572000
198,2000-10-13,25.25,27.25,25.25,27.25,1144300
199,2000-10-16,27.0,27.4375,25.9375,27.0625,671100
200,2000-10-17,26.8125,26.8125,24.25,24.875,473300
201,2000-10-18,24.4375,25.5,23.8125,24.5,1169000
202,2000-10-19,25.0,26.625,24.75,26.625,1457900
203,2000-10-20,26.125,27.5,25.6875,27.4375,950100
204,2000-10-23,27.5625,28.4375,27.5625,27.9375,616800
205,2000-10-24,27.9375,27.9375,26.6875,26.9375,841300
206,2000-10-25,26.9375,27.0,24.6875,25.1875,502500
207,2000-10-26,25.4375,26.5,25.375,26.4375,445500
208,2000-10-27,27.375,27.5,26.25,26.5625,2450400
209,2000-10-30,26.875,26.875,25.4375,26.625,566200
210,2000-10-31,26.625,27.125,26.25,26.875,932600
211,2000-11-01,26.375,27.0,25.875,26.25,337900
212,2000-11-02,26.625,27.0625,26.3125,26.625,627500
213,2000-11-03,27.0,27.1875,26.6875,26.875,230000
214,2000-11-06,27.125,28.8125,26.75,28.5625,935000
215,2000-11-07,28.25,28.6875,27.25,28.625,698600
216,2000-11-08,28.6875,28.6875,27.25,27.5,288700
217,2000-11-09,27.3125,27.75,26.3125,26.75,708500
218,2000-11-10,27.125,27.375,26.5,26.6875,385200
219,2000-11-13,26.4375,27.25,25.3125,27.0625,331900
220,2000-11-14,27.1875,27.9375,27.0625,27.4375,169500
221,2000-11-15,27.5625,28.0625,27.375,27.5,269100
222,2000-11-16,27.25,27.375,26.875,27.0,207800
223,2000-11-17,27.0,27.625,26.875,27.4375,172700
224,2000-11-20,26.75,26.75,22.0625,22.6875,1338600
225,2000-11-21,19.5,19.65625,18.5625,18.875,4389700
226,2000-11-22,18.8125,19.3125,17.8125,18.1875,1048500
227,2000-11-24,18.8125,19.1875,18.5,19.0625,625800
228,2000-11-27,19.5,19.625,18.75,19.125,1200500
229,2000-11-28,19.0625,19.0625,18.375,18.625,1295200
230,2000-11-29,18.5625,18.875,18.25,18.5,1141100
231,2000-11-30,18.0,18.0625,17.1875,17.625,992200
232,2000-12-01,17.875,18.625,17.8125,18.125,828200
233,2000-12-04,18.125,18.5,18.0625,18.375,535500
234,2000-12-05,18.75,19.875,18.75,19.5,716600
235,2000-12-06,19.0,19.25,18.125,18.125,1357400
236,2000-12-07,18.25,18.25,17.1875,17.5,934000
237,2000-12-08,18.1875,19.6875,18.1875,19.4375,1414000
238,2000-12-11,19.25,20.375,19.1875,20.0625,900500
239,2000-12-12,20.625,21.4375,20.25,20.9375,1453500
240,2000-12-13,20.75,21.3125,20.25,20.5,1884600
241,2000-12-14,20.5,20.5,20.0,20.1875,823400
242,2000-12-15,20.1875,20.1875,19.25,19.5625,846200
243,2000-12-18,19.5,19.6875,18.75,19.0625,774100
244,2000-12-19,19.0625,20.125,18.8125,18.875,692000
245,2000-12-20,18.5,18.5,17.875,17.9375,615000
246,2000-12-21,17.25,18.3125,17.25,17.6875,871300
247,2000-12-22,17.6875,19.4375,17.625,19.0625,1141800
248,2000-12-26,18.875,19.3125,18.5,18.6875,569000
249,2000-12-27,18.625,20.4375,18.3125,20.4375,566200
250,2000-12-28,20.5,21.25,19.875,21.0625,899900
251,2000-12-29,20.4375,21.5,20.4375,21.5,1105200
252,2001-01-02,21.5,21.5,20.125,20.25,601800
253,2001-01-03,20.5,23.6875,20.1875,23.25,909800
254,2001-01-04,23.0,24.625,22.875,24.5,853200
255,2001-01-05,24.25,24.25,22.125,23.125,762000
256,2001-01-08,23.125,23.5,22.5625,23.375,684200
257,2001-01-09,23.5,23.5,23.125,23.4375,583200
258,2001-01-10,24.0,24.0,22.875,23.8125,1879600
259,2001-01-11,23.4375,24.375,23.375,24.0,2038100
260,2001-01-12,24.0,24.875,23.625,24.0,1568100
261,2001-01-16,24.0,24.25,23.5625,23.6875,650700
262,2001-01-17,23.875,24.4375,23.3125,23.75,2092500
263,2001-01-18,24.625,25.75,23.8125,25.375,572200
264,2001-01-19,27.0,27.0,24.5625,24.875,988600
265,2001-01-22,24.875,25.1875,24.5,25.125,1026500
266,2001-01-23,25.125,26.6875,25.0625,26.0625,814300
267,2001-01-24,26.75,26.75,25.8125,26.25,525300
268,2001-01-25,26.5625,26.5625,24.875,25.1875,933600
269,2001-01-26,25.75,26.3125,25.5,25.9375,625800
270,2001-01-29,26.200001,26.610001,25.35,26.48,402500
271,2001-01-30,27.84,27.950001,26.450001,26.91,766900
272,2001-01-31,27.299999,27.530001,26.99,27.49,683900
273,2001-02-01,27.24,27.389999,26.09,26.719999,533800
274,2001-02-02,26.85,26.85,26.01,26.110001,907100
275,2001-02-05,26.5,26.5,25.4,26.02,663700
276,2001-02-06,26.02,27.26,26.02,26.629999,630000
277,2001-02-07,26.639999,26.950001,25.34,26.049999,638600
278,2001-02-08,25.98,26.9,25.98,26.719999,542400
279,2001-02-09,26.82,26.959999,26.07,26.280001,366500
280,2001-02-12,26.5,26.68,26.200001,26.370001,509500
281,2001-02-13,26.370001,26.799999,26.059999,26.09,371700
282,2001-02-14,25.75,26.379999,25.0,26.27,538700
283,2001-02-15,26.700001,28.0,26.700001,27.52,487200
284,2001-02-16,26.52,26.52,25.5,25.969999,307300
285,2001-02-20,26.4,26.49,24.99,25.02,388600
286,2001-02-21,25.02,25.280001,24.440001,24.459999,415800
287,2001-02-22,24.299999,25.17,23.860001,24.879999,545700
288,2001-02-23,24.0,25.15,23.9,25.110001,710700
289,2001-02-26,25.200001,26.200001,24.6,25.469999,484800
290,2001-02-27,25.219999,25.219999,24.049999,24.530001,437400
291,2001-02-28,25.0,25.0,23.9,24.5,528500
292,2001-03-01,24.4,25.1,23.870001,25.1,598600
293,2001-03-02,25.01,26.700001,25.0,25.67,612400
294,2001-03-05,25.77,26.6,25.719999,26.4,422200
295,2001-03-06,26.549999,28.25,26.549999,27.82,750600
296,2001-03-07,28.0,28.450001,27.200001,27.48,439100
297,2001-03-08,27.23,28.25,27.200001,28.25,544000
298,2001-03-09,27.75,28.200001,27.0,27.5,817400
299,2001-03-12,27.0,27.200001,25.700001,26.41,993300
300,2001-03-13,26.290001,27.99,26.049999,27.780001,527000
301,2001-03-14,27.0,27.41,26.4,27.1,519000
302,2001-03-15,27.200001,27.4,26.35,26.559999,349000
303,2001-03-16,26.799999,26.799999,24.969999,25.1,458000
304,2001-03-19,24.799999,26.1,23.610001,25.99,709700
305,2001-03-20,25.049999,25.450001,24.379999,24.450001,1127400
306,2001-03-21,24.200001,25.65,23.52,23.549999,949500
307,2001-03-22,21.799999,21.799999,19.35,21.620001,5256600
308,2001-03-23,21.620001,21.620001,21.15,21.5,3247700
309,2001-03-26,21.5,22.200001,21.32,21.6,1155500
310,2001-03-27,21.65,22.33,21.58,21.969999,999000
311,2001-03-28,21.98,22.0,20.98,21.299999,812700
312,2001-03-29,21.1,22.299999,20.26,21.0,1140200
313,2001-03-30,21.0,21.0,20.25,20.5,634200
314,2001-04-02,20.5,20.870001,19.68,19.870001,720800
315,2001-04-03,19.870001,20.200001,19.309999,19.469999,695000
316,2001-04-04,19.049999,19.469999,18.959999,19.299999,728400
317,2001-04-05,19.799999,21.15,19.799999,20.559999,1032000
318,2001-04-06,20.459999,20.459999,19.450001,19.68,373000
319,2001-04-09,19.9,20.17,19.41,19.809999,507400
320,2001-04-10,20.1,22.1,20.1,21.190001,851300
321,2001-04-11,21.9,23.24,21.879999,22.049999,905700
322,2001-04-12,22.040001,23.9,21.450001,22.450001,529000
323,2001-04-16,22.450001,22.450001,21.41,21.75,248100
324,2001-04-17,21.85,22.6,20.75,20.75,598500
325,2001-04-18,21.9,24.059999,21.85,23.200001,733700
326,2001-04-19,23.450001,24.370001,23.450001,24.25,341200
327,2001-04-20,24.5,24.5,23.4,23.77,328200
328,2001-04-23,23.799999,23.799999,22.700001,23.0,280600
329,2001-04-24,23.0,24.370001,22.209999,22.65,597600
330,2001-04-25,22.4,23.700001,22.4,23.450001,281700
331,2001-04-26,23.450001,24.309999,23.450001,24.25,898700
332,2001-04-27,24.4,25.110001,24.35,24.950001,777300
333,2001-04-30,25.25,26.25,25.059999,25.51,655100
334,2001-05-01,25.85,26.549999,25.799999,26.42,952100
335,2001-05-02,26.9,27.0,26.02,26.450001,503600
336,2001-05-03,26.459999,26.459999,25.26,25.42,398000
337,2001-05-04,24.98,26.049999,24.969999,26.049999,380600
338,2001-05-07,26.0,26.17,25.610001,25.65,207600
339,2001-05-08,25.84,25.889999,25.42,25.6,226900
340,2001-05-09,25.35,25.360001,24.67,25.1,273000
341,2001-05-10,25.59,25.790001,24.969999,25.0,201900
342,2001-05-11,25.0,25.030001,24.65,24.98,452600
343,2001-05-14,24.98,24.98,24.51,24.77,184100
344,2001-05-15,24.700001,25.299999,24.66,24.91,452300
345,2001-05-16,25.0,25.950001,24.700001,25.950001,457800
346,2001-05-17,26.0,26.700001,25.889999,26.299999,264500
347,2001-05-18,26.450001,26.620001,26.16,26.280001,281300
348,2001-05-21,26.59,27.809999,26.32,27.809999,356900
349,2001-05-22,27.809999,28.09,27.25,27.950001,433000
350,2001-05-23,27.950001,27.950001,26.6,26.65,272000
351,2001-05-24,26.799999,26.950001,25.459999,26.15,531700
352,2001-05-25,26.200001,26.5,25.629999,25.629999,472700
353,2001-05-29,25.639999,25.639999,24.5,24.5,880500
354,2001-05-30,24.5,24.5,23.6,24.0,526300
355,2001-05-31,24.01,24.879999,23.98,24.639999,361200
356,2001-06-01,24.77,25.0,24.549999,24.959999,254300
357,2001-06-04,25.16,25.16,24.879999,24.91,479600
358,2001-06-05,25.049999,25.709999,25.040001,25.540001,462500
359,2001-06-06,25.85,25.879999,25.33,25.4,328900
360,2001-06-07,25.4,26.4,25.4,26.280001,320000
361,2001-06-08,26.16,26.4,24.299999,24.299999,2330700
362,2001-06-11,24.450001,24.719999,24.08,24.25,911100
363,2001-06-12,24.25,24.25,23.1,23.700001,782700
364,2001-06-13,23.700001,24.15,23.049999,23.059999,624700
365,2001-06-14,23.059999,23.1,22.35,22.709999,599600
366,2001-06-15,22.709999,23.25,22.299999,22.9,645300
367,2001-06-18,22.9,23.4,22.82,22.9,575000
368,2001-06-19,23.0,23.25,21.200001,21.450001,949600
369,2001-06-20,21.299999,21.700001,20.1,21.01,770100
370,2001-06-21,21.0,21.049999,19.4,20.799999,1748100
371,2001-06-22,20.799999,21.4,20.120001,20.719999,910800
372,2001-06-25,20.719999,21.08,20.299999,20.690001,523900
373,2001-06-26,20.49,21.0,20.34,20.6,498300
374,2001-06-27,20.6,21.35,20.5,21.15,593200
375,2001-06-28,21.299999,22.1,21.25,21.75,528200
376,2001-06-29,21.85,22.549999,21.83,22.42,735200
377,2001-07-02,22.43,22.6,21.799999,22.200001,1215200
378,2001-07-03,22.4,22.440001,22.049999,22.41,327600
379,2001-07-05,22.4,22.73,21.92,22.24,773600
380,2001-07-06,22.049999,22.049999,21.0,21.43,308800
381,2001-07-09,21.440001,21.91,21.1,21.459999,393700
382,2001-07-10,21.5,21.65,20.5,20.559999,704900
383,2001-07-11,20.309999,20.799999,20.18,20.610001,478000
384,2001-07-12,20.860001,21.85,20.860001,21.809999,524800
385,2001-07-13,21.700001,22.17,21.059999,21.709999,418900
386,2001-07-16,21.5,21.9,21.0,21.25,272700
387,2001-07-17,20.940001,21.540001,20.719999,21.459999,317100
388,2001-07-18,21.16,21.299999,20.6,20.9,366600
389,2001-07-19,21.049999,22.15,21.049999,21.700001,364400
390,2001-07-20,21.65,21.74,21.309999,21.379999,187700
391,2001-07-23,21.5,21.940001,21.290001,21.860001,281900
392,2001-07-24,21.799999,21.969999,21.299999,21.48,319700
393,2001-07-25,22.48,22.48,21.1,21.73,500400
394,2001-07-26,21.73,22.09,21.51,22.01,335500
395,2001-07-27,22.02,22.6,22.02,22.6,574600
396,2001-07-30,22.85,23.41,22.57,23.290001,573400
397,2001-07-31,23.65,24.389999,23.620001,23.889999,690600
398,2001-08-01,24.5,25.15,24.32,24.65,569400
399,2001-08-02,24.9,25.799999,24.889999,25.450001,619700
400,2001-08-03,25.450001,25.84,25.389999,25.639999,453000
401,2001-08-06,25.6,25.610001,24.6,25.15,564900
402,2001-08-07,25.15,25.200001,24.9,25.07,553600
403,2001-08-08,25.1,25.4,24.309999,24.51,583500
404,2001-08-09,24.51,24.950001,24.4,24.5,394000
405,2001-08-10,24.75,25.4,24.67,25.059999,1037100
406,2001-08-13,25.07,25.25,24.940001,25.02,566100
407,2001-08-14,25.030001,25.49,25.030001,25.35,445600
408,2001-08-15,25.5,26.1,25.16,25.25,1063400
409,2001-08-16,25.25,25.25,24.719999,24.950001,720100
410,2001-08-17,24.85,24.879999,24.35,24.41,690600
411,2001-08-20,24.15,24.75,24.15,24.58,742200
412,2001-08-21,24.75,25.0,24.34,24.4,1136800
413,2001-08-22,24.41,24.799999,24.16,24.32,693700
414,2001-08-23,24.25,24.299999,24.1,24.129999,558100
415,2001-08-24,24.18,25.299999,24.15,24.75,598500
416,2001-08-27,25.049999,26.18,25.0,25.799999,401200
417,2001-08-28,25.799999,26.950001,25.67,25.73,668400
418,2001-08-29,25.98,26.1,25.02,25.110001,423200
419,2001-08-30,24.9,25.1,24.16,24.5,463900
420,2001-08-31,24.299999,24.799999,24.02,24.08,431000
421,2001-09-04,24.08,24.1,23.299999,23.4,682600
422,2001-09-05,23.299999,23.299999,22.209999,22.450001,779200
423,2001-09-06,22.35,22.6,22.01,22.35,1107200
424,2001-09-07,22.35,22.75,21.450001,21.540001,688600
425,2001-09-10,21.5,22.24,21.5,22.059999,504500
426,2001-09-17,20.25,21.09,19.629999,19.959999,570900
427,2001-09-18,19.860001,20.23,19.25,19.25,458200
428,2001-09-19,19.35,19.42,18.26,19.120001,340400
429,2001-09-20,19.0,19.0,17.799999,17.799999,477700
430,2001-09-21,17.1,17.809999,17.059999,17.6,380700
431,2001-09-24,17.75,18.85,17.75,18.35,557700
432,2001-09-25,18.299999,18.74,18.059999,18.43,385500
433,2001-09-26,18.43,18.440001,17.559999,17.700001,621000
434,2001-09-27,17.549999,17.74,17.27,17.620001,695000
435,2001-09-28,17.620001,18.25,17.620001,18.190001,851500
436,2001-10-01,18.1,18.110001,17.450001,17.620001,333500
437,2001-10-02,17.67,18.15,17.280001,17.59,305400
438,2001-10-03,17.59,18.65,17.450001,18.48,606500
439,2001-10-04,18.48,19.49,18.48,18.92,1380800
440,2001-10-05,18.92,19.09,18.5,18.950001,668300
441,2001-10-08,18.950001,19.549999,18.65,19.299999,484000
442,2001-10-09,19.299999,19.5,19.02,19.32,431800
443,2001-10-10,19.309999,20.129999,19.309999,20.02,828100
444,2001-10-11,20.219999,21.4,20.219999,21.23,512700
445,2001-10-12,21.219999,21.34,20.51,21.049999,422700
446,2001-10-15,20.700001,20.700001,20.1,20.24,225100
447,2001-10-16,20.4,20.74,20.360001,20.51,246800
448,2001-10-17,20.76,21.0,19.950001,19.959999,413400
449,2001-10-18,19.9,20.35,19.5,19.57,596600
450,2001-10-19,19.559999,20.299999,19.559999,20.219999,264800
451,2001-10-22,20.209999,20.92,19.879999,20.870001,345100
452,2001-10-23,20.870001,21.299999,20.51,21.0,421800
453,2001-10-24,21.049999,21.139999,20.6,20.870001,255100
454,2001-10-25,20.879999,21.450001,20.25,21.450001,425700
455,2001-10-26,21.4,21.58,20.700001,21.5,613900
456,2001-10-29,21.450001,21.459999,21.01,21.049999,348400
457,2001-10-30,21.049999,21.059999,20.17,20.299999,402100
458,2001-10-31,20.41,21.049999,20.41,20.629999,358100
459,2001-11-01,20.700001,21.6,20.559999,21.6,317000
460,2001-11-02,21.59,22.0,21.440001,21.959999,310600
461,2001-11-05,22.200001,22.299999,21.75,21.790001,341300
462,2001-11-06,21.799999,22.450001,21.719999,22.450001,199300
463,2001-11-07,22.450001,22.65,22.07,22.280001,221000
464,2001-11-08,22.41,23.0,22.200001,22.450001,422300
465,2001-11-09,22.35,22.780001,22.1,22.34,224100
466,2001-11-12,22.09,22.65,21.610001,22.25,233300
467,2001-11-13,22.5,23.25,22.5,22.98,501600
468,2001-11-14,23.15,23.4,22.799999,23.0,455000
469,2001-11-15,23.0,23.35,22.870001,23.049999,187000
470,2001-11-16,23.049999,23.190001,22.6,22.85,293300
471,2001-11-19,22.9,23.309999,22.799999,23.25,234900
472,2001-11-20,23.200001,23.43,22.700001,22.709999,306700
473,2001-11-21,22.709999,23.01,22.459999,22.82,236800
474,2001-11-23,22.82,23.0,22.75,22.950001,113500
475,2001-11-26,23.049999,23.99,23.049999,23.889999,411800
476,2001-11-27,23.9,24.200001,23.389999,23.639999,505100
477,2001-11-28,23.690001,23.9,23.200001,23.299999,340700
478,2001-11-29,23.309999,23.790001,23.309999,23.74,324200
479,2001-11-30,23.809999,23.940001,23.66,23.75,368800
480,2001-12-03,23.76,23.9,23.700001,23.85,587200
481,2001-12-04,23.85,24.200001,23.58,24.1,514000
482,2001-12-05,23.85,25.799999,23.85,25.639999,929500
483,2001-12-06,25.65,27.0,25.4,26.459999,742500
484,2001-12-07,26.459999,26.75,25.9,26.1,672000
485,2001-12-10,26.049999,26.4,25.4,25.5,339900
486,2001-12-11,25.700001,25.950001,25.299999,25.35,283700
487,2001-12-12,25.27,25.940001,25.129999,25.799999,232500
488,2001-12-13,25.549999,25.549999,24.52,24.52,612100
489,2001-12-14,24.6,25.389999,24.25,25.23,476900
490,2001-12-17,25.25,25.700001,24.65,24.940001,460200
491,2001-12-18,25.0,25.25,24.9,25.200001,433300
492,2001-12-19,25.209999,25.209999,24.440001,24.5,395400
493,2001-12-20,24.6,24.6,23.6,23.74,532500
494,2001-12-21,23.74,24.35,23.719999,24.35,307300
495,2001-12-24,24.34,24.5,24.01,24.49,83600
496,2001-12-26,24.49,25.1,24.43,24.73,202900
497,2001-12-27,24.74,25.59,24.74,25.51,499000
498,2001-12-28,25.629999,26.0,25.4,25.91,373500
499,2001-12-31,25.75,25.75,25.25,25.469999,371200
500,2002-01-02,25.57,25.74,25.0,25.65,378100
501,2002-01-03,25.780001,26.65,25.700001,26.65,438700
502,2002-01-04,26.9,27.4,26.5,27.219999,371500
503,2002-01-07,27.1,27.35,26.9,26.9,398200
504,2002-01-08,26.9,27.280001,26.709999,27.049999,411500
505,2002-01-09,26.950001,27.200001,26.1,26.15,703500
506,2002-01-10,26.0,26.049999,25.200001,25.450001,860900
507,2002-01-11,25.5,25.620001,24.469999,24.700001,492800
508,2002-01-14,24.709999,24.93,24.1,24.139999,611800
509,2002-01-15,24.139999,24.610001,23.809999,24.15,369800
510,2002-01-16,24.15,24.16,23.719999,23.85,466100
511,2002-01-17,23.969999,24.0,23.299999,23.860001,499000
512,2002-01-18,23.860001,24.15,23.559999,23.860001,457100
513,2002-01-22,24.0,24.0,22.549999,22.98,402500
514,2002-01-23,22.98,23.85,22.799999,23.85,471800
515,2002-01-24,23.85,24.530001,23.82,24.15,317700
516,2002-01-25,24.1,25.1,23.809999,25.01,436600
517,2002-01-28,25.0,25.700001,25.0,25.66,678100
518,2002-01-29,25.85,26.27,25.17,25.18,710800
519,2002-01-30,25.299999,25.700001,25.049999,25.6,449100
520,2002-01-31,26.0,26.65,25.959999,26.65,562500
521,2002-02-01,26.700001,26.700001,26.030001,26.110001,413900
522,2002-02-04,26.059999,26.5,25.75,25.889999,382100
523,2002-02-05,26.1,26.1,25.639999,25.68,646200
524,2002-02-06,25.75,25.9,25.389999,25.6,647900
525,2002-02-07,25.700001,25.790001,25.110001,25.120001,459800
526,2002-02-08,25.120001,25.4,24.9,25.200001,556100
527,2002-02-11,25.35,26.48,25.35,26.209999,501000
528,2002-02-12,26.219999,26.75,25.65,26.27,506200
529,2002-02-13,26.4,26.91,26.1,26.190001,363600
530,2002-02-14,26.15,26.34,25.82,25.860001,550800
531,2002-02-15,25.799999,25.82,25.370001,25.639999,303000
532,2002-02-19,25.58,25.77,25.1,25.42,288200
533,2002-02-20,25.940001,26.0,24.959999,25.700001,520400
534,2002-02-21,25.66,25.77,24.9,25.0,408400
535,2002-02-22,25.049999,25.99,24.83,25.860001,711000
536,2002-02-25,25.9,26.83,25.9,26.59,426200
537,2002-02-26,26.780001,26.780001,25.75,26.26,303800
538,2002-02-27,26.43,26.65,26.1,26.459999,625800
539,2002-02-28,26.559999,26.73,26.16,26.26,660800
540,2002-03-01,26.299999,26.75,26.299999,26.629999,709600
541,2002-03-04,26.700001,27.76,26.65,27.440001,1270400
542,2002-03-05,27.440001,28.25,27.4,27.98,485700
543,2002-03-06,28.219999,28.379999,27.379999,28.25,535500
544,2002-03-07,28.450001,28.6,27.9,28.23,501400
545,2002-03-08,28.48,29.24,28.4,29.059999,624700
546,2002-03-11,28.950001,28.950001,28.35,28.5,545800
547,2002-03-12,28.450001,28.450001,27.74,28.0,529500
548,2002-03-13,28.0,28.0,27.290001,27.5,498600
549,2002-03-14,27.6,27.9,27.25,27.4,307600
550,2002-03-15,27.67,28.040001,27.200001,27.68,636600
551,2002-03-18,27.75,27.889999,27.299999,27.48,178100
552,2002-03-19,27.68,27.879999,27.33,27.629999,273300
553,2002-03-20,27.629999,27.700001,27.02,27.25,233500
554,2002-03-21,27.299999,27.48,26.75,27.290001,403000
555,2002-03-22,27.35,27.4,27.049999,27.08,235600
556,2002-03-25,27.0,27.299999,26.02,26.139999,639700
557,2002-03-26,26.389999,26.91,26.360001,26.870001,337800
558,2002-03-27,26.969999,27.25,26.780001,26.950001,500000
559,2002-03-28,27.450001,27.49,26.959999,27.059999,427600
560,2002-04-01,27.059999,27.299999,26.51,27.219999,809500
561,2002-04-02,27.219999,27.219999,26.780001,26.860001,499100
562,2002-04-03,26.9,27.15,26.25,26.25,599100
563,2002-04-04,26.290001,27.139999,26.200001,27.1,470900
564,2002-04-05,27.5,27.58,27.16,27.389999,407600
565,2002-04-08,27.25,27.360001,26.700001,27.24,381300
566,2002-04-09,27.24,27.690001,26.91,27.4,560600
567,2002-04-10,27.459999,28.43,27.379999,28.42,765700
568,2002-04-11,28.4,28.4,27.450001,27.610001,347300
569,2002-04-12,27.629999,27.65,26.92,27.360001,420100
570,2002-04-15,27.360001,27.76,26.879999,27.35,307700
571,2002-04-16,27.530001,28.440001,27.530001,28.370001,369200
572,2002-04-17,28.0,28.4,27.879999,28.290001,610700
573,2002-04-18,28.450001,28.540001,27.969999,28.190001,552800
574,2002-04-19,28.07,28.200001,27.73,27.9,294200
575,2002-04-22,27.9,27.9,27.110001,27.32,235700
576,2002-04-23,27.48,27.85,27.389999,27.530001,301200
577,2002-04-24,27.4,27.450001,25.85,25.950001,758500
578,2002-04-25,25.809999,26.299999,25.799999,26.09,607100
579,2002-04-26,26.1,26.25,25.1,25.41,702400
580,2002-04-29,25.209999,25.57,25.0,25.24,435900
581,2002-04-30,25.18,25.940001,25.18,25.620001,631800
582,2002-05-01,25.620001,25.719999,24.73,25.23,674500
583,2002-05-02,25.280001,25.790001,24.51,24.57,839700
584,2002-05-03,24.59,24.85,23.83,24.09,674600
585,2002-05-06,24.09,24.469999,23.629999,23.709999,431000
586,2002-05-07,23.809999,23.85,23.190001,23.639999,473200
587,2002-05-08,24.049999,24.77,24.040001,24.6,1359000
588,2002-05-09,24.6,24.6,23.82,23.879999,431500
589,2002-05-10,24.030001,24.190001,23.1,23.27,328600
590,2002-05-13,23.27,24.17,23.049999,24.0,687100
591,2002-05-14,24.4,25.6,24.4,25.139999,938300
592,2002-05-15,24.93,25.59,24.74,24.940001,737200
593,2002-05-16,25.0,25.08,24.620001,24.77,282600
594,2002-05-17,24.85,25.200001,24.68,25.049999,378100
595,2002-05-20,25.049999,25.059999,24.5,24.65,224400
596,2002-05-21,24.9,24.950001,24.030001,24.17,229800
597,2002-05-22,24.16,24.530001,23.82,24.129999,316400
598,2002-05-23,24.0,24.379999,23.92,24.24,413200
599,2002-05-24,24.0,24.0,23.58,23.65,318300
600,2002-05-28,23.65,23.73,23.040001,23.52,415000
601,2002-05-29,23.27,23.5,23.01,23.08,246600
602,2002-05-30,22.92,23.25,22.67,23.25,478800
603,2002-05-31,23.299999,23.5,23.1,23.129999,362600
604,2002-06-03,22.950001,22.950001,21.74,21.77,511500
605,2002-06-04,21.77,22.0,21.540001,22.0,494900
606,2002-06-05,22.1,22.200001,21.75,21.879999,442100
607,2002-06-06,21.780001,21.83,21.4,21.549999,329600
608,2002-06-07,21.040001,21.280001,20.6,21.18,809900
609,2002-06-10,21.299999,22.0,21.040001,21.67,581400
610,2002-06-11,21.75,21.98,20.450001,20.450001,1256600
611,2002-06-12,19.85,19.860001,18.129999,18.950001,2134700
612,2002-06-13,18.91,19.65,18.469999,19.41,1017100
613,2002-06-14,19.16,20.17,18.91,20.17,948800
614,2002-06-17,20.35,21.049999,20.16,20.870001,454700
615,2002-06-18,20.57,21.280001,20.52,20.530001,638200
616,2002-06-19,20.120001,20.610001,19.98,19.98,519200
617,2002-06-20,19.98,20.23,19.530001,19.549999,407300
618,2002-06-21,19.299999,19.700001,19.139999,19.49,781500
619,2002-06-24,19.450001,20.110001,19.35,19.9,977000
620,2002-06-25,20.1,20.5,20.0,20.18,1000800
621,2002-06-26,19.799999,20.389999,19.719999,20.18,723100
622,2002-06-27,20.4,21.08,20.4,20.870001,614600
623,2002-06-28,20.870001,22.120001,20.780001,21.99,644300
624,2002-07-01,21.719999,21.950001,21.41,21.6,822900
625,2002-07-02,21.549999,21.549999,19.49,19.52,719500
626,2002-07-03,19.6,19.700001,18.58,19.209999,1053800
627,2002-07-05,19.690001,21.049999,19.690001,21.049999,262000
628,2002-07-08,21.049999,21.139999,19.940001,20.1,756100
629,2002-07-09,20.360001,20.549999,19.969999,19.969999,468000
630,2002-07-10,20.030001,20.059999,19.24,19.370001,360600
631,2002-07-11,19.35,20.33,18.799999,20.25,664800
632,2002-07-12,20.299999,20.68,19.57,20.120001,566400
633,2002-07-15,19.4,20.25,18.82,19.48,1533000
634,2002-07-16,19.49,19.85,19.16,19.25,1375500
635,2002-07-17,19.5,19.75,18.809999,19.209999,918000
636,2002-07-18,19.09,19.35,18.959999,18.99,745000
637,2002-07-19,18.98,19.07,18.700001,18.91,722800
638,2002-07-22,18.65,18.969999,17.82,18.110001,1077100
639,2002-07-23,18.1,18.4,17.15,17.5,560300
640,2002-07-24,16.9,17.219999,16.5,17.049999,923700
641,2002-07-25,17.059999,17.25,16.190001,16.5,679500
642,2002-07-26,16.48,16.76,15.56,15.9,971100
643,2002-07-29,16.5,17.4,16.450001,17.4,767800
644,2002-07-30,17.4,17.540001,16.9,17.15,739800
645,2002-07-31,17.120001,17.120001,16.360001,16.700001,585100
646,2002-08-01,16.65,16.809999,15.85,16.07,840100
647,2002-08-02,16.07,16.07,15.08,15.38,502400
648,2002-08-05,15.11,15.12,14.3,14.35,853400
649,2002-08-06,14.25,15.29,14.16,14.95,810200
650,2002-08-07,15.3,15.65,14.73,15.32,528600
651,2002-08-08,15.35,16.23,14.88,16.129999,731700
652,2002-08-09,16.1,16.1,15.35,15.89,433600
653,2002-08-12,15.79,15.79,15.2,15.41,408300
654,2002-08-13,15.21,15.86,14.48,14.61,1153200
655,2002-08-14,14.65,15.37,14.3,15.37,791500
656,2002-08-15,15.95,16.049999,15.52,16.01,543200
657,2002-08-16,16.1,17.0,15.94,16.700001,643400
658,2002-08-19,16.700001,17.190001,16.620001,17.01,330000
659,2002-08-20,17.200001,17.200001,16.6,16.870001,473300
660,2002-08-21,16.879999,17.25,16.74,17.18,329900
661,2002-08-22,17.18,17.66,16.950001,17.5,395600
662,2002-08-23,17.469999,17.469999,16.76,16.77,361200
663,2002-08-26,16.700001,16.9,16.120001,16.700001,660700
664,2002-08-27,16.709999,16.709999,15.87,15.87,580400
665,2002-08-28,15.84,15.93,15.38,15.89,635100
666,2002-08-29,15.49,16.030001,15.25,15.85,299000
667,2002-08-30,15.83,15.87,15.4,15.48,461800
668,2002-09-03,15.15,15.31,14.62,14.64,438600
669,2002-09-04,14.62,14.96,14.31,14.92,727100
670,2002-09-05,14.6,14.6,14.13,14.14,495800
671,2002-09-06,14.21,14.54,14.16,14.4,620000
672,2002-09-09,14.4,14.5,13.85,14.28,762400
673,2002-09-10,14.29,14.86,14.28,14.61,581100
674,2002-09-11,14.68,14.85,14.25,14.26,375400
675,2002-09-12,14.22,14.22,13.5,13.71,652000
676,2002-09-13,13.61,13.9,13.45,13.75,535600
677,2002-09-16,13.8,13.8,13.42,13.5,430700
678,2002-09-17,13.5,13.75,13.2,13.39,636200
679,2002-09-18,13.31,13.31,12.75,12.97,436100
680,2002-09-19,13.0,13.35,12.98,13.0,512500
681,2002-09-20,13.2,13.2,12.7,12.91,985600
682,2002-09-23,12.82,12.83,12.05,12.15,524000
683,2002-09-24,12.16,12.26,11.57,11.61,1106500
684,2002-09-25,12.0,12.0,11.6,11.91,922700
685,2002-09-26,12.0,12.0,11.62,11.81,667900
686,2002-09-27,11.81,12.03,11.25,11.28,946700
687,2002-09-30,10.9,10.93,10.53,10.79,1820200
688,2002-10-01,10.79,11.13,10.56,11.11,992400
689,2002-10-02,11.15,11.47,10.79,10.85,1531400
690,2002-10-03,10.3,10.4,9.25,9.26,2413200
691,2002-10-04,9.3,9.33,7.78,8.35,2845900
692,2002-10-07,8.37,8.37,6.45,6.6,4733800
693,2002-10-08,7.2,7.21,6.05,6.95,3292600
694,2002-10-09,6.78,7.2,6.54,6.62,3813100
695,2002-10-10,7.0,7.0,5.84,6.58,3385600
696,2002-10-11,6.79,6.85,6.13,6.19,4218400
697,2002-10-14,6.0,6.34,5.87,6.2,1573900
698,2002-10-15,6.9,6.91,6.19,6.28,3220400
699,2002-10-16,6.2,6.21,5.55,5.96,2769500
700,2002-10-17,6.12,6.39,6.07,6.12,2101000
701,2002-10-18,6.2,6.43,6.0,6.2,1882300
702,2002-10-21,6.2,7.7,6.17,7.6,3035400
703,2002-10-22,7.5,7.8,7.15,7.3,3354200
704,2002-10-23,7.3,7.6,7.21,7.51,2348200
705,2002-10-24,7.61,8.38,7.58,8.0,2833600
706,2002-10-25,8.01,9.0,8.01,8.84,2963900
707,2002-10-28,9.0,9.63,9.0,9.23,2103800
708,2002-10-29,9.35,9.39,8.71,9.12,1969600
709,2002-10-30,9.13,9.62,9.04,9.43,1380800
710,2002-10-31,9.33,9.65,9.06,9.3,1290600
711,2002-11-01,8.95,9.35,8.9,9.2,2529000
712,2002-11-04,9.45,10.25,9.45,9.87,2560600
713,2002-11-05,9.88,10.0,9.63,9.88,1855500
714,2002-11-06,9.89,10.4,9.73,10.26,1488000
715,2002-11-07,10.0,10.0,9.2,9.23,1872500
716,2002-11-08,8.9,9.2,8.65,8.69,2320600
717,2002-11-11,8.69,8.69,8.16,8.41,1069700
718,2002-11-12,8.41,8.95,8.4,8.95,974400
719,2002-11-13,8.74,9.06,8.42,8.77,953400
720,2002-11-14,8.9,9.23,8.85,9.19,510100
721,2002-11-15,9.04,9.25,8.89,9.21,520000
722,2002-11-18,9.25,9.77,9.25,9.6,876500
723,2002-11-19,9.6,9.94,9.4,9.63,969100
724,2002-11-20,9.63,10.1,9.61,9.81,654200
725,2002-11-21,9.98,11.2,9.98,11.11,1946800
726,2002-11-22,11.07,11.8,10.84,11.72,1240700
727,2002-11-25,11.8,13.31,11.77,13.25,2977000
728,2002-11-26,13.25,13.53,12.86,13.05,2277600
729,2002-11-27,13.07,14.1,13.05,14.1,1010600
730,2002-11-29,14.05,14.42,13.85,14.15,515500
731,2002-12-02,14.19,14.75,13.25,13.41,1224500
732,2002-12-03,13.2,13.2,12.72,12.93,1052200
733,2002-12-04,12.65,12.65,11.33,11.8,1455100
734,2002-12-05,11.9,12.05,11.3,11.49,963400
735,2002-12-06,11.46,11.46,11.06,11.27,727300
736,2002-12-09,11.25,11.26,10.55,10.69,1058400
737,2002-12-10,10.65,11.53,10.45,11.37,1853700
738,2002-12-11,11.33,11.68,10.8,11.26,890900
739,2002-12-12,11.22,11.73,11.21,11.6,989000
740,2002-12-13,11.52,11.8,11.33,11.6,943300
741,2002-12-16,11.2,11.9,11.2,11.73,1282200
742,2002-12-17,12.35,12.45,11.97,12.17,1328900
743,2002-12-18,11.96,11.96,11.3,11.45,839500
744,2002-12-19,11.39,11.77,10.84,11.13,857100
745,2002-12-20,11.14,11.42,10.95,11.32,600100
746,2002-12-23,11.05,11.36,11.05,11.3,536200
747,2002-12-24,11.2,11.29,10.95,11.14,318200
748,2002-12-26,11.12,11.45,10.87,11.03,448900
749,2002-12-27,10.93,11.16,10.76,10.84,476300
750,2002-12-30,10.6,10.92,10.51,10.75,575500
751,2002-12-31,10.56,11.18,10.56,10.83,737300
752,2003-01-02,11.05,11.55,10.83,11.49,584900
753,2003-01-03,11.45,11.64,11.13,11.29,577700
754,2003-01-06,11.46,12.1,11.46,11.85,785400
755,2003-01-07,11.86,12.17,11.77,12.0,697300
756,2003-01-08,11.78,11.84,11.42,11.6,540300
757,2003-01-09,11.65,11.98,11.32,11.59,592400
758,2003-01-10,11.59,12.47,11.45,12.37,684000
759,2003-01-13,12.48,13.0,12.19,12.35,949700
760,2003-01-14,12.28,12.76,12.13,12.55,555900
761,2003-01-15,12.25,12.45,11.73,12.02,510200
762,2003-01-16,12.02,12.32,11.47,11.5,652400
763,2003-01-17,11.48,11.48,10.91,11.0,518400
764,2003-01-21,11.02,11.21,10.7,10.75,430200
765,2003-01-22,10.75,10.8,10.45,10.66,500700
766,2003-01-23,10.73,10.84,10.25,10.57,555500
767,2003-01-24,10.65,11.01,10.4,10.74,945300
768,2003-01-27,10.64,10.79,10.25,10.66,1099400
769,2003-01-28,10.9,11.0,10.44,10.77,1354000
770,2003-01-29,10.7,10.8,10.4,10.4,1997100
771,2003-01-30,10.5,10.59,10.0,10.17,756700
772,2003-01-31,10.17,10.39,9.75,10.39,1217700
773,2003-02-03,10.69,11.25,10.54,10.89,1518800
774,2003-02-04,10.84,11.0,10.54,10.69,1156000
775,2003-02-05,10.79,11.02,10.5,10.68,730000
776,2003-02-06,10.6,10.98,10.52,10.6,640800
777,2003-02-07,10.6,10.66,10.31,10.44,478800
778,2003-02-10,10.41,10.59,10.37,10.58,1150000
779,2003-02-11,10.58,10.62,10.19,10.32,612200
780,2003-02-12,10.22,10.41,10.08,10.13,627000
781,2003-02-13,10.2,10.25,9.31,9.71,1099500
782,2003-02-14,9.65,9.96,9.62,9.79,1183700
783,2003-02-18,10.0,10.32,9.94,10.22,831300
784,2003-02-19,10.12,10.3,10.05,10.3,732600
785,2003-02-20,10.32,10.43,10.12,10.25,789700
786,2003-02-21,10.21,10.36,10.02,10.31,496000
787,2003-02-24,10.25,10.25,9.91,10.01,546400
788,2003-02-25,10.02,10.04,9.67,10.03,626900
789,2003-02-26,10.03,10.13,9.45,9.8,655200
790,2003-02-27,9.74,10.13,9.6,10.1,756700
791,2003-02-28,10.2,10.5,10.11,10.3,606600
792,2003-03-03,10.34,10.49,9.9,9.95,940100
793,2003-03-04,9.92,10.0,9.46,9.89,645700
794,2003-03-05,9.79,10.1,9.58,9.77,766700
795,2003-03-06,9.76,9.93,9.58,9.85,545400
796,2003-03-07,9.77,10.1,9.71,10.05,703300
797,2003-03-10,9.85,10.05,9.72,9.72,564300
798,2003-03-11,9.72,9.95,9.6,9.61,533200
799,2003-03-12,9.71,10.08,9.71,10.02,600800
800,2003-03-13,10.12,10.5,9.99,10.49,665800
801,2003-03-14,10.52,10.7,10.0,10.19,747900
802,2003-03-17,10.09,11.28,10.03,11.25,799600
803,2003-03-18,11.22,11.23,10.87,11.0,531200
804,2003-03-19,11.0,11.0,10.57,10.89,221700
805,2003-03-20,10.83,11.23,10.64,11.1,605500
806,2003-03-21,11.15,11.4,10.74,11.4,911000
807,2003-03-24,11.4,11.4,10.5,10.9,546500
808,2003-03-25,10.9,11.03,10.55,10.95,222400
809,2003-03-26,10.88,10.88,10.61,10.8,336800
810,2003-03-27,10.81,11.04,10.65,10.8,310600
811,2003-03-28,10.81,10.89,10.69,10.75,408600
812,2003-03-31,10.65,10.65,10.26,10.48,677400
813,2003-04-01,10.45,10.58,10.24,10.44,574800
814,2003-04-02,10.85,11.18,10.77,11.12,240300
815,2003-04-03,11.12,11.2,10.71,10.76,617100
816,2003-04-04,10.78,10.93,10.47,10.61,357600
817,2003-04-07,10.73,11.28,10.73,10.83,268500
818,2003-04-08,10.87,10.88,10.4,10.74,438600
819,2003-04-09,10.71,10.9,10.55,10.65,908200
820,2003-04-10,10.62,10.91,10.55,10.84,317700
821,2003-04-11,10.88,10.99,10.42,10.54,266600
822,2003-04-14,10.54,11.12,10.53,11.03,390800
823,2003-04-15,10.8,11.01,10.76,11.0,335700
824,2003-04-16,11.06,11.54,11.06,11.27,542800
825,2003-04-17,11.27,11.85,11.27,11.69,696000
826,2003-04-21,11.79,12.0,11.62,12.0,734900
827,2003-04-22,11.97,12.6,11.74,12.38,669300
828,2003-04-23,12.28,13.15,12.23,13.08,794800
829,2003-04-24,13.0,13.15,12.6,12.72,543000
830,2003-04-25,12.6,12.7,12.16,12.41,1147800
831,2003-04-28,12.34,13.0,12.3,12.69,532100
832,2003-04-29,12.69,13.25,12.69,12.84,508300
833,2003-04-30,12.8,12.99,12.53,12.75,449200
834,2003-05-01,12.65,12.66,12.2,12.46,602800
835,2003-05-02,12.44,12.66,12.34,12.51,775400
836,2003-05-05,12.51,12.52,11.53,12.48,1352000
837,2003-05-06,12.47,12.56,12.31,12.46,651600
838,2003-05-07,12.36,12.55,12.1,12.5,676300
839,2003-05-08,12.4,12.63,12.37,12.5,845400
840,2003-05-09,12.47,12.85,12.47,12.65,634000
841,2003-05-12,12.55,13.1,12.4,12.95,711000
842,2003-05-13,12.8,12.8,12.48,12.48,777800
843,2003-05-14,12.65,12.69,12.39,12.47,393000
844,2003-05-15,12.56,12.65,12.21,12.35,680300
845,2003-05-16,12.37,12.64,12.32,12.5,346600
846,2003-05-19,12.3,12.46,11.7,11.88,605900
847,2003-05-20,11.95,12.25,11.7,11.85,485400
848,2003-05-21,11.88,11.99,11.67,11.85,340800
849,2003-05-22,11.82,12.14,11.71,11.89,673900
850,2003-05-23,11.9,11.96,11.77,11.9,333300
851,2003-05-27,11.8,12.45,11.72,12.38,604700
852,2003-05-28,12.3,12.82,12.27,12.81,782500
853,2003-05-29,12.81,13.03,12.62,12.83,643800
854,2003-05-30,13.0,13.6,13.0,13.6,696700
855,2003-06-02,13.6,13.75,13.35,13.49,806400
856,2003-06-03,13.42,13.49,13.15,13.4,383600
857,2003-06-04,13.41,13.78,13.15,13.69,566700
858,2003-06-05,13.6,13.61,13.23,13.57,561500
859,2003-06-06,13.95,14.53,13.95,14.02,804600
860,2003-06-09,13.98,13.99,13.17,13.2,430000
861,2003-06-10,13.25,13.88,13.14,13.88,368500
862,2003-06-11,13.8,13.8,13.17,13.3,564200
863,2003-06-12,13.4,13.6,13.25,13.35,456600
864,2003-06-13,13.31,13.48,12.5,12.53,1189800
865,2003-06-16,12.75,13.2,12.4,13.16,936300
866,2003-06-17,13.34,13.34,12.65,12.65,457500
867,2003-06-18,12.7,12.87,12.35,12.73,849900
868,2003-06-19,12.73,13.04,12.51,12.56,543700
869,2003-06-20,12.64,12.64,11.91,11.98,912800
870,2003-06-23,12.03,12.16,11.8,12.0,776200
871,2003-06-24,11.95,12.09,11.87,11.9,799400
872,2003-06-25,11.97,12.5,11.93,11.98,738800
873,2003-06-26,12.0,12.54,11.95,12.25,849300
874,2003-06-27,12.35,12.67,12.35,12.39,590400
875,2003-06-30,12.62,12.75,12.19,12.68,931300
876,2003-07-01,12.68,12.95,12.02,12.9,1093000
877,2003-07-02,12.9,13.4,12.71,13.27,626400
878,2003-07-03,13.27,13.31,13.0,13.05,551900
879,2003-07-07,13.2,13.55,13.17,13.44,608900
880,2003-07-08,13.44,13.58,13.22,13.38,531300
881,2003-07-09,13.4,13.9,13.4,13.7,432500
882,2003-07-10,13.33,13.33,12.89,12.89,666300
883,2003-07-11,13.12,13.6,13.12,13.4,554300
884,2003-07-14,13.5,14.03,13.48,13.72,556700
885,2003-07-15,13.78,13.9,13.42,13.55,521900
886,2003-07-16,13.61,13.89,13.42,13.7,689600
887,2003-07-17,13.71,13.76,13.28,13.36,753900
888,2003-07-18,13.36,13.55,13.16,13.42,641700
889,2003-07-21,13.43,13.5,13.19,13.32,464100
890,2003-07-22,13.3,13.67,13.15,13.56,692600
891,2003-07-23,13.61,13.7,13.02,13.5,817700
892,2003-07-24,13.8,14.26,13.75,13.9,655800
893,2003-07-25,13.85,13.93,13.3,13.69,1163200
894,2003-07-28,13.79,14.53,13.73,14.52,913800
895,2003-07-29,14.52,14.93,14.01,14.46,957800
896,2003-07-30,14.46,14.59,14.25,14.4,780400
897,2003-07-31,14.47,14.87,14.39,14.4,681300
898,2003-08-01,14.35,14.48,14.22,14.4,481000
899,2003-08-04,14.44,14.56,14.13,14.53,506300
900,2003-08-05,14.33,14.34,13.61,13.75,947200
901,2003-08-06,13.75,13.91,13.48,13.55,955600
902,2003-08-07,13.25,13.28,12.18,12.5,1790200
903,2003-08-08,12.65,13.03,12.52,12.86,936400
904,2003-08-11,12.9,13.29,12.9,13.2,417300
905,2003-08-12,13.0,13.73,12.9,13.7,948500
906,2003-08-13,13.71,14.01,13.32,13.75,526700
907,2003-08-14,13.85,14.2,13.7,14.18,497900
908,2003-08-15,14.18,14.35,14.01,14.1,321200
909,2003-08-18,14.3,14.72,14.18,14.72,812000
910,2003-08-19,14.75,15.76,14.75,15.68,1802700
911,2003-08-20,15.4,15.89,15.2,15.65,1136700
912,2003-08-21,15.95,17.299999,15.9,16.950001,2140100
913,2003-08-22,17.299999,17.639999,17.049999,17.110001,2134000
914,2003-08-25,16.860001,16.9,16.1,16.469999,1418500
915,2003-08-26,16.4,16.4,15.76,16.18,976700
916,2003-08-27,16.25,16.889999,16.23,16.809999,721400
917,2003-08-28,16.92,17.75,16.42,17.6,1183700
918,2003-08-29,17.6,18.41,17.459999,18.049999,993600
919,2003-09-02,18.200001,18.5,17.690001,18.32,1047500
920,2003-09-03,18.32,18.540001,17.799999,17.799999,810500
921,2003-09-04,17.870001,18.48,17.68,18.41,1001000
922,2003-09-05,18.35,18.5,17.959999,18.16,706000
923,2003-09-08,18.25,18.82,18.15,18.690001,699300
924,2003-09-09,18.450001,18.540001,18.15,18.299999,852000
925,2003-09-10,18.299999,18.299999,17.15,17.25,1478500
926,2003-09-11,17.23,17.629999,16.889999,17.43,794000
927,2003-09-12,17.43,17.9,17.200001,17.9,847500
928,2003-09-15,17.9,17.99,17.49,17.620001,743400
929,2003-09-16,17.790001,17.99,17.52,17.99,908100
930,2003-09-17,18.0,18.4,17.83,18.09,439900
931,2003-09-18,18.09,18.299999,17.67,18.18,588100
932,2003-09-19,18.18,18.299999,17.950001,18.209999,664600
933,2003-09-22,17.9,17.98,17.559999,17.65,506100
934,2003-09-23,17.65,17.83,17.459999,17.77,583400
935,2003-09-24,17.82,17.99,17.219999,17.23,643500
936,2003-09-25,17.549999,17.700001,16.959999,17.030001,1345700
937,2003-09-26,17.030001,17.34,16.610001,16.610001,1120900
938,2003-09-29,16.639999,17.280001,16.639999,17.280001,720800
939,2003-09-30,16.950001,17.01,16.48,16.52,872600
940,2003-10-01,16.299999,16.889999,16.27,16.82,513900
941,2003-10-02,16.84,17.07,16.75,16.75,717100
942,2003-10-03,17.01,17.6,17.01,17.41,475300
943,2003-10-06,17.41,17.879999,17.41,17.59,462800
944,2003-10-07,17.450001,17.99,17.450001,17.860001,558500
945,2003-10-08,18.0,18.299999,18.0,18.17,774100
946,2003-10-09,18.299999,19.09,18.299999,18.5,751200
947,2003-10-10,18.450001,18.809999,18.450001,18.690001,312400
948,2003-10-13,18.889999,19.059999,18.540001,18.690001,586400
949,2003-10-14,18.629999,18.700001,18.450001,18.6,728300
950,2003-10-15,18.75,19.0,18.309999,18.42,691200
951,2003-10-16,18.299999,18.700001,18.15,18.360001,514800
952,2003-10-17,18.299999,18.51,17.82,17.940001,601100
953,2003-10-20,18.17,18.290001,18.040001,18.15,488800
954,2003-10-21,18.35,18.91,18.25,18.43,492300
955,2003-10-22,18.280001,18.280001,17.629999,17.75,1128900
956,2003-10-23,17.620001,17.780001,17.049999,17.4,618500
957,2003-10-24,17.049999,17.33,16.85,17.33,706500
958,2003-10-27,17.33,17.870001,17.139999,17.58,436600
959,2003-10-28,17.65,18.440001,17.6,18.389999,939300
960,2003-10-29,18.360001,18.469999,18.0,18.33,851400
961,2003-10-30,18.709999,18.82,18.280001,18.67,495900
962,2003-10-31,19.0,19.6,18.9,19.4,1377700
963,2003-11-03,19.549999,20.440001,19.450001,20.209999,1159000
964,2003-11-04,20.299999,21.4,20.290001,21.049999,1172300
965,2003-11-05,21.030001,21.530001,20.799999,21.530001,1010200
966,2003-11-06,21.469999,21.469999,21.030001,21.41,948400
967,2003-11-07,21.5,21.940001,21.4,21.780001,654600
968,2003-11-10,21.790001,21.799999,20.93,21.030001,724000
969,2003-11-11,21.0,21.0,20.639999,20.639999,671500
970,2003-11-12,20.200001,21.57,20.200001,21.530001,909300
971,2003-11-13,21.450001,21.530001,20.92,21.18,392700
972,2003-11-14,21.200001,21.309999,20.459999,20.49,503100
973,2003-11-17,19.75,20.08,19.190001,19.559999,914600
974,2003-11-18,19.780001,20.389999,19.719999,20.18,813000
975,2003-11-19,20.059999,20.450001,20.02,20.450001,695600
976,2003-11-20,20.25,20.629999,20.059999,20.17,576600
977,2003-11-21,20.200001,20.610001,20.059999,20.459999,606600
978,2003-11-24,20.709999,20.76,20.27,20.76,757900
979,2003-11-25,20.76,21.200001,20.6,21.139999,450000
980,2003-11-26,21.139999,21.700001,21.02,21.190001,402800
981,2003-11-28,20.959999,21.35,20.959999,21.33,185500
982,2003-12-01,21.33,21.68,21.16,21.67,370300
983,2003-12-02,21.42,21.790001,21.24,21.700001,819300
984,2003-12-03,21.950001,22.33,21.83,22.059999,917900
985,2003-12-04,22.059999,22.309999,21.92,22.280001,745300
986,2003-12-05,21.969999,22.01,21.59,21.620001,638800
987,2003-12-08,21.620001,22.200001,21.620001,22.200001,399900
988,2003-12-09,22.200001,22.209999,20.799999,21.41,659400
989,2003-12-10,21.41,21.68,21.0,21.57,794800
990,2003-12-11,21.629999,22.34,21.48,22.33,451100
991,2003-12-12,22.24,22.299999,21.73,22.25,536500
992,2003-12-15,22.42,22.6,21.059999,21.1,683200
993,2003-12-16,21.01,21.23,20.719999,21.190001,521900
994,2003-12-17,21.200001,21.43,20.75,21.299999,834000
995,2003-12-18,21.25,21.74,21.08,21.440001,617600
996,2003-12-19,21.5,21.67,21.280001,21.4,509300
997,2003-12-22,21.299999,21.6,21.110001,21.24,443200
998,2003-12-23,21.219999,21.41,21.0,21.290001,507200
999,2003-12-24,21.290001,21.42,21.0,21.219999,220700
1000,2003-12-26,21.219999,21.43,21.09,21.110001,130300
1001,2003-12-29,21.35,21.959999,21.299999,21.85,530100
1002,2003-12-30,21.860001,21.98,21.719999,21.799999,346000
1003,2003-12-31,21.9,21.950001,21.459999,21.66,277300
1004,2004-01-02,21.74,21.879999,21.08,21.309999,501300
1005,2004-01-05,21.219999,21.639999,21.219999,21.549999,778800
1006,2004-01-06,21.450001,21.83,21.200001,21.540001,507600
1007,2004-01-07,21.4,21.540001,21.049999,21.299999,571500
1008,2004-01-08,21.389999,22.17,21.219999,22.1,724900
1009,2004-01-09,22.700001,23.219999,22.26,23.110001,1376400
1010,2004-01-12,23.360001,23.959999,23.360001,23.85,943300
1011,2004-01-13,23.889999,24.030001,23.129999,23.67,950100
1012,2004-01-14,23.98,24.25,23.879999,24.190001,718200
1013,2004-01-15,24.41,24.790001,23.530001,24.75,821600
1014,2004-01-16,25.299999,25.879999,25.1,25.82,1117500
1015,2004-01-20,25.610001,25.74,25.309999,25.530001,750100
1016,2004-01-21,25.290001,25.469999,24.57,25.469999,535600
1017,2004-01-22,25.370001,25.459999,24.879999,25.040001,634500
1018,2004-01-23,24.940001,25.6,24.379999,25.49,1029900
1019,2004-01-26,25.469999,25.57,25.01,25.450001,517600
1020,2004-01-27,25.280001,25.57,24.889999,25.57,560400
1021,2004-01-28,25.57,25.85,25.34,25.59,771900
1022,2004-01-29,25.700001,25.75,23.85,24.459999,762400
1023,2004-01-30,25.110001,27.52,25.110001,26.35,2543800
1024,2004-02-02,26.25,26.540001,25.639999,25.73,1266000
1025,2004-02-03,25.73,25.860001,25.34,25.43,1454000
1026,2004-02-04,25.299999,25.43,24.84,24.98,750400
1027,2004-02-05,24.98,25.280001,24.83,24.959999,609500
1028,2004-02-06,25.0,25.26,24.83,25.0,1041000
1029,2004-02-09,25.4,25.41,24.879999,24.889999,605000
1030,2004-02-10,25.07,25.25,24.91,25.0,849800
1031,2004-02-11,25.0,25.379999,24.860001,25.23,671700
1032,2004-02-12,25.27,25.290001,24.700001,24.719999,458600
1033,2004-02-13,25.299999,25.48,24.709999,25.01,519600
1034,2004-02-17,25.34,25.49,25.08,25.299999,621200
1035,2004-02-18,25.33,25.35,25.01,25.049999,516000
1036,2004-02-19,25.23,25.34,24.370001,24.370001,645900
1037,2004-02-20,24.379999,24.379999,23.389999,23.75,902200
1038,2004-02-23,23.83,23.889999,22.85,23.049999,482500
1039,2004-02-24,22.620001,23.27,22.559999,22.959999,545800
1040,2004-02-25,23.049999,23.27,22.860001,23.09,514100
1041,2004-02-26,23.1,23.76,22.870001,23.66,548600
1042,2004-02-27,23.91,24.02,23.4,23.549999,608200
1043,2004-03-01,22.5,22.940001,22.200001,22.41,2938800
1044,2004-03-02,22.41,23.1,22.32,22.98,4818100
1045,2004-03-03,22.98,23.07,22.68,22.870001,1221400
1046,2004-03-04,22.82,23.25,22.809999,22.9,1105900
1047,2004-03-05,22.360001,23.629999,22.360001,23.42,1188700
1048,2004-03-08,23.219999,23.700001,22.620001,22.719999,1371600
1049,2004-03-09,22.809999,23.0,22.33,22.49,813200
1050,2004-03-10,22.690001,22.940001,22.18,22.620001,1132900
1051,2004-03-11,22.07,22.82,22.059999,22.120001,601300
1052,2004-03-12,22.370001,22.620001,22.200001,22.35,840500
1053,2004-03-15,22.34,22.35,21.18,21.610001,662500
1054,2004-03-16,22.110001,22.34,21.66,22.0,771200
1055,2004-03-17,22.01,22.82,22.01,22.73,508300
1056,2004-03-18,22.719999,22.889999,22.139999,22.5,574600
1057,2004-03-19,22.629999,22.700001,22.370001,22.379999,372100
1058,2004-03-22,22.0,22.0,21.5,21.700001,717400
1059,2004-03-23,21.700001,22.17,21.65,21.77,1482600
1060,2004-03-24,21.780001,22.91,21.780001,22.370001,1446000
1061,2004-03-25,22.76,23.84,22.709999,23.57,1956000
1062,2004-03-26,23.35,24.129999,23.200001,23.860001,939400
1063,2004-03-29,23.870001,24.35,23.77,24.190001,742300
1064,2004-03-30,23.99,24.66,23.700001,24.440001,612100
1065,2004-03-31,24.440001,24.66,24.219999,24.49,1029900
1066,2004-04-01,24.59,25.0,24.49,25.0,719100
1067,2004-04-02,25.35,26.07,25.299999,26.0,1319500
1068,2004-04-05,26.25,26.34,25.379999,25.67,1275500
1069,2004-04-06,25.6,25.74,25.32,25.700001,420200
1070,2004-04-07,25.549999,26.0,25.4,25.68,773600
1071,2004-04-08,26.18,26.92,25.549999,25.82,976500
1072,2004-04-12,26.0,26.299999,25.629999,25.780001,575000
1073,2004-04-13,25.98,25.98,24.85,24.950001,722500
1074,2004-04-14,24.889999,25.540001,24.809999,24.889999,636600
1075,2004-04-15,25.049999,25.200001,23.92,24.51,691700
1076,2004-04-16,24.26,24.35,23.76,24.09,714600
1077,2004-04-19,23.889999,24.82,23.889999,24.700001,551000
1078,2004-04-20,24.700001,25.030001,23.91,23.959999,862000
1079,2004-04-21,23.940001,24.469999,23.84,24.290001,378700
1080,2004-04-22,24.440001,25.1,24.049999,24.950001,921600
1081,2004-04-23,25.0,25.4,24.9,25.040001,825400
1082,2004-04-26,25.1,25.15,24.450001,24.68,563200
1083,2004-04-27,24.68,24.799999,24.02,24.059999,604400
1084,2004-04-28,23.93,23.98,22.91,23.049999,888400
1085,2004-04-29,23.01,23.27,22.200001,22.459999,699700
1086,2004-04-30,23.969999,23.99,21.01,21.639999,2152100
1087,2004-05-03,21.66,21.780001,20.870001,21.280001,1966300
1088,2004-05-04,21.549999,21.959999,21.469999,21.799999,1553900
1089,2004-05-05,21.799999,22.299999,21.700001,21.98,1275400
1090,2004-05-06,21.99,22.15,21.76,22.030001,1528800
1091,2004-05-07,21.85,22.68,21.799999,22.110001,949200
1092,2004-05-10,21.860001,22.01,21.57,21.700001,1028100
1093,2004-05-11,21.950001,22.389999,21.940001,22.290001,907500
1094,2004-05-12,22.25,22.25,21.129999,21.65,1336100
1095,2004-05-13,21.799999,22.23,21.610001,21.799999,737800
1096,2004-05-14,21.75,21.940001,21.469999,21.559999,642600
1097,2004-05-17,21.35,21.629999,21.15,21.27,777400
1098,2004-05-18,22.02,22.32,21.74,22.02,1343600
1099,2004-05-19,22.1,22.879999,22.1,22.26,1001900
1100,2004-05-20,22.190001,22.309999,21.84,22.049999,726100
1101,2004-05-21,22.16,22.35,21.83,21.99,474500
1102,2004-05-24,22.35,22.48,22.08,22.389999,348000
1103,2004-05-25,22.15,22.540001,21.93,22.4,842300
1104,2004-05-26,22.4,23.059999,22.219999,22.700001,1023900
1105,2004-05-27,22.77,23.48,22.75,23.07,546100
1106,2004-05-28,22.969999,23.49,22.75,23.4,521500
1107,2004-06-01,23.1,23.200001,22.870001,23.17,684000
1108,2004-06-02,23.18,23.18,22.610001,22.75,551800
1109,2004-06-03,22.52,22.559999,21.969999,22.23,859600
1110,2004-06-04,22.370001,23.0,22.32,22.540001,616800
1111,2004-06-07,22.540001,23.190001,21.25,23.120001,674000
1112,2004-06-08,22.780001,23.139999,22.42,23.02,757200
1113,2004-06-09,22.82,22.950001,22.68,22.700001,1075700
1114,2004-06-10,22.700001,23.139999,22.51,23.0,676000
1115,2004-06-14,23.01,23.01,21.98,22.16,677800
1116,2004-06-15,22.280001,22.75,22.280001,22.690001,619400
1117,2004-06-16,22.58,22.68,22.02,22.27,385700
1118,2004-06-17,22.120001,22.15,21.33,21.51,1094000
1119,2004-06-18,21.25,21.75,21.25,21.48,985200
1120,2004-06-21,21.6,21.77,21.16,21.200001,941300
1121,2004-06-22,21.35,21.67,21.23,21.6,1070200
1122,2004-06-23,21.639999,22.280001,21.540001,22.200001,429600
1123,2004-06-24,22.24,22.549999,21.91,21.92,597800
1124,2004-06-25,22.1,22.66,22.1,22.51,532700
1125,2004-06-28,22.51,22.629999,21.99,22.049999,719400
1126,2004-06-29,21.99,22.370001,21.950001,22.33,691600
1127,2004-06-30,22.32,22.719999,22.0,22.700001,926100
1128,2004-07-01,22.709999,22.709999,20.9,21.15,1629800
1129,2004-07-02,21.190001,21.190001,20.780001,20.9,588800
1130,2004-07-06,20.85,20.9,20.200001,20.5,1105100
1131,2004-07-07,20.51,20.77,20.15,20.27,678300
1132,2004-07-08,20.26,20.639999,20.030001,20.08,760100
1133,2004-07-09,20.200001,20.620001,20.08,20.6,489400
1134,2004-07-12,20.32,20.32,19.4,19.67,1201900
1135,2004-07-13,19.65,20.09,19.65,20.08,667100
1136,2004-07-14,19.85,19.85,19.030001,19.17,1000300
1137,2004-07-15,19.32,19.92,19.15,19.74,1188700
1138,2004-07-16,19.76,19.76,19.059999,19.1,743500
1139,2004-07-19,19.15,19.32,18.969999,19.08,487600
1140,2004-07-20,18.99,19.360001,18.780001,19.32,792200
1141,2004-07-21,19.65,19.75,18.719999,18.780001,864400
1142,2004-07-22,18.58,19.190001,18.440001,19.049999,865100
1143,2004-07-23,19.01,19.02,18.389999,18.52,769700
1144,2004-07-26,18.51,18.84,18.299999,18.389999,518600
1145,2004-07-27,18.33,18.93,18.139999,18.879999,609200
1146,2004-07-28,18.799999,19.0,18.219999,18.870001,605200
1147,2004-07-29,19.200001,19.469999,18.77,19.27,719900
1148,2004-07-30,19.200001,19.799999,19.110001,19.42,581600
1149,2004-08-02,19.219999,19.75,19.200001,19.75,390600
1150,2004-08-03,19.57,19.58,18.75,18.75,788300
1151,2004-08-04,18.75,18.75,18.02,18.48,1421500
1152,2004-08-05,18.559999,19.129999,18.33,18.34,652600
1153,2004-08-06,18.139999,18.33,17.610001,17.809999,728700
1154,2004-08-09,17.92,18.200001,17.700001,17.809999,800600
1155,2004-08-10,17.950001,18.200001,17.700001,17.879999,623300
1156,2004-08-11,17.43,17.43,16.799999,17.15,1847900
1157,2004-08-12,17.15,17.209999,16.469999,16.65,2681300
1158,2004-08-13,16.9,16.9,16.120001,16.450001,1224400
1159,2004-08-16,16.6,16.99,16.35,16.51,1357100
1160,2004-08-17,16.75,17.059999,16.6,16.719999,1102500
1161,2004-08-18,16.700001,17.870001,16.67,17.549999,2157100
1162,2004-08-19,17.549999,17.549999,17.0,17.09,1062100
1163,2004-08-20,17.09,17.48,17.030001,17.43,840700
1164,2004-08-23,17.379999,17.469999,17.02,17.049999,1109200
1165,2004-08-24,16.98,17.08,16.6,16.690001,1158300
1166,2004-08-25,16.75,16.879999,16.440001,16.77,1164900
1167,2004-08-26,16.75,16.75,16.040001,16.16,1874000
1168,2004-08-27,16.16,16.24,15.89,16.0,1323800
1169,2004-08-30,16.030001,16.17,15.86,15.9,648500
1170,2004-08-31,16.1,16.1,15.66,15.88,1061000
1171,2004-09-01,15.98,16.4,15.8,16.049999,819300
1172,2004-09-02,16.059999,16.129999,15.74,16.02,859300
1173,2004-09-03,16.049999,16.08,15.73,15.95,1132600
1174,2004-09-07,15.95,16.25,15.9,16.09,1820800
1175,2004-09-08,16.1,16.24,15.71,15.77,1504500
1176,2004-09-09,15.75,16.690001,15.75,16.610001,1709000
1177,2004-09-10,16.6,17.040001,16.450001,17.0,663200
1178,2004-09-13,17.1,18.290001,17.1,18.02,1837800
1179,2004-09-14,18.030001,18.139999,17.700001,17.92,762300
1180,2004-09-15,17.639999,17.74,17.200001,17.370001,848800
1181,2004-09-16,17.4,17.690001,17.139999,17.469999,1060900
1182,2004-09-17,17.5,17.530001,17.07,17.32,923600
1183,2004-09-20,16.9,17.85,16.9,17.68,954600
1184,2004-09-21,17.5,17.73,17.299999,17.57,844500
1185,2004-09-22,17.5,17.58,17.32,17.35,764600
1186,2004-09-23,17.75,17.75,17.18,17.43,864400
1187,2004-09-24,17.35,17.49,17.059999,17.139999,780600
1188,2004-09-27,17.049999,17.09,16.75,16.9,647300
1189,2004-09-28,16.91,16.93,16.610001,16.690001,924100
1190,2004-09-29,16.75,17.33,16.719999,17.139999,748700
1191,2004-09-30,17.0,17.280001,17.0,17.120001,648400
1192,2004-10-01,17.35,18.0,17.219999,17.93,802000
1193,2004-10-04,18.35,18.389999,18.030001,18.1,953500
1194,2004-10-05,18.1,18.23,17.85,17.93,664300
1195,2004-10-06,18.0,18.01,17.690001,17.99,446900
1196,2004-10-07,17.98,18.32,17.940001,17.950001,868900
1197,2004-10-08,17.9,17.93,17.23,17.440001,1228700
1198,2004-10-11,17.450001,17.450001,16.84,17.08,1402400
1199,2004-10-12,16.85,16.93,16.52,16.84,976100
1200,2004-10-13,17.200001,17.5,16.9,16.92,808100
1201,2004-10-14,16.92,16.92,16.26,16.290001,692600
1202,2004-10-15,16.450001,16.49,16.07,16.25,893100
1203,2004-10-18,16.25,16.610001,16.129999,16.4,803600
1204,2004-10-19,16.5,16.620001,16.1,16.1,1014400
1205,2004-10-20,16.059999,16.540001,15.8,16.5,959200
1206,2004-10-21,17.0,17.92,17.0,17.76,1604800
1207,2004-10-22,17.799999,17.799999,16.540001,16.67,1458400
1208,2004-10-25,16.549999,17.049999,16.549999,16.75,1004800
1209,2004-10-26,16.85,16.870001,16.299999,16.57,1197300
1210,2004-10-27,16.74,17.18,16.549999,17.18,970600
1211,2004-10-28,17.0,17.309999,16.790001,16.98,816100
1212,2004-10-29,16.15,17.280001,16.040001,16.959999,1418200
1213,2004-11-01,17.0,17.0,16.51,16.940001,983000
1214,2004-11-02,16.98,17.379999,16.9,17.139999,716800
1215,2004-11-03,17.75,17.76,17.1,17.219999,736700
1216,2004-11-04,17.139999,17.58,17.0,17.57,1134700
1217,2004-11-05,17.75,18.299999,17.73,18.24,1485300
1218,2004-11-08,18.1,18.33,17.969999,18.290001,1022100
1219,2004-11-09,18.299999,18.35,17.799999,18.08,1006400
1220,2004-11-10,18.0,18.120001,17.780001,18.059999,887900
1221,2004-11-11,18.120001,18.209999,17.84,18.1,811600
1222,2004-11-12,17.950001,18.209999,17.75,18.209999,686200
1223,2004-11-15,18.030001,18.690001,17.809999,18.629999,1049000
1224,2004-11-16,18.6,18.83,18.23,18.5,815700
1225,2004-11-17,18.76,18.99,18.440001,18.67,748700
1226,2004-11-18,18.66,18.82,18.43,18.709999,772200
1227,2004-11-19,18.709999,18.719999,17.93,18.1,515100
1228,2004-11-22,18.120001,18.389999,18.09,18.35,496500
1229,2004-11-23,18.4,18.4,18.049999,18.23,719400
1230,2004-11-24,18.23,18.5,18.23,18.41,766300
1231,2004-11-26,18.41,18.459999,18.34,18.35,166400
1232,2004-11-29,18.35,18.58,18.200001,18.379999,522300
1233,2004-11-30,18.379999,18.549999,18.309999,18.4,1260500
1234,2004-12-01,18.4,19.32,18.389999,19.209999,1020500
1235,2004-12-02,19.049999,19.59,19.030001,19.280001,848500
1236,2004-12-03,19.35,19.700001,19.16,19.16,854400
1237,2004-12-06,19.25,19.27,18.91,19.129999,680600
1238,2004-12-07,19.219999,19.299999,18.790001,18.809999,879800
1239,2004-12-08,18.82,18.85,18.52,18.610001,576200
1240,2004-12-09,18.5,18.5,17.889999,18.120001,1079400
1241,2004-12-10,18.110001,18.16,17.870001,17.99,776000
1242,2004-12-13,18.110001,18.200001,17.75,18.02,856600
1243,2004-12-14,18.0,18.26,17.879999,18.16,997800
1244,2004-12-15,18.16,18.74,18.139999,18.74,850900
1245,2004-12-16,18.73,18.93,18.370001,18.51,1019600
1246,2004-12-17,18.35,18.52,18.200001,18.25,712600
1247,2004-12-20,18.299999,18.35,18.059999,18.1,845700
1248,2004-12-21,18.15,18.24,18.0,18.09,560200
1249,2004-12-22,18.1,18.24,18.0,18.07,541300
1250,2004-12-23,18.02,18.23,18.0,18.190001,351400
1251,2004-12-27,18.219999,18.24,17.9,17.950001,374100
1252,2004-12-28,17.93,18.190001,17.860001,18.190001,523800
1253,2004-12-29,18.200001,18.299999,18.049999,18.200001,389200
1254,2004-12-30,18.15,18.24,18.1,18.18,429300
1255,2004-12-31,18.25,18.35,18.15,18.24,288900
1256,2005-01-03,18.4,18.440001,17.76,18.049999,780300
1257,2005-01-04,18.1,18.1,17.07,17.370001,1170200
1258,2005-01-05,17.280001,17.450001,17.15,17.209999,697900
1259,2005-01-06,17.209999,17.26,16.98,17.1,669100
1260,2005-01-07,17.1,17.35,16.83,17.200001,686300
1261,2005-01-10,17.1,17.26,16.700001,16.9,1074600
1262,2005-01-11,16.9,16.9,16.690001,16.75,862300
1263,2005-01-12,16.9,16.959999,16.58,16.799999,614800
1264,2005-01-13,16.780001,16.82,16.379999,16.41,989500
1265,2005-01-14,16.59,16.700001,16.48,16.6,1100400
1266,2005-01-18,16.610001,16.690001,16.41,16.68,696000
1267,2005-01-19,16.68,16.68,16.190001,16.209999,445800
1268,2005-01-20,16.25,16.549999,16.25,16.360001,613700
1269,2005-01-21,16.389999,16.59,16.23,16.290001,570900
1270,2005-01-24,16.299999,16.43,16.1,16.129999,694600
1271,2005-01-25,16.190001,16.450001,16.1,16.23,584100
1272,2005-01-26,16.43,16.75,16.25,16.540001,499100
1273,2005-01-27,16.540001,16.719999,16.27,16.65,681900
1274,2005-01-28,17.0,17.799999,16.93,17.389999,1989200
1275,2005-01-31,18.15,18.16,17.799999,17.92,1660200
1276,2005-02-01,18.049999,18.370001,18.049999,18.32,944800
1277,2005-02-02,18.35,18.360001,18.01,18.049999,640500
1278,2005-02-03,18.049999,18.049999,17.5,17.57,1315500
1279,2005-02-04,17.65,18.200001,17.620001,18.129999,1803800
1280,2005-02-07,18.190001,18.610001,18.190001,18.540001,952800
1281,2005-02-08,18.540001,19.0,18.540001,18.91,791600
1282,2005-02-09,18.91,18.93,18.49,18.58,636700
1283,2005-02-10,18.690001,18.870001,18.610001,18.74,605100
1284,2005-02-11,18.75,19.280001,18.620001,19.200001,622100
1285,2005-02-14,19.34,19.450001,19.139999,19.389999,649400
1286,2005-02-15,19.360001,19.389999,18.879999,19.0,749100
1287,2005-02-16,19.0,19.25,18.77,19.219999,387600
1288,2005-02-17,19.18,19.379999,18.84,18.940001,506200
1289,2005-02-18,18.9,18.9,18.58,18.76,443700
1290,2005-02-22,18.77,18.9,18.5,18.52,879100
1291,2005-02-23,18.66,18.84,18.549999,18.639999,593900
1292,2005-02-24,18.610001,19.24,18.6,19.200001,879800
1293,2005-02-25,19.120001,19.59,19.0,19.58,505700
1294,2005-02-28,19.540001,19.610001,19.1,19.4,589600
1295,2005-03-01,19.450001,19.58,19.24,19.57,659800
1296,2005-03-02,19.559999,19.59,19.280001,19.5,496500
1297,2005-03-03,19.51,19.57,19.24,19.51,563300
1298,2005-03-04,19.59,19.59,19.040001,19.309999,454900
1299,2005-03-07,19.27,20.139999,19.049999,20.040001,851200
1300,2005-03-08,20.0,20.09,19.559999,19.67,469600
1301,2005-03-09,19.68,19.98,19.68,19.719999,575600
1302,2005-03-10,19.719999,19.9,19.49,19.870001,272900
1303,2005-03-11,19.870001,19.969999,19.17,19.35,388500
1304,2005-03-14,19.389999,19.82,19.200001,19.799999,415700
1305,2005-03-15,19.82,19.98,19.299999,19.299999,465600
1306,2005-03-16,19.24,19.43,18.709999,18.75,619600
1307,2005-03-17,18.75,19.040001,18.709999,18.959999,561800
1308,2005-03-18,18.969999,18.98,18.549999,18.76,1098800
1309,2005-03-21,18.74,18.99,18.629999,18.870001,364100
1310,2005-03-22,18.85,19.24,18.809999,18.870001,709900
1311,2005-03-23,18.9,19.360001,18.860001,18.950001,758100
1312,2005-03-24,19.01,19.24,18.969999,19.01,461800
1313,2005-03-28,19.0,19.120001,18.82,18.950001,616800
1314,2005-03-29,18.889999,19.24,18.620001,18.639999,642400
1315,2005-03-30,18.65,18.66,18.18,18.4,1138800
1316,2005-03-31,18.379999,18.559999,18.200001,18.42,463400
1317,2005-04-01,18.559999,18.700001,18.139999,18.18,364300
1318,2005-04-04,18.17,18.34,17.889999,18.17,725100
1319,2005-04-05,18.25,18.459999,18.08,18.24,432000
1320,2005-04-06,18.290001,18.530001,18.290001,18.360001,777600
1321,2005-04-07,18.370001,18.629999,18.26,18.620001,337000
1322,2005-04-08,18.559999,18.73,18.41,18.48,295100
1323,2005-04-11,18.49,18.57,18.139999,18.139999,427800
1324,2005-04-12,18.15,18.209999,17.860001,18.1,824600
1325,2005-04-13,18.049999,18.09,17.799999,17.860001,719400
1326,2005-04-14,17.860001,17.92,17.09,17.280001,1636200
1327,2005-04-15,17.129999,17.18,16.75,16.860001,756300
1328,2005-04-18,16.860001,17.17,16.85,17.040001,1181300
1329,2005-04-19,17.24,17.27,17.059999,17.209999,796200
1330,2005-04-20,17.309999,17.41,17.0,17.0,335600
1331,2005-04-21,17.15,17.459999,17.15,17.280001,583600
1332,2005-04-22,17.200001,17.280001,17.01,17.209999,529700
1333,2005-04-25,17.299999,17.4,17.190001,17.4,349000
1334,2005-04-26,17.35,17.65,17.209999,17.209999,597100
1335,2005-04-27,17.25,17.959999,17.120001,17.719999,1275800
1336,2005-04-28,17.719999,18.040001,17.52,17.559999,972000
1337,2005-04-29,18.200001,18.99,18.059999,18.889999,1485300
1338,2005-05-02,18.889999,18.969999,18.440001,18.67,961100
1339,2005-05-03,18.68,19.0,18.68,18.809999,605400
1340,2005-05-04,18.83,19.0,18.73,18.91,510000
1341,2005-05-05,18.940001,19.040001,18.709999,18.799999,312700
1342,2005-05-06,18.950001,18.959999,18.82,18.889999,476500
1343,2005-05-09,18.889999,18.99,18.76,18.860001,416000
1344,2005-05-10,18.75,18.950001,18.74,18.889999,613800
1345,2005-05-11,18.9,19.059999,18.629999,18.85,870500
1346,2005-05-12,18.889999,19.040001,18.52,18.559999,886800
1347,2005-05-13,18.549999,18.860001,18.4,18.59,1221300
1348,2005-05-16,18.52,18.799999,18.48,18.77,891100
1349,2005-05-17,18.57,18.889999,18.559999,18.870001,394500
1350,2005-05-18,18.9,19.32,18.76,19.219999,667200
1351,2005-05-19,19.25,19.4,19.17,19.299999,289000
1352,2005-05-20,19.209999,19.379999,19.110001,19.35,411600
1353,2005-05-23,19.27,19.43,19.200001,19.35,508500
1354,2005-05-24,19.799999,20.25,19.75,20.18,1527800
1355,2005-05-25,20.18,20.18,19.59,19.76,661100
1356,2005-05-26,19.799999,20.120001,19.799999,20.09,1370100
1357,2005-05-27,20.139999,20.17,19.92,20.16,530400
1358,2005-05-31,20.219999,21.0,20.209999,20.92,1190100
1359,2005-06-01,20.85,21.299999,20.84,21.17,804700
1360,2005-06-02,21.17,21.68,21.16,21.66,1306400
1361,2005-06-03,21.66,21.74,21.549999,21.6,841700
1362,2005-06-06,21.6,21.77,21.34,21.73,747700
1363,2005-06-07,21.73,22.049999,21.690001,21.719999,1356100
1364,2005-06-08,21.74,21.85,21.690001,21.709999,848200
1365,2005-06-09,21.709999,21.879999,21.469999,21.85,520500
1366,2005-06-10,21.85,22.049999,21.74,21.950001,491800
1367,2005-06-13,21.9,22.0,21.719999,21.99,518600
1368,2005-06-14,21.99,22.209999,21.959999,22.120001,624800
1369,2005-06-15,22.16,22.24,22.0,22.17,605600
1370,2005-06-16,22.1,22.620001,22.1,22.610001,484800
1371,2005-06-17,22.709999,22.75,22.309999,22.700001,805100
1372,2005-06-20,22.469999,22.82,22.43,22.799999,506900
1373,2005-06-21,22.82,22.99,22.459999,22.549999,450500
1374,2005-06-22,22.549999,22.799999,22.42,22.799999,481600
1375,2005-06-23,22.75,22.959999,22.530001,22.540001,708900
1376,2005-06-24,22.540001,22.540001,22.049999,22.23,619900
1377,2005-06-27,22.219999,22.23,21.870001,21.959999,579000
1378,2005-06-28,22.110001,22.559999,22.049999,22.549999,574000
1379,2005-06-29,22.58,22.690001,22.379999,22.58,513900
1380,2005-06-30,22.58,22.860001,22.469999,22.530001,534500
1381,2005-07-01,22.6,22.889999,22.48,22.709999,302500
1382,2005-07-05,22.68,23.32,22.57,23.299999,498800
1383,2005-07-06,23.379999,24.209999,23.379999,24.209999,2890700
1384,2005-07-07,24.209999,24.51,24.16,24.379999,1540000
1385,2005-07-08,24.6,24.700001,24.540001,24.58,1578900
1386,2005-07-11,24.75,24.75,24.540001,24.700001,1646800
1387,2005-07-12,24.74,24.950001,24.65,24.9,1110200
1388,2005-07-13,24.9,25.0,24.780001,24.92,949100
1389,2005-07-14,24.92,26.200001,24.92,25.690001,1553400
1390,2005-07-15,25.68,25.85,25.52,25.68,833300
1391,2005-07-18,25.65,25.889999,25.459999,25.73,589400
1392,2005-07-19,25.73,26.219999,25.690001,26.049999,736300
1393,2005-07-20,25.9,26.209999,25.780001,26.09,1040900
1394,2005-07-21,26.15,26.35,25.91,26.1,1102600
1395,2005-07-22,26.07,26.389999,26.07,26.209999,1010400
1396,2005-07-25,26.120001,26.65,26.110001,26.360001,1318400
1397,2005-07-26,26.48,26.780001,26.379999,26.59,1201100
1398,2005-07-27,26.799999,26.969999,26.58,26.610001,1500300
1399,2005-07-28,26.299999,26.549999,26.209999,26.360001,1198300
1400,2005-07-29,26.26,26.42,26.040001,26.18,1303200
1401,2005-08-01,25.23,26.27,25.23,26.049999,1242900
1402,2005-08-02,26.15,26.4,26.07,26.23,962900
1403,2005-08-03,26.23,26.370001,26.16,26.309999,688100
1404,2005-08-04,26.25,26.309999,25.950001,26.110001,1088100
1405,2005-08-05,26.110001,26.25,25.93,25.950001,648100
1406,2005-08-08,26.0,26.48,25.969999,26.0,924200
1407,2005-08-09,26.059999,26.26,26.02,26.120001,595700
1408,2005-08-10,25.5,25.629999,23.450001,23.49,3606100
1409,2005-08-11,23.5,24.5,23.5,24.07,1983300
1410,2005-08-12,23.82,23.91,23.4,23.75,874500
1411,2005-08-15,23.75,24.629999,23.75,24.450001,1112300
1412,2005-08-16,24.459999,24.6,23.99,23.99,582100
1413,2005-08-17,23.969999,24.26,23.969999,23.98,485600
1414,2005-08-18,23.879999,24.1,23.5,23.91,400600
1415,2005-08-19,23.889999,23.98,23.540001,23.75,513800
1416,2005-08-22,23.9,24.33,23.9,24.33,627400
1417,2005-08-23,24.33,24.43,24.15,24.34,586800
1418,2005-08-24,24.34,24.700001,24.049999,24.25,654700
1419,2005-08-25,24.469999,24.620001,24.35,24.52,409700
1420,2005-08-26,24.459999,24.459999,23.950001,24.07,449100
1421,2005-08-29,23.9,24.52,23.75,24.52,528000
1422,2005-08-30,24.52,24.57,24.1,24.57,463300
1423,2005-08-31,24.540001,25.049999,24.25,25.049999,746100
1424,2005-09-01,24.950001,25.08,24.620001,24.790001,322300
1425,2005-09-02,24.780001,24.98,24.459999,24.549999,273200
1426,2005-09-06,24.6,24.83,24.440001,24.75,537300
1427,2005-09-07,24.75,25.07,24.42,25.059999,648800
1428,2005-09-08,25.049999,26.25,25.040001,26.190001,972100
1429,2005-09-09,26.0,26.67,25.799999,26.57,1220800
1430,2005-09-12,26.57,26.74,26.4,26.51,405600
1431,2005-09-13,26.25,26.25,25.76,26.0,455700
1432,2005-09-14,26.1,26.1,25.6,25.639999,305400
1433,2005-09-15,25.85,26.15,25.52,25.559999,398200
1434,2005-09-16,25.75,25.790001,25.24,25.370001,1015500
1435,2005-09-19,25.389999,25.459999,25.01,25.01,980600
1436,2005-09-20,25.190001,25.4,24.700001,24.780001,682100
1437,2005-09-21,24.67,25.23,24.4,25.07,808400
1438,2005-09-22,25.219999,25.35,25.0,25.0,800800
1439,2005-09-23,24.84,24.940001,24.620001,24.629999,709500
1440,2005-09-26,24.6,24.75,24.27,24.27,1167500
1441,2005-09-27,24.33,24.57,24.25,24.360001,901000
1442,2005-09-28,24.4,24.549999,24.030001,24.290001,613400
1443,2005-09-29,24.25,24.549999,24.129999,24.5,629400
1444,2005-09-30,24.5,24.690001,24.34,24.450001,885000
1445,2005-10-03,24.5,24.719999,24.309999,24.5,1062800
1446,2005-10-04,24.5,24.559999,24.360001,24.389999,806100
1447,2005-10-05,24.4,24.559999,24.23,24.27,1196600
1448,2005-10-06,24.219999,24.219999,23.68,23.77,898500
1449,2005-10-07,23.93,24.17,23.799999,24.0,441200
1450,2005-10-10,24.0,24.0,23.02,23.07,1247700
1451,2005-10-11,23.15,23.549999,23.120001,23.41,1082400
1452,2005-10-12,23.35,23.77,23.309999,23.66,1155100
1453,2005-10-13,23.65,23.9,23.549999,23.83,1057400
1454,2005-10-14,23.85,23.959999,23.639999,23.85,514400
1455,2005-10-17,23.9,23.99,23.52,23.77,413900
1456,2005-10-18,23.75,23.75,23.280001,23.459999,766100
1457,2005-10-19,23.309999,23.51,22.5,23.450001,1101100
1458,2005-10-20,23.450001,23.58,22.85,23.040001,791400
1459,2005-10-21,23.200001,23.379999,23.040001,23.07,609000
1460,2005-10-24,23.0,23.280001,22.889999,23.15,770400
1461,2005-10-25,23.139999,23.709999,23.030001,23.65,918800
1462,2005-10-26,23.65,23.65,23.280001,23.48,770300
1463,2005-10-27,23.48,23.5,22.74,22.75,1106800
1464,2005-10-28,22.75,22.9,22.309999,22.700001,838600
1465,2005-10-31,22.75,23.27,22.75,23.049999,848400
1466,2005-11-01,22.99,23.129999,22.75,22.91,643900
1467,2005-11-02,22.84,23.17,22.67,23.049999,1384200
1468,2005-11-03,23.15,23.41,23.059999,23.17,748600
1469,2005-11-04,23.17,23.4,23.01,23.200001,606600
1470,2005-11-07,23.25,23.389999,23.049999,23.26,568400
1471,2005-11-08,23.25,23.299999,22.809999,23.24,829700
1472,2005-11-09,23.24,23.24,22.6,22.67,1341300
1473,2005-11-10,22.57,22.66,22.07,22.66,1026900
1474,2005-11-11,22.719999,22.82,22.469999,22.469999,792700
1475,2005-11-14,22.469999,22.57,22.25,22.360001,993300
1476,2005-11-15,22.5,22.889999,22.43,22.77,1045100
1477,2005-11-16,22.790001,22.950001,22.42,22.5,435300
1478,2005-11-17,22.66,23.1,22.549999,23.1,426700
1479,2005-11-18,23.120001,23.440001,23.01,23.290001,520400
1480,2005-11-21,23.25,23.290001,22.940001,23.110001,401800
1481,2005-11-22,23.09,23.59,23.049999,23.49,570000
1482,2005-11-23,23.48,23.639999,23.190001,23.23,352300
1483,2005-11-25,23.209999,23.27,23.09,23.110001,107100
1484,2005-11-28,23.219999,23.290001,22.74,22.74,640000
1485,2005-11-29,22.9,22.92,22.370001,22.49,1098800
1486,2005-11-30,22.65,22.9,22.49,22.5,924000
1487,2005-12-01,22.6,23.280001,22.6,23.25,2070300
1488,2005-12-02,23.299999,24.049999,23.25,23.889999,2890000
1489,2005-12-05,23.809999,23.879999,23.32,23.440001,967600
1490,2005-12-06,23.58,24.18,23.58,23.85,1039900
1491,2005-12-07,23.98,24.190001,23.809999,23.940001,1170600
1492,2005-12-08,24.030001,24.43,23.65,23.85,853600
1493,2005-12-09,23.82,24.24,23.700001,23.969999,584100
1494,2005-12-12,24.1,24.23,23.879999,24.18,593300
1495,2005-12-13,24.200001,24.379999,23.77,23.879999,644800
1496,2005-12-14,23.780001,23.940001,23.530001,23.6,654800
1497,2005-12-15,24.549999,24.65,24.07,24.4,1487400
1498,2005-12-16,24.34,24.450001,24.1,24.1,636800
1499,2005-12-19,23.950001,23.950001,23.469999,23.48,617000
1500,2005-12-20,23.58,23.93,23.440001,23.540001,566500
1501,2005-12-21,23.639999,23.91,23.43,23.59,367600
1502,2005-12-22,23.629999,24.27,23.559999,24.190001,680400
1503,2005-12-23,24.450001,24.52,24.23,24.35,537200
1504,2005-12-27,24.299999,24.610001,23.559999,23.57,760200
1505,2005-12-28,23.629999,24.280001,23.629999,24.23,665700
1506,2005-12-29,24.309999,24.370001,24.139999,24.17,555300
1507,2005-12-30,24.059999,24.059999,23.66,23.940001,592500
1508,2006-01-03,23.950001,24.23,23.5,23.99,1051300
1509,2006-01-04,24.0,24.76,24.0,24.68,580300
1510,2006-01-05,24.639999,25.299999,24.639999,25.110001,701000
1511,2006-01-06,25.1,25.74,24.98,25.549999,1294400
1512,2006-01-09,25.65,26.01,25.5,25.969999,998800
1513,2006-01-10,25.85,26.040001,25.690001,26.01,590500
1514,2006-01-11,25.959999,26.49,25.879999,26.09,542100
1515,2006-01-12,26.299999,26.370001,25.84,25.950001,480300
1516,2006-01-13,25.9,25.98,25.68,25.950001,656300
1517,2006-01-17,25.5,25.709999,25.450001,25.58,1127000
1518,2006-01-18,25.17,25.709999,25.17,25.59,654800
1519,2006-01-19,25.75,26.450001,25.73,26.209999,844200
1520,2006-01-20,26.049999,26.049999,25.190001,25.23,667600
1521,2006-01-23,25.35,25.450001,25.129999,25.23,1000100
1522,2006-01-24,25.299999,25.639999,25.23,25.25,746700
1523,2006-01-25,26.5,26.51,25.200001,25.24,2053400
1524,2006-01-26,25.1,25.24,24.09,24.09,2821200
1525,2006-01-27,24.549999,24.719999,24.110001,24.190001,1037600
1526,2006-01-30,24.190001,24.620001,24.049999,24.6,1137600
1527,2006-01-31,24.6,24.690001,24.4,24.450001,972500
1528,2006-02-01,24.450001,24.58,24.209999,24.440001,876800
1529,2006-02-02,24.440001,24.57,24.190001,24.4,911800
1530,2006-02-03,24.4,24.85,24.219999,24.59,988800
1531,2006-02-06,24.700001,24.99,24.5,24.969999,793100
1532,2006-02-07,25.6,26.5,25.25,25.4,2174600
1533,2006-02-08,25.4,25.5,24.6,24.65,2661200
1534,2006-02-09,24.25,24.75,24.200001,24.209999,7013900
1535,2006-02-10,24.25,24.440001,23.75,24.299999,2061300
1536,2006-02-13,24.299999,24.42,24.049999,24.200001,1853300
1537,2006-02-14,24.209999,24.77,24.139999,24.74,1289500
1538,2006-02-15,24.84,25.049999,24.709999,24.969999,1424700
1539,2006-02-16,25.219999,25.65,25.139999,25.610001,1468000
1540,2006-02-17,25.780001,25.98,25.639999,25.9,1173800
1541,2006-02-21,25.950001,25.959999,25.51,25.6,1321500
1542,2006-02-22,25.65,26.049999,25.559999,26.030001,1286000
1543,2006-02-23,25.93,25.93,25.129999,25.34,1581600
1544,2006-02-24,25.32,25.51,25.1,25.49,1314400
1545,2006-02-27,25.540001,25.58,25.309999,25.48,902300
1546,2006-02-28,25.35,25.35,24.860001,25.129999,1220900
1547,2006-03-01,25.15,26.219999,25.15,26.200001,1588800
1548,2006-03-02,25.700001,25.98,25.540001,25.77,1050400
1549,2006-03-03,25.75,25.83,25.389999,25.620001,708200
1550,2006-03-06,25.5,25.59,25.1,25.360001,784600
1551,2006-03-07,25.200001,25.450001,24.42,24.59,962600
1552,2006-03-08,24.59,24.65,23.870001,24.360001,1569000
1553,2006-03-09,24.32,24.610001,24.120001,24.200001,969900
1554,2006-03-10,24.25,24.799999,24.08,24.76,2216900
1555,2006-03-13,24.6,25.0,24.49,24.870001,1212700
1556,2006-03-14,24.73,25.17,24.58,25.08,1589800
1557,2006-03-15,25.08,25.290001,24.92,25.219999,1381400
1558,2006-03-16,25.219999,25.33,24.32,24.34,1408000
1559,2006-03-17,24.459999,24.51,24.02,24.18,1339300
1560,2006-03-20,24.18,24.23,23.790001,23.870001,1417700
1561,2006-03-21,23.200001,24.08,22.940001,23.709999,1841400
1562,2006-03-22,22.959999,23.74,22.959999,23.58,1466000
1563,2006-03-23,23.4,23.82,23.4,23.57,694000
1564,2006-03-24,23.67,24.139999,23.639999,24.0,1102800
1565,2006-03-27,23.879999,23.98,23.719999,23.84,855200
1566,2006-03-28,23.940001,24.110001,23.51,23.66,924500
1567,2006-03-29,23.65,24.469999,23.629999,24.219999,882300
1568,2006-03-30,25.4,25.690001,25.0,25.280001,2271200
1569,2006-03-31,25.35,25.450001,25.09,25.379999,1649600
1570,2006-04-03,25.59,25.620001,25.24,25.43,1400700
1571,2006-04-04,25.440001,25.6,25.34,25.6,1358600
1572,2006-04-05,25.700001,25.99,25.41,25.950001,1772800
1573,2006-04-06,25.969999,26.120001,25.84,26.049999,728800
1574,2006-04-07,26.120001,26.200001,25.469999,25.58,1059900
1575,2006-04-10,25.5,25.5,24.879999,25.049999,1434200
1576,2006-04-11,25.17,25.17,24.52,24.65,873100
1577,2006-04-12,24.719999,25.200001,24.700001,24.950001,810100
1578,2006-04-13,24.9,25.5,24.809999,25.25,1253200
1579,2006-04-17,25.870001,25.950001,25.51,25.77,2152000
1580,2006-04-18,25.9,26.99,25.860001,26.92,2087600
1581,2006-04-19,26.85,26.85,26.33,26.51,1143700
1582,2006-04-20,27.25,27.25,26.73,27.1,1812100
1583,2006-04-21,27.200001,27.200001,26.23,26.6,753100
1584,2006-04-24,26.52,26.540001,25.91,26.24,874100
1585,2006-04-25,26.34,26.780001,26.24,26.6,1468800
1586,2006-04-26,26.700001,26.76,26.049999,26.120001,1407800
1587,2006-04-27,26.35,26.6,25.82,26.049999,2357300
1588,2006-04-28,26.049999,26.42,26.0,26.15,2258900
1589,2006-05-01,26.049999,26.389999,25.889999,25.940001,1655000
1590,2006-05-02,25.9,26.190001,25.75,25.98,1101300
1591,2006-05-03,25.91,26.25,25.91,26.129999,1182600
1592,2006-05-04,26.15,26.4,25.879999,25.9,1126200
1593,2006-05-05,25.99,26.41,25.84,26.41,1745200
1594,2006-05-08,26.950001,27.0,26.299999,26.450001,1229300
1595,2006-05-09,26.370001,26.43,25.85,25.92,771000
1596,2006-05-10,25.809999,25.889999,25.440001,25.58,995600
1597,2006-05-11,25.58,25.690001,24.25,24.4,1993900
1598,2006-05-12,24.41,24.41,23.860001,23.950001,1141000
1599,2006-05-15,23.950001,24.110001,23.57,23.83,1380700
1600,2006-05-16,23.799999,24.08,23.610001,23.74,1455800
1601,2006-05-17,23.58,23.82,23.1,23.25,1744800
1602,2006-05-18,23.25,23.52,22.610001,22.620001,2066500
1603,2006-05-19,22.67,22.85,22.209999,22.48,1456900
1604,2006-05-22,22.309999,22.309999,21.559999,22.07,1911700
1605,2006-05-23,22.23,22.68,21.799999,21.799999,1422800
1606,2006-05-24,21.75,22.120001,21.379999,21.629999,1906500
1607,2006-05-25,21.91,22.07,21.67,21.879999,1990400
1608,2006-05-26,22.0,22.26,21.93,22.209999,822900
1609,2006-05-30,22.16,22.26,21.610001,21.620001,1347500
1610,2006-05-31,21.700001,22.18,21.700001,22.08,3091900
1611,2006-06-01,22.67,22.68,22.08,22.469999,1172500
1612,2006-06-02,22.620001,22.82,22.33,22.639999,1912600
1613,2006-06-05,22.459999,22.559999,21.6,21.700001,883100
1614,2006-06-06,21.879999,22.1,21.6,21.84,1545700
1615,2006-06-07,22.049999,22.049999,21.16,21.24,1398500
1616,2006-06-08,21.24,21.24,20.18,20.66,2587000
1617,2006-06-09,20.799999,20.969999,20.42,20.57,1772500
1618,2006-06-12,20.6,20.639999,19.629999,19.68,1385200
1619,2006-06-13,19.690001,20.040001,19.040001,19.32,2868500
1620,2006-06-14,19.32,19.74,19.15,19.32,1626700
1621,2006-06-15,19.620001,20.309999,19.57,20.23,1383800
1622,2006-06-16,20.74,20.74,19.889999,20.17,1230500
1623,2006-06-19,20.209999,20.33,19.860001,20.0,1338000
1624,2006-06-20,19.99,20.190001,19.700001,19.75,783400
1625,2006-06-21,19.75,20.299999,19.75,20.18,1071500
1626,2006-06-22,20.049999,20.1,19.68,19.76,1087800
1627,2006-06-23,19.66,19.690001,19.34,19.49,1123800
1628,2006-06-26,19.549999,19.75,19.299999,19.49,995200
1629,2006-06-27,19.57,19.74,19.459999,19.559999,1401000
1630,2006-06-28,19.58,19.610001,19.059999,19.209999,962700
1631,2006-06-29,19.209999,20.0,19.110001,20.0,1732800
1632,2006-06-30,20.08,20.23,19.83,20.02,1664600
1633,2006-07-03,20.07,20.32,19.940001,20.290001,395200
1634,2006-07-05,20.25,20.26,19.459999,19.540001,978200
1635,2006-07-06,19.620001,19.73,19.27,19.42,1204400
1636,2006-07-07,19.450001,19.49,18.83,18.950001,1226500
1637,2006-07-10,18.950001,19.18,18.719999,18.799999,1388100
1638,2006-07-11,18.799999,18.9,18.5,18.82,1870500
1639,2006-07-12,18.75,18.85,18.24,18.309999,1912000
1640,2006-07-13,18.15,18.16,17.700001,17.780001,1765000
1641,2006-07-14,17.68,17.75,17.32,17.450001,1461900
1642,2006-07-17,17.450001,17.610001,17.25,17.309999,1285600
1643,2006-07-18,17.309999,17.35,16.709999,17.1,1957900
1644,2006-07-19,17.120001,17.77,17.120001,17.59,2507400
1645,2006-07-20,17.700001,17.9,17.049999,17.07,1326800
1646,2006-07-21,17.0,17.049999,16.700001,16.77,1931500
1647,2006-07-24,16.870001,17.32,16.870001,17.32,1596200
1648,2006-07-25,17.41,17.469999,16.870001,17.34,1330400
1649,2006-07-26,17.35,17.559999,17.18,17.42,798600
1650,2006-07-27,17.6,17.790001,17.42,17.450001,1019400
1651,2006-07-28,17.65,18.23,17.629999,18.110001,1152600
1652,2006-07-31,18.299999,18.299999,18.040001,18.200001,1121000
1653,2006-08-01,18.049999,18.059999,17.6,17.639999,1211800
1654,2006-08-02,17.68,17.870001,17.5,17.790001,1360600
1655,2006-08-03,17.76,17.98,17.51,17.860001,1304700
1656,2006-08-04,18.049999,18.290001,17.65,17.790001,951200
1657,2006-08-07,17.790001,17.99,17.530001,17.58,801800
1658,2006-08-08,17.530001,17.73,17.219999,17.35,877200
1659,2006-08-09,17.4,17.76,16.92,16.98,1472800
1660,2006-08-10,16.99,17.08,16.709999,16.959999,1700200
1661,2006-08-11,17.01,17.26,16.860001,16.889999,1329100
1662,2006-08-14,17.049999,17.370001,16.99,17.15,1252100
1663,2006-08-15,17.639999,18.43,17.51,18.360001,3091200
1664,2006-08-16,18.48,19.68,18.33,19.540001,2988400
1665,2006-08-17,19.450001,20.120001,19.219999,19.639999,1968500
1666,2006-08-18,19.6,19.870001,19.299999,19.85,1172100
1667,2006-08-21,19.879999,19.879999,19.6,19.709999,1299600
1668,2006-08-22,19.639999,19.85,19.530001,19.76,1352800
1669,2006-08-23,19.83,20.049999,19.209999,19.360001,1690600
1670,2006-08-24,19.48,19.48,19.0,19.129999,1260500
1671,2006-08-25,19.0,19.07,18.75,18.76,2075000
1672,2006-08-28,18.790001,19.549999,18.790001,19.52,1342100
1673,2006-08-29,19.620001,19.690001,19.030001,19.49,1551300
1674,2006-08-30,19.59,19.85,19.52,19.6,1210600
1675,2006-08-31,18.75,19.74,18.75,19.559999,1437000
1676,2006-09-01,19.6,19.709999,19.42,19.530001,1045900
1677,2006-09-05,19.530001,19.93,19.4,19.870001,1418200
1678,2006-09-06,19.700001,19.700001,18.84,18.85,1131500
1679,2006-09-07,18.85,18.93,18.43,18.559999,1321500
1680,2006-09-08,18.66,18.66,18.280001,18.51,1173400
1681,2006-09-11,18.379999,19.02,18.33,18.83,1255200
1682,2006-09-12,19.0,19.639999,18.799999,19.620001,1422900
1683,2006-09-13,19.65,19.75,19.450001,19.559999,1106000
1684,2006-09-14,19.450001,19.83,19.360001,19.690001,1204100
1685,2006-09-15,19.790001,19.99,19.559999,19.58,2006500
1686,2006-09-18,19.4,19.74,19.129999,19.49,705400
1687,2006-09-19,19.52,19.620001,19.02,19.379999,688000
1688,2006-09-20,19.549999,20.059999,19.51,19.799999,942400
1689,2006-09-21,19.9,19.940001,19.5,19.59,920900
1690,2006-09-22,19.530001,19.530001,19.17,19.24,655700
1691,2006-09-25,19.299999,19.98,19.17,19.9,683000
1692,2006-09-26,19.83,19.879999,19.309999,19.690001,660100
1693,2006-09-27,19.6,19.9,19.26,19.32,775900
1694,2006-09-28,19.43,19.59,19.219999,19.459999,465200
1695,2006-09-29,19.440001,19.75,19.370001,19.620001,1033100
1696,2006-10-02,19.620001,19.68,19.200001,19.450001,943100
1697,2006-10-03,19.42,19.799999,19.15,19.620001,1035600
1698,2006-10-04,19.51,20.209999,19.360001,20.190001,934200
1699,2006-10-05,20.23,20.450001,20.01,20.389999,928000
1700,2006-10-06,20.27,20.58,20.030001,20.48,854000
1701,2006-10-09,20.450001,21.24,20.450001,20.950001,1448600
1702,2006-10-10,21.0,21.02,20.66,20.969999,867300
1703,2006-10-11,20.83,21.49,20.700001,21.190001,924200
1704,2006-10-12,21.33,21.34,20.950001,21.280001,702600
1705,2006-10-13,21.360001,21.66,21.16,21.51,677900
1706,2006-10-16,21.58,21.959999,21.540001,21.83,674300
1707,2006-10-17,21.84,22.09,21.57,21.92,2116600
1708,2006-10-18,22.1,22.370001,21.91,22.129999,1262100
1709,2006-10-19,22.0,22.0,21.540001,21.93,731000
1710,2006-10-20,21.91,21.91,21.469999,21.5,844000
1711,2006-10-23,21.57,21.889999,21.43,21.879999,1238500
1712,2006-10-24,21.799999,21.809999,21.34,21.49,878800
1713,2006-10-25,21.549999,22.92,21.530001,22.82,1557700
1714,2006-10-26,23.1,23.25,22.190001,22.67,1643900
1715,2006-10-27,22.68,23.24,22.450001,22.450001,1578000
1716,2006-10-30,22.549999,24.190001,22.549999,23.9,2388300
1717,2006-10-31,23.959999,24.1,23.280001,23.68,1511700
1718,2006-11-01,23.74,24.24,23.68,23.93,3170600
1719,2006-11-02,23.75,24.280001,23.42,24.200001,3318200
1720,2006-11-03,24.35,25.299999,24.299999,24.84,4224800
1721,2006-11-06,25.450001,25.530001,24.75,24.9,3184400
1722,2006-11-07,24.92,25.26,24.83,24.9,1184200
1723,2006-11-08,24.76,25.27,24.450001,25.209999,1279200
1724,2006-11-09,25.27,25.4,24.76,24.83,1158100
1725,2006-11-10,24.91,25.85,24.83,25.5,2003700
1726,2006-11-13,25.65,25.68,25.25,25.49,1361500
1727,2006-11-14,25.57,25.889999,25.450001,25.879999,1652300
1728,2006-11-15,25.9,25.9,25.4,25.610001,1674100
1729,2006-11-16,25.780001,25.9,25.42,25.66,1355300
1730,2006-11-17,25.6,25.77,25.360001,25.68,1310300
1731,2006-11-20,25.459999,25.9,25.379999,25.84,1068200
1732,2006-11-21,25.73,25.870001,25.549999,25.76,876500
1733,2006-11-22,25.790001,26.049999,25.700001,25.9,825400
1734,2006-11-24,25.799999,25.950001,25.700001,25.85,425300
1735,2006-11-27,25.75,25.85,24.610001,24.65,1802200
1736,2006-11-28,24.610001,24.83,24.32,24.799999,1886800
1737,2006-11-29,24.950001,25.33,24.9,25.120001,944400
1738,2006-11-30,25.1,25.1,24.74,24.790001,1511500
1739,2006-12-01,24.91,25.09,24.370001,24.530001,1529400
1740,2006-12-04,24.49,24.799999,24.459999,24.66,2402800
1741,2006-12-05,24.780001,24.889999,24.65,24.799999,1914000
1742,2006-12-06,24.76,25.120001,24.610001,24.889999,1576100
1743,2006-12-07,24.969999,25.040001,24.58,24.620001,675400
1744,2006-12-08,24.559999,25.09,24.42,24.92,1536200
1745,2006-12-11,24.93,25.01,24.709999,24.860001,1089800
1746,2006-12-12,24.870001,25.120001,24.690001,24.76,1409400
1747,2006-12-13,24.99,25.0,24.73,24.889999,861800
1748,2006-12-14,24.889999,25.35,24.82,25.040001,1375100
1749,2006-12-15,25.27,25.389999,25.01,25.299999,1404500
1750,2006-12-18,26.0,26.66,25.809999,25.860001,2121800
1751,2006-12-19,25.66,25.76,25.25,25.549999,1317000
1752,2006-12-20,25.52,25.969999,25.48,25.969999,1625000
1753,2006-12-21,26.0,26.15,25.75,25.93,1452900
1754,2006-12-22,25.93,25.99,25.52,25.549999,564900
1755,2006-12-26,25.799999,25.92,25.450001,25.639999,708400
1756,2006-12-27,25.799999,26.08,25.799999,26.07,776800
1757,2006-12-28,25.91,26.139999,25.65,26.0,815700
1758,2006-12-29,25.98,26.139999,25.48,25.530001,831300
1759,2007-01-03,25.610001,26.26,25.559999,26.0,1762900
1760,2007-01-04,26.0,27.1,25.889999,27.1,1771400
1761,2007-01-05,27.26,27.26,26.68,26.84,1516200
1762,2007-01-08,26.98,27.450001,26.85,27.32,2039200
1763,2007-01-09,27.52,27.780001,27.290001,27.620001,2213500
1764,2007-01-10,27.620001,27.73,27.290001,27.57,940400
1765,2007-01-11,27.620001,28.26,27.620001,27.879999,1756200
1766,2007-01-12,27.93,28.309999,27.809999,28.08,1307200
1767,2007-01-16,28.290001,28.33,27.799999,27.9,1998900
1768,2007-01-17,27.9,28.16,27.75,27.76,2350400
1769,2007-01-18,27.75,27.75,25.76,25.889999,4114300
1770,2007-01-19,25.799999,26.450001,25.799999,26.41,1842200
1771,2007-01-22,26.129999,26.26,25.549999,25.700001,1955100
1772,2007-01-23,25.700001,26.18,25.639999,25.959999,1083800
1773,2007-01-24,26.1,26.35,26.030001,26.110001,1605800
1774,2007-01-25,28.200001,30.1,27.91,29.6,6152700
1775,2007-01-26,29.85,29.950001,29.299999,29.66,2542900
1776,2007-01-29,29.639999,30.200001,29.459999,30.17,2166500
1777,2007-01-30,30.139999,30.879999,29.93,30.790001,1850400
1778,2007-01-31,30.6,31.209999,30.27,31.049999,1439800
1779,2007-02-01,31.200001,32.150002,31.18,32.0,2748400
1780,2007-02-02,32.0,32.59,31.73,32.110001,2828900
1781,2007-02-05,32.150002,32.59,31.92,32.419998,2733300
1782,2007-02-06,32.419998,32.779999,32.220001,32.779999,2804600
1783,2007-02-07,32.75,33.529999,32.709999,33.34,1928700
1784,2007-02-08,33.200001,34.470001,33.09,34.209999,3108200
1785,2007-02-09,34.349998,35.310001,34.040001,34.459999,3961500
1786,2007-02-12,34.580002,34.580002,33.369999,34.330002,2581700
1787,2007-02-13,34.580002,35.18,34.470001,35.009998,2303600
1788,2007-02-14,34.919998,35.709999,34.849998,35.310001,1654000
1789,2007-02-15,35.0,36.169998,34.669998,35.380001,2521600
1790,2007-02-16,35.380001,35.48,34.98,35.310001,1461200
1791,2007-02-20,35.450001,36.139999,35.150002,36.130001,2037600
1792,2007-02-21,35.099998,35.41,34.529999,35.330002,3151000
1793,2007-02-22,35.150002,36.099998,34.889999,36.02,2170400
1794,2007-02-23,35.77,36.98,35.740002,36.779999,2446200
1795,2007-02-26,36.959999,36.970001,36.25,36.619999,1413300
1796,2007-02-27,35.93,35.939999,35.040001,35.560001,2207300
1797,2007-02-28,35.619999,36.779999,35.34,36.59,2439100
1798,2007-03-01,36.099998,36.57,35.049999,36.290001,2248100
1799,2007-03-02,36.189999,36.189999,33.66,33.75,5781900
1800,2007-03-05,33.549999,34.509998,33.52,34.110001,2565300
1801,2007-03-06,34.110001,35.049999,34.110001,34.869999,2236300
1802,2007-03-07,34.950001,36.299999,34.849998,36.099998,1933100
1803,2007-03-08,36.5,36.849998,36.209999,36.400002,1727400
1804,2007-03-09,36.799999,37.139999,36.189999,36.48,2020400
1805,2007-03-12,36.369999,38.029999,36.369999,38.009998,2306600
1806,2007-03-13,37.849998,37.849998,36.18,36.23,2110700
1807,2007-03-14,36.310001,36.509998,35.75,36.310001,2892800
1808,2007-03-15,36.25,36.450001,35.91,36.220001,2656100
1809,2007-03-16,36.200001,36.389999,35.73,35.98,2180800
1810,2007-03-19,36.099998,36.5,36.080002,36.299999,1249500
1811,2007-03-20,36.349998,37.32,36.259998,37.130001,2083700
1812,2007-03-21,37.48,38.0,37.07,37.990002,2815000
1813,2007-03-22,38.0,38.07,37.290001,37.900002,2360200
1814,2007-03-23,37.830002,38.189999,37.77,37.889999,2327900
1815,2007-03-26,38.0,38.18,37.330002,37.799999,1876400
1816,2007-03-27,37.779999,38.200001,37.220001,37.759998,3529300
1817,2007-03-28,37.650002,37.650002,36.450001,36.490002,1965700
1818,2007-03-29,36.599998,36.849998,35.860001,36.32,2801800
1819,2007-03-30,36.419998,36.52,36.029999,36.139999,1725300
1820,2007-04-02,36.52,36.66,35.810001,36.389999,2278900
1821,2007-04-03,37.029999,37.34,36.860001,37.040001,2025300
1822,2007-04-04,37.110001,37.360001,37.0,37.209999,1771500
1823,2007-04-05,37.580002,39.16,37.52,38.880001,3216600
1824,2007-04-09,39.040001,39.040001,37.889999,38.330002,2815200
1825,2007-04-10,38.549999,38.700001,38.080002,38.48,1424800
1826,2007-04-11,38.560001,39.0,38.310001,38.75,2401400
1827,2007-04-12,38.650002,38.650002,37.790001,38.43,1647500
1828,2007-04-13,39.299999,39.299999,37.82,38.299999,1535700
1829,2007-04-16,37.5,38.990002,37.380001,38.650002,1673100
1830,2007-04-17,38.650002,38.650002,37.799999,38.209999,1089800
1831,2007-04-18,38.209999,38.419998,37.830002,38.02,1610100
1832,2007-04-19,37.860001,38.080002,36.779999,37.700001,2114100
1833,2007-04-20,38.02,38.400002,37.849998,38.330002,1853900
1834,2007-04-23,38.41,39.330002,38.25,39.0,2832300
1835,2007-04-24,39.0,39.0,38.029999,38.91,1933800
1836,2007-04-25,39.150002,39.650002,38.73,39.369999,2246700
1837,2007-04-26,38.75,42.259998,38.5,41.869999,4674100
1838,2007-04-27,41.299999,41.869999,41.110001,41.360001,2088200
1839,2007-04-30,41.360001,41.779999,40.900002,40.900002,2969800
1840,2007-05-01,40.849998,41.349998,40.709999,40.98,3489100
1841,2007-05-02,40.98,41.169998,40.830002,40.959999,3043800
1842,2007-05-03,40.959999,42.369999,40.959999,42.18,1738300
1843,2007-05-04,42.41,42.490002,41.709999,41.990002,1625500
1844,2007-05-07,41.93,42.200001,41.709999,41.860001,995200
1845,2007-05-08,41.75,42.049999,41.169998,41.950001,1498200
1846,2007-05-09,41.849998,43.049999,41.810001,42.860001,1756000
1847,2007-05-10,42.75,42.880001,42.389999,42.790001,2682600
1848,2007-05-11,42.84,43.18,42.509998,43.07,1488000
1849,2007-05-14,43.0,43.709999,42.720001,42.950001,2400200
1850,2007-05-15,42.900002,43.549999,42.540001,42.619999,1752000
1851,2007-05-16,43.029999,43.25,42.73,43.150002,1383000
1852,2007-05-17,43.02,43.02,41.970001,42.0,1362800
1853,2007-05-18,42.220001,42.43,41.610001,42.290001,1199300
1854,2007-05-21,42.369999,43.25,42.290001,42.98,1124200
1855,2007-05-22,42.400002,42.619999,41.650002,42.560001,1460000
1856,2007-05-23,42.599998,42.740002,40.700001,41.0,2811500
1857,2007-05-24,41.150002,41.299999,40.150002,40.330002,1845200
1858,2007-05-25,40.330002,40.560001,40.119999,40.400002,1634700
1859,2007-05-29,40.639999,41.240002,40.639999,41.049999,1656000
1860,2007-05-30,40.919998,42.18,40.540001,42.139999,2106300
1861,2007-05-31,42.459999,42.970001,42.259998,42.84,3426500
1862,2007-06-01,42.98,43.220001,42.580002,43.060001,1455600
1863,2007-06-04,42.91,43.700001,42.549999,43.619999,1521300
1864,2007-06-05,43.619999,43.900002,42.790001,43.119999,1373100
1865,2007-06-06,43.130001,43.16,41.919998,42.110001,1223800
1866,2007-06-07,42.110001,42.66,41.240002,41.25,1309300
1867,2007-06-08,41.240002,42.59,40.93,42.57,1473800
1868,2007-06-11,42.560001,43.200001,41.919998,42.5,1238700
1869,2007-06-12,42.419998,42.759998,41.98,42.029999,1961400
1870,2007-06-13,42.25,44.18,41.639999,42.009998,2121700
1871,2007-06-14,42.150002,42.599998,42.049999,42.599998,929800
1872,2007-06-15,42.830002,43.360001,42.759998,43.119999,1115500
1873,2007-06-18,43.040001,43.040001,42.130001,42.700001,914400
1874,2007-06-19,42.639999,42.650002,41.240002,41.799999,2268100
1875,2007-06-20,42.049999,42.439999,41.049999,41.099998,1878800
1876,2007-06-21,41.099998,42.220001,40.360001,42.220001,1975200
1877,2007-06-22,42.0,42.0,41.25,41.82,2090600
1878,2007-06-25,42.529999,42.630001,41.619999,41.689999,1920100
1879,2007-06-26,41.990002,42.200001,40.509998,40.630001,2483100
1880,2007-06-27,40.630001,40.830002,40.060001,40.439999,3381800
1881,2007-06-28,40.43,40.43,39.43,39.509998,3171900
1882,2007-06-29,39.580002,40.419998,39.470001,39.639999,1959000
1883,2007-07-02,39.75,41.580002,39.75,41.380001,2289100
1884,2007-07-03,41.43,41.950001,41.34,41.439999,777400
1885,2007-07-05,41.439999,41.639999,40.700001,40.860001,1402300
1886,2007-07-06,41.09,41.5,40.939999,41.200001,1698600
1887,2007-07-09,41.48,41.75,40.830002,41.349998,1336500
1888,2007-07-10,41.040001,41.040001,40.02,40.150002,2387800
1889,2007-07-11,40.07,40.900002,40.07,40.540001,2066900
1890,2007-07-12,40.84,41.200001,40.599998,41.0,2057900
1891,2007-07-13,41.02,41.290001,40.599998,40.970001,1090400
1892,2007-07-16,40.779999,41.799999,40.560001,40.860001,1698000
1893,2007-07-17,40.759998,41.75,40.560001,41.349998,1923400
1894,2007-07-18,40.939999,41.529999,40.880001,41.25,1589200
1895,2007-07-19,41.75,44.68,41.720001,44.330002,4882400
1896,2007-07-20,44.02,44.41,43.209999,43.779999,2281400
1897,2007-07-23,44.060001,44.150002,43.259998,43.299999,1540600
1898,2007-07-24,42.84,43.290001,42.41,42.68,2041900
1899,2007-07-25,42.540001,42.700001,40.98,41.259998,2658900
1900,2007-07-26,40.59,40.959999,39.349998,40.189999,2089400
1901,2007-07-27,40.450001,40.549999,38.5,38.619999,2968500
1902,2007-07-30,38.459999,39.310001,38.369999,39.130001,1384100
1903,2007-07-31,39.509998,39.66,37.759998,37.880001,2642800
1904,2007-08-01,37.810001,38.09,36.799999,38.0,2876400
1905,2007-08-02,38.110001,38.400002,37.43,38.139999,1429200
1906,2007-08-03,38.139999,38.139999,36.360001,36.459999,2548200
1907,2007-08-06,36.799999,36.860001,35.700001,36.509998,2690100
1908,2007-08-07,36.25,37.060001,35.880001,36.5,2912300
1909,2007-08-08,38.75,40.290001,35.23,36.169998,4711500
1910,2007-08-09,35.009998,35.880001,33.0,34.34,4236900
1911,2007-08-10,33.830002,37.75,32.43,36.759998,4383400
1912,2007-08-13,38.759998,41.099998,38.0,39.419998,3434400
1913,2007-08-14,39.09,40.139999,38.459999,39.27,2130400
1914,2007-08-15,39.27,39.740002,37.43,37.619999,2078400
1915,2007-08-16,37.009998,38.68,36.669998,38.490002,2823800
1916,2007-08-17,39.669998,40.150002,38.290001,39.060001,1737300
1917,2007-08-20,39.0,39.290001,37.919998,38.799999,1457300
1918,2007-08-21,38.889999,39.23,38.41,38.91,1429000
1919,2007-08-22,39.369999,40.34,38.439999,38.73,2252700
1920,2007-08-23,39.049999,39.380001,38.560001,39.080002,1456100
1921,2007-08-24,39.02,39.5,38.57,39.220001,1081200
1922,2007-08-27,39.220001,39.57,38.459999,38.619999,1027600
1923,2007-08-28,38.490002,38.810001,37.459999,37.669998,980500
1924,2007-08-29,37.98,38.419998,37.700001,38.220001,960500
1925,2007-08-30,37.75,38.98,37.669998,38.240002,1789800
1926,2007-08-31,38.849998,39.529999,38.459999,39.310001,1168600
1927,2007-09-04,39.630001,40.720001,39.310001,40.27,1727200
1928,2007-09-05,40.029999,40.880001,39.119999,39.310001,1374800
1929,2007-09-06,39.610001,40.34,39.25,40.290001,1393000
1930,2007-09-07,39.75,40.290001,39.200001,39.459999,1177700
1931,2007-09-10,39.740002,40.23,38.57,39.610001,1088600
1932,2007-09-11,39.740002,40.200001,39.290001,39.93,1019800
1933,2007-09-12,39.66,40.32,39.439999,39.889999,999300
1934,2007-09-13,40.0,40.259998,39.150002,39.23,2061600
1935,2007-09-14,38.82,39.25,38.259998,38.68,1430600
1936,2007-09-17,38.32,39.060001,38.049999,38.049999,1260300
1937,2007-09-18,38.23,40.52,38.16,40.439999,1861200
1938,2007-09-19,40.5,41.509998,40.360001,40.630001,1357300
1939,2007-09-20,40.669998,41.119999,40.18,41.0,1133000
1940,2007-09-21,41.279999,41.700001,40.93,41.540001,2579500
1941,2007-09-24,41.5,41.700001,40.32,41.029999,1431600
1942,2007-09-25,41.029999,41.599998,40.610001,41.459999,1001500
1943,2007-09-26,40.25,41.07,39.970001,40.23,1292100
1944,2007-09-27,40.75,41.220001,39.810001,41.16,1112500
1945,2007-09-28,41.0,41.23,39.59,39.860001,1428100
1946,2007-10-01,39.860001,40.68,39.689999,40.349998,1174600
1947,2007-10-02,40.299999,41.529999,40.099998,41.380001,894700
1948,2007-10-03,41.07,42.41,40.75,42.119999,1516500
1949,2007-10-04,42.200001,42.5,41.779999,42.349998,1098000
1950,2007-10-05,42.540001,44.029999,42.540001,43.75,1102200
1951,2007-10-08,44.25,44.25,43.130001,43.389999,654400
1952,2007-10-09,43.709999,43.740002,42.709999,43.57,969700
1953,2007-10-10,43.41,43.77,42.720001,43.32,1849800
1954,2007-10-11,43.450001,44.09,42.16,42.84,1056900
1955,2007-10-12,43.060001,44.369999,43.060001,43.470001,1148900
1956,2007-10-15,43.75,44.080002,43.200001,43.560001,621100
1957,2007-10-16,43.25,43.900002,43.049999,43.240002,725600
1958,2007-10-17,43.290001,43.880001,42.240002,42.900002,1083300
1959,2007-10-18,42.650002,42.950001,42.259998,42.41,988500
1960,2007-10-19,42.41,42.48,41.43,41.450001,928600
1961,2007-10-22,40.900002,42.209999,40.799999,41.98,1022300
1962,2007-10-23,42.5,42.5,40.450001,40.57,2313200
1963,2007-10-24,40.41,40.610001,38.73,39.59,2335600
1964,2007-10-25,42.18,42.439999,38.689999,40.049999,3379400
1965,2007-10-26,40.639999,40.860001,39.0,39.349998,2244000
1966,2007-10-29,39.650002,40.950001,39.549999,40.639999,1396400
1967,2007-10-30,40.720001,41.790001,40.32,41.009998,1211700
1968,2007-10-31,41.049999,42.310001,40.709999,41.720001,1257300
1969,2007-11-01,41.400002,42.380001,41.200001,41.950001,1515200
1970,2007-11-02,42.139999,42.34,40.189999,40.5,1409700
1971,2007-11-05,39.669998,40.450001,38.84,38.93,2195100
1972,2007-11-06,39.0,39.310001,37.869999,38.82,1854600
1973,2007-11-07,38.700001,39.0,37.310001,37.380001,1917700
1974,2007-11-08,37.029999,38.080002,35.98,37.0,2344600
1975,2007-11-09,36.5,37.259998,35.91,36.599998,2700300
1976,2007-11-12,36.369999,37.450001,34.990002,35.200001,3434700
1977,2007-11-13,35.470001,36.360001,35.080002,35.84,2123400
1978,2007-11-14,35.959999,36.310001,35.560001,35.77,2344100
1979,2007-11-15,35.369999,35.75,34.549999,35.099998,3148300
1980,2007-11-16,35.150002,35.200001,32.790001,33.43,4014800
1981,2007-11-19,33.150002,34.169998,32.810001,33.91,2360500
1982,2007-11-20,34.18,35.240002,33.25,34.099998,3056200
1983,2007-11-21,33.799999,34.470001,32.970001,33.150002,2275000
1984,2007-11-23,33.290001,33.439999,32.810001,32.990002,586300
1985,2007-11-26,33.119999,34.41,32.32,33.34,2152100
1986,2007-11-27,33.799999,34.139999,33.049999,33.849998,1740200
1987,2007-11-28,34.040001,35.380001,34.040001,34.799999,1508700
1988,2007-11-29,34.919998,35.290001,34.66,34.869999,1698600
1989,2007-11-30,35.150002,35.669998,34.290001,34.5,1436500
1990,2007-12-03,34.279999,34.41,33.470001,33.799999,1884100
1991,2007-12-04,33.849998,34.939999,33.810001,34.349998,1999300
1992,2007-12-05,34.490002,35.349998,34.18,34.48,1198900
1993,2007-12-06,34.490002,35.580002,34.290001,35.540001,1572700
1994,2007-12-07,35.709999,37.25,35.48,37.099998,2400800
1995,2007-12-10,37.130001,37.130001,35.759998,36.259998,1689800
1996,2007-12-11,37.549999,37.689999,35.02,35.169998,2158100
1997,2007-12-12,35.66,36.389999,35.02,35.32,2689500
1998,2007-12-13,35.23,35.84,34.599998,35.650002,1764400
1999,2007-12-14,35.400002,35.59,34.66,35.0,1843700
2000,2007-12-17,34.759998,35.139999,32.799999,34.75,1514900
2001,2007-12-18,34.880001,34.880001,32.59,33.200001,3485000
2002,2007-12-19,33.07,34.580002,33.07,34.380001,2002900
2003,2007-12-20,34.700001,35.57,34.400002,35.57,1493200
2004,2007-12-21,35.650002,36.810001,35.490002,35.91,1858600
2005,2007-12-24,35.880001,36.540001,35.759998,36.279999,253100
2006,2007-12-26,36.599998,36.599998,35.810001,36.189999,638100
2007,2007-12-27,36.150002,36.25,35.189999,35.25,506600
2008,2007-12-28,35.110001,35.790001,34.970001,35.369999,647100
2009,2007-12-31,35.389999,35.59,34.630001,34.970001,925000
2010,2008-01-02,34.759998,35.43,33.84,34.619999,1194600
2011,2008-01-03,34.610001,35.25,33.299999,33.48,1492400
2012,2008-01-04,33.099998,33.32,31.32,31.639999,2219800
2013,2008-01-07,31.549999,32.290001,31.32,31.77,1609400
2014,2008-01-08,32.02,32.040001,30.15,30.190001,1640700
2015,2008-01-09,30.1,31.26,29.98,30.99,1486900
2016,2008-01-10,30.709999,31.58,30.33,31.1,1855800
2017,2008-01-11,30.9,31.02,30.25,30.27,1253200
2018,2008-01-14,30.530001,31.68,30.23,31.190001,1175000
2019,2008-01-15,30.799999,31.219999,30.01,30.299999,1326600
2020,2008-01-16,29.969999,31.26,29.959999,30.66,1211900
2021,2008-01-17,30.66,31.389999,29.360001,29.43,1443500
2022,2008-01-18,29.82,31.41,29.5,31.120001,2071900
2023,2008-01-22,29.82,31.559999,29.540001,30.58,1720300
2024,2008-01-23,29.74,30.65,28.870001,30.5,1720900
2025,2008-01-24,31.99,35.040001,31.5,34.73,4204600
2026,2008-01-25,33.900002,36.0,32.0,33.549999,2497500
2027,2008-01-28,33.490002,33.849998,32.759998,33.849998,2137500
2028,2008-01-29,34.099998,35.099998,33.990002,35.09,2046900
2029,2008-01-30,34.950001,35.939999,34.540001,35.209999,1697400
2030,2008-01-31,34.759998,35.860001,34.330002,35.610001,2631600
2031,2008-02-01,35.599998,36.82,35.509998,36.740002,1666900
2032,2008-02-04,36.73,36.73,35.41,35.900002,1408000
2033,2008-02-05,35.220001,35.279999,33.970001,34.619999,1763500
2034,2008-02-06,34.84,34.84,33.5,33.889999,1761800
2035,2008-02-07,33.759998,34.459999,32.57,34.459999,3249300
2036,2008-02-08,34.290001,34.490002,33.130001,33.540001,1291600
2037,2008-02-11,33.639999,34.459999,33.599998,34.419998,1512700
2038,2008-02-12,34.529999,35.0,33.880001,34.130001,1297400
2039,2008-02-13,34.57,35.110001,34.279999,34.810001,1288800
2040,2008-02-14,34.790001,34.98,32.810001,32.900002,1532300
2041,2008-02-15,32.779999,33.009998,32.200001,32.709999,1442800
2042,2008-02-19,33.110001,33.580002,32.970001,33.18,1275800
2043,2008-02-20,32.959999,34.169998,32.959999,33.880001,1158900
2044,2008-02-21,34.009998,34.73,34.009998,34.32,1521900
2045,2008-02-22,34.349998,34.650002,33.720001,34.200001,1993800
2046,2008-02-25,34.310001,35.099998,33.75,34.970001,1343700
2047,2008-02-26,35.869999,35.869999,34.509998,35.57,1709300
2048,2008-02-27,35.220001,36.400002,35.080002,36.099998,1486000
2049,2008-02-28,35.84,36.169998,34.459999,34.880001,1199000
2050,2008-02-29,34.580002,34.580002,33.549999,33.709999,1074600
2051,2008-03-03,33.650002,33.990002,33.23,33.849998,1629800
2052,2008-03-04,33.57,33.860001,32.619999,33.580002,1653100
2053,2008-03-05,33.880001,34.34,33.68,33.970001,1659500
2054,2008-03-06,33.849998,33.950001,33.279999,33.459999,1026600
2055,2008-03-07,33.0,33.939999,32.599998,33.389999,1239900
2056,2008-03-10,33.369999,33.98,32.759998,32.790001,815500
2057,2008-03-11,33.490002,33.700001,31.959999,32.919998,1579000
2058,2008-03-12,32.950001,33.130001,32.09,32.16,1635100
2059,2008-03-13,31.74,32.540001,31.17,32.209999,2120800
2060,2008-03-14,32.459999,32.689999,31.209999,31.65,1655900
2061,2008-03-17,30.91,31.83,30.73,30.75,1999200
2062,2008-03-18,31.35,31.67,30.860001,31.58,1806100
2063,2008-03-19,31.67,31.77,30.700001,30.700001,927200
2064,2008-03-20,30.59,31.870001,30.200001,31.870001,1529400
2065,2008-03-24,31.75,34.02,31.75,33.580002,1959400
2066,2008-03-25,33.459999,33.740002,32.950001,33.68,1084000
2067,2008-03-26,33.599998,33.790001,33.16,33.619999,1161300
2068,2008-03-27,33.709999,33.709999,32.130001,32.130001,1489000
2069,2008-03-28,32.34,33.119999,32.310001,32.619999,1532500
2070,2008-03-31,32.220001,32.93,32.029999,32.73,1399700
2071,2008-04-01,32.990002,34.189999,32.990002,34.029999,864900
2072,2008-04-02,33.950001,34.259998,33.23,33.669998,1375400
2073,2008-04-03,33.450001,33.75,33.0,33.619999,1413600
2074,2008-04-04,33.5,34.0,33.040001,33.509998,666500
2075,2008-04-07,33.639999,35.0,33.639999,34.119999,887700
2076,2008-04-08,34.009998,34.369999,33.700001,34.060001,943300
2077,2008-04-09,34.18,34.18,33.25,33.380001,506200
2078,2008-04-10,33.279999,33.98,32.91,33.869999,1106400
2079,2008-04-11,33.310001,33.689999,32.57,32.700001,861400
2080,2008-04-14,32.630001,32.869999,32.200001,32.330002,709000
2081,2008-04-15,30.0,31.129999,27.76,28.379999,8983800
2082,2008-04-16,28.200001,28.389999,27.68,28.309999,3298200
2083,2008-04-17,28.139999,28.26,27.65,28.200001,2008300
2084,2008-04-18,28.719999,28.73,27.48,27.540001,2496500
2085,2008-04-21,27.389999,27.67,26.889999,27.25,2420100
2086,2008-04-22,27.16,27.370001,26.709999,27.08,1527100
2087,2008-04-23,26.9,27.92,25.860001,26.389999,3625700
2088,2008-04-24,26.110001,26.83,25.65,26.690001,2570900
2089,2008-04-25,26.809999,27.129999,25.68,26.190001,2623400
2090,2008-04-28,26.43,27.440001,25.93,27.16,2617200
2091,2008-04-29,27.07,27.209999,26.51,26.629999,2590900
2092,2008-04-30,26.879999,26.879999,26.129999,26.190001,2705400
2093,2008-05-01,26.469999,27.870001,26.0,27.43,2351200
2094,2008-05-02,27.43,27.639999,27.09,27.59,2505000
2095,2008-05-05,27.74,27.889999,26.870001,27.219999,2834300
2096,2008-05-06,27.209999,27.83,26.92,27.66,1782900
2097,2008-05-07,27.889999,27.99,26.959999,27.0,2814100
2098,2008-05-08,27.389999,27.459999,26.889999,27.0,1834300
2099,2008-05-09,26.799999,27.35,26.66,27.24,1726400
2100,2008-05-12,27.35,27.52,26.950001,27.43,1093200
2101,2008-05-13,27.780001,27.780001,27.35,27.52,1853400
2102,2008-05-14,27.73,28.059999,27.49,27.620001,3122000
2103,2008-05-15,27.940001,28.35,27.379999,28.33,1964900
2104,2008-05-16,28.52,28.52,27.799999,27.879999,1881600
2105,2008-05-19,27.84,28.33,27.719999,27.93,2206100
2106,2008-05-20,27.82,27.889999,27.09,27.360001,1798100
2107,2008-05-21,27.459999,27.51,26.610001,26.709999,1669700
2108,2008-05-22,26.969999,27.889999,26.41,27.84,2252000
2109,2008-05-23,27.700001,28.16,27.440001,27.950001,2420400
2110,2008-05-27,27.959999,28.52,27.950001,28.379999,1523800
2111,2008-05-28,28.5,28.709999,28.379999,28.709999,2169100
2112,2008-05-29,28.73,29.18,28.5,29.0,1851600
2113,2008-05-30,29.1,29.700001,28.719999,29.52,2280100
2114,2008-06-02,29.42,29.74,28.940001,29.299999,2199100
2115,2008-06-03,29.440001,30.190001,29.040001,29.6,2359400
2116,2008-06-04,29.59,30.389999,29.18,30.33,2406300
2117,2008-06-05,30.4,31.379999,30.18,31.33,2745000
2118,2008-06-06,31.059999,31.35,30.58,30.58,1907800
2119,2008-06-09,30.67,30.77,29.540001,30.0,1431000
2120,2008-06-10,29.74,30.07,29.57,29.83,1557800
2121,2008-06-11,29.6,29.780001,28.620001,28.620001,1367000
2122,2008-06-12,28.67,29.389999,28.67,29.07,1527200
2123,2008-06-13,29.049999,29.959999,29.049999,29.68,1344700
2124,2008-06-16,29.360001,29.98,29.360001,29.639999,1976300
2125,2008-06-17,29.780001,29.92,29.379999,29.5,1516300
2126,2008-06-18,29.190001,29.549999,28.959999,29.110001,1485300
2127,2008-06-19,28.9,29.969999,28.9,29.85,1389800
2128,2008-06-20,29.030001,29.65,28.709999,29.15,1792400
2129,2008-06-23,29.32,29.68,28.790001,28.85,844300
2130,2008-06-24,28.5,29.02,27.889999,28.15,1673100
2131,2008-06-25,28.049999,29.280001,28.049999,28.860001,738600
2132,2008-06-26,28.15,28.76,28.059999,28.32,1074200
2133,2008-06-27,28.309999,28.309999,26.780001,27.549999,2979000
2134,2008-06-30,26.780001,27.709999,26.74,27.280001,1937200
2135,2008-07-01,26.950001,27.120001,26.450001,27.0,1870700
2136,2008-07-02,27.0,27.0,25.5,25.530001,2099600
2137,2008-07-03,25.559999,25.58,24.690001,25.309999,1466300
2138,2008-07-07,25.4,26.450001,25.4,26.09,2147100
2139,2008-07-08,25.98,26.959999,25.6,26.879999,1844000
2140,2008-07-09,26.629999,27.0,25.780001,25.85,887700
2141,2008-07-10,25.639999,25.92,25.15,25.709999,1478800
2142,2008-07-11,25.51,26.129999,25.190001,25.5,1675800
2143,2008-07-14,25.860001,25.93,24.76,25.0,1149500
2144,2008-07-15,24.799999,25.389999,24.379999,25.120001,1269000
2145,2008-07-16,25.16,26.02,24.780001,25.93,1342500
2146,2008-07-17,26.02,27.360001,26.02,27.299999,1147100
2147,2008-07-18,27.209999,27.709999,27.0,27.57,1069700
2148,2008-07-21,28.08,28.08,26.93,27.24,919500
2149,2008-07-22,27.02,27.059999,25.74,26.57,1873200
2150,2008-07-23,26.9,29.280001,26.76,28.98,3731100
2151,2008-07-24,28.879999,28.91,27.860001,27.9,899800
2152,2008-07-25,28.290001,28.370001,26.889999,27.379999,1668200
2153,2008-07-28,27.34,27.879999,27.27,27.4,963400
2154,2008-07-29,27.4,28.049999,27.280001,27.799999,1225400
2155,2008-07-30,28.01,28.4,27.49,27.690001,1012000
2156,2008-07-31,27.5,28.02,27.24,27.26,1074600
2157,2008-08-01,27.139999,27.67,26.74,26.82,1029500
2158,2008-08-04,26.77,27.299999,26.620001,26.950001,644400
2159,2008-08-05,27.0,29.030001,27.0,28.85,2238400
2160,2008-08-06,28.940001,29.33,27.889999,28.879999,2200700
2161,2008-08-07,28.67,29.610001,27.82,28.799999,1154300
2162,2008-08-08,28.91,30.459999,28.76,30.459999,1356300
2163,2008-08-11,30.129999,30.76,29.57,30.41,1289600
2164,2008-08-12,30.370001,31.0,30.190001,30.42,830500
2165,2008-08-13,30.27,31.09,30.01,30.870001,851500
2166,2008-08-14,30.690001,31.309999,30.690001,30.9,1134900
2167,2008-08-15,31.09,31.48,30.879999,31.0,964400
2168,2008-08-18,31.08,31.52,30.5,30.76,957700
2169,2008-08-19,30.74,30.74,29.5,29.780001,1142700
2170,2008-08-20,29.83,30.620001,29.35,29.58,998900
2171,2008-08-21,29.35,29.75,28.91,29.33,821900
2172,2008-08-22,29.51,29.99,29.5,29.99,517500
2173,2008-08-25,29.709999,29.790001,29.120001,29.34,735100
2174,2008-08-26,29.309999,29.700001,29.030001,29.389999,1168600
2175,2008-08-27,29.4,29.68,29.16,29.42,710800
2176,2008-08-28,29.559999,30.219999,29.139999,30.16,1009800
2177,2008-08-29,29.68,30.059999,29.280001,29.35,1237500
2178,2008-09-02,29.719999,30.719999,28.85,28.98,1127500
2179,2008-09-03,28.889999,28.889999,27.809999,27.889999,1723000
2180,2008-09-04,27.67,27.799999,26.799999,27.16,1390000
2181,2008-09-05,26.940001,27.6,26.75,27.42,1168800
2182,2008-09-08,28.030001,28.43,26.959999,27.280001,1284200
2183,2008-09-09,27.290001,27.83,26.450001,26.58,1665800
2184,2008-09-10,26.719999,26.719999,25.950001,26.34,1783400
2185,2008-09-11,26.030001,26.469999,25.540001,26.16,1226900
2186,2008-09-12,25.99,26.35,25.549999,26.280001,2071300
2187,2008-09-15,25.969999,26.59,25.18,25.85,1365300
2188,2008-09-16,25.33,26.110001,24.65,25.940001,2302600
2189,2008-09-17,25.08,26.52,24.860001,24.99,2103900
2190,2008-09-18,25.27,25.99,23.92,25.65,2039700
2191,2008-09-19,26.889999,28.82,26.379999,27.280001,2073500
2192,2008-09-22,27.139999,27.139999,25.629999,25.709999,1070100
2193,2008-09-23,25.780001,26.950001,25.559999,25.76,1888200
2194,2008-09-24,25.190001,25.299999,23.790001,24.200001,2383900
2195,2008-09-25,24.33,25.780001,24.26,25.129999,1722700
2196,2008-09-26,24.83,24.950001,23.959999,24.889999,1254200
2197,2008-09-29,24.799999,24.799999,23.17,23.9,2321700
2198,2008-09-30,24.530001,24.629999,23.77,24.629999,1912000
2199,2008-10-01,24.5,24.5,23.540001,23.780001,1288200
2200,2008-10-02,23.719999,23.719999,21.41,21.65,1801200
2201,2008-10-03,22.030001,23.4,21.65,21.74,1443300
2202,2008-10-06,21.209999,21.440001,19.76,21.27,1858000
2203,2008-10-07,21.620001,21.620001,19.950001,19.950001,1755800
2204,2008-10-08,19.440001,20.24,18.370001,19.389999,2354500
2205,2008-10-09,19.639999,20.33,18.16,18.58,2052500
2206,2008-10-10,17.709999,18.98,16.309999,16.99,3526700
2207,2008-10-13,17.74,19.57,17.74,19.540001,2028600
2208,2008-10-14,20.34,20.75,18.549999,19.08,1756700
2209,2008-10-15,18.610001,18.68,16.969999,16.99,1946200
2210,2008-10-16,16.99,17.58,16.02,17.389999,2123100
2211,2008-10-17,16.860001,17.58,16.75,17.110001,1485000
2212,2008-10-20,17.25,18.23,17.18,18.0,1670000
2213,2008-10-21,17.99,18.040001,17.26,17.48,1032500
2214,2008-10-22,17.1,17.17,16.6,17.030001,2593400
2215,2008-10-23,16.25,17.059999,15.62,16.0,2641100
2216,2008-10-24,14.53,15.86,14.04,14.97,1786100
2217,2008-10-27,14.55,15.73,14.26,15.1,2118800
2218,2008-10-28,15.57,16.0,14.96,15.97,2250300
2219,2008-10-29,15.94,16.92,15.34,16.290001,2250700
2220,2008-10-30,16.73,16.77,16.299999,16.52,1899200
2221,2008-10-31,16.58,17.18,16.280001,16.74,2863600
2222,2008-11-03,16.73,17.389999,16.549999,17.040001,1984000
2223,2008-11-04,17.719999,17.719999,16.98,17.299999,3085700
2224,2008-11-05,17.1,17.57,16.959999,16.98,2501800
2225,2008-11-06,16.950001,17.16,15.98,16.110001,2610100
2226,2008-11-07,16.139999,16.43,15.99,16.32,1912900
2227,2008-11-10,16.75,16.98,16.280001,16.41,1560600
2228,2008-11-11,16.07,16.59,15.71,15.86,1991700
2229,2008-11-12,15.71,15.82,14.63,14.75,2739500
2230,2008-11-13,15.13,15.77,14.33,15.77,3166500
2231,2008-11-14,16.469999,16.469999,14.83,15.02,2750800
2232,2008-11-17,14.92,15.25,14.37,14.49,2464100
2233,2008-11-18,14.52,14.61,13.61,14.2,2438600
2234,2008-11-19,14.2,14.42,13.4,13.49,2272200
2235,2008-11-20,13.56,13.56,12.04,12.1,3158600
2236,2008-11-21,12.41,12.91,11.88,12.8,2970600
2237,2008-11-24,12.94,14.13,12.79,13.86,2481400
2238,2008-11-25,13.95,13.95,12.9,13.51,1874300
2239,2008-11-26,13.02,14.42,13.01,14.33,1958200
2240,2008-11-28,14.2,14.37,13.89,14.24,583200
2241,2008-12-01,13.88,14.19,13.5,13.56,2019500
2242,2008-12-02,13.83,14.27,12.85,14.05,2377000
2243,2008-12-03,14.0,14.66,13.83,14.5,1752400
2244,2008-12-04,14.25,15.42,14.25,14.52,2036300
2245,2008-12-05,14.3,15.23,13.76,15.01,2200500
2246,2008-12-08,15.33,15.75,14.99,15.28,1637300
2247,2008-12-09,15.13,15.71,14.89,15.05,2028000
2248,2008-12-10,15.14,15.35,14.66,14.93,1632900
2249,2008-12-11,14.78,15.07,14.24,14.39,1405300
2250,2008-12-12,14.05,16.23,13.98,16.200001,2372100
2251,2008-12-15,16.23,16.48,15.47,16.110001,2395200
2252,2008-12-16,16.23,17.08,16.120001,16.950001,2003400
2253,2008-12-17,16.75,17.690001,16.43,17.440001,1826500
2254,2008-12-18,17.530001,17.66,16.549999,16.889999,1594400
2255,2008-12-19,17.49,17.68,16.799999,17.139999,1910800
2256,2008-12-22,17.200001,17.200001,16.0,16.43,1210700
2257,2008-12-23,16.469999,17.15,16.43,16.84,1288500
2258,2008-12-24,16.74,17.25,16.450001,17.190001,409900
2259,2008-12-26,17.18,17.42,17.110001,17.379999,684000
2260,2008-12-29,17.299999,17.610001,16.9,17.049999,1162900
2261,2008-12-30,17.25,17.860001,17.120001,17.84,852900
2262,2008-12-31,18.030001,18.4,17.860001,18.209999,1367700
2263,2009-01-02,18.58,19.059999,17.93,18.98,1071700
2264,2009-01-05,18.959999,19.15,18.709999,19.110001,1552000
2265,2009-01-06,19.209999,19.809999,19.200001,19.58,2020600
2266,2009-01-07,19.200001,19.200001,18.27,18.5,1598400
2267,2009-01-08,18.34,18.459999,17.719999,17.99,1737400
2268,2009-01-09,17.889999,18.02,17.030001,17.450001,1911200
2269,2009-01-12,17.65,17.940001,17.18,17.5,1748100
2270,2009-01-13,17.4,17.879999,17.290001,17.690001,1192700
2271,2009-01-14,17.48,17.969999,17.219999,17.370001,2258200
2272,2009-01-15,17.290001,18.02,16.75,17.91,1249300
2273,2009-01-16,17.9,18.360001,17.23,17.959999,1203900
2274,2009-01-20,17.799999,18.01,16.41,16.469999,1700600
2275,2009-01-21,16.690001,17.610001,16.549999,17.540001,1830200
2276,2009-01-22,17.219999,17.690001,16.389999,17.290001,2472400
2277,2009-01-23,17.17,19.09,17.07,18.68,3323500
2278,2009-01-26,18.83,19.5,18.75,19.139999,1562400
2279,2009-01-27,19.219999,19.950001,18.889999,19.719999,1825200
2280,2009-01-28,20.110001,20.67,20.059999,20.459999,1534100
2281,2009-01-29,20.129999,20.459999,19.77,20.0,1825100
2282,2009-01-30,20.200001,20.26,19.610001,19.82,2423300
2283,2009-02-02,18.690001,19.43,18.469999,18.82,2833000
2284,2009-02-03,18.83,19.09,18.5,19.02,1635400
2285,2009-02-04,19.09,19.68,18.9,19.379999,1738300
2286,2009-02-05,19.02,19.99,16.24,19.74,2103400
2287,2009-02-06,19.940001,20.969999,19.75,20.799999,1490000
2288,2009-02-09,20.780001,21.040001,20.32,20.93,1587700
2289,2009-02-10,20.190001,20.809999,19.200001,19.440001,2328900
2290,2009-02-11,19.450001,19.719999,18.48,18.9,2143400
2291,2009-02-12,18.610001,19.799999,18.41,19.799999,1594900
2292,2009-02-13,20.52,20.629999,19.77,20.110001,1682800
2293,2009-02-17,19.540001,19.540001,18.51,18.68,1862200
2294,2009-02-18,18.85,19.0,18.120001,18.620001,1874000
2295,2009-02-19,18.82,19.08,17.639999,17.709999,2386900
2296,2009-02-20,17.35,17.59,16.85,17.110001,2413800
2297,2009-02-23,17.299999,17.639999,16.790001,17.0,2685800
2298,2009-02-24,17.0,18.49,17.0,18.15,2466100
2299,2009-02-25,18.1,18.559999,17.41,18.139999,2352300
2300,2009-02-26,18.41,18.690001,17.51,17.68,1645600
2301,2009-02-27,17.25,17.870001,17.15,17.27,1918700
2302,2009-03-02,16.889999,17.02,16.129999,16.15,1391400
2303,2009-03-03,16.139999,16.74,15.98,16.200001,1697200
2304,2009-03-04,16.209999,17.629999,16.209999,17.200001,1979400
2305,2009-03-05,16.809999,17.26,16.51,16.59,2491000
2306,2009-03-06,16.700001,16.969999,15.78,16.120001,1924300
2307,2009-03-09,15.92,16.530001,15.28,15.4,2016600
2308,2009-03-10,14.55,15.8,14.5,15.79,5523300
2309,2009-03-11,15.82,16.4,15.3,16.16,2923800
2310,2009-03-12,15.98,16.9,15.61,16.860001,1804200
2311,2009-03-13,17.040001,17.18,16.700001,16.85,2891100
2312,2009-03-16,17.24,17.24,16.440001,16.51,1737300
2313,2009-03-17,16.74,16.74,16.07,16.5,2763600
2314,2009-03-18,16.57,17.76,16.299999,17.66,2779200
2315,2009-03-19,17.629999,17.99,17.360001,17.58,1798900
2316,2009-03-20,17.639999,17.879999,16.82,17.030001,2066700
2317,2009-03-23,17.25,17.950001,17.25,17.950001,1685200
2318,2009-03-24,17.639999,18.639999,17.57,18.41,2365500
2319,2009-03-25,18.51,19.1,17.889999,18.5,2253000
2320,2009-03-26,18.75,19.469999,18.629999,19.469999,1735300
2321,2009-03-27,19.129999,19.299999,18.190001,18.34,1627300
2322,2009-03-30,18.0,18.040001,16.879999,17.219999,2242900
2323,2009-03-31,17.440001,17.860001,17.33,17.51,1398800
2324,2009-04-01,17.190001,17.950001,16.9,17.91,1424000
2325,2009-04-02,18.290001,19.549999,18.26,19.08,1790900
2326,2009-04-03,19.02,19.48,18.719999,19.4,992100
2327,2009-04-06,19.16,19.25,18.24,18.620001,1369300
2328,2009-04-07,18.33,18.440001,17.77,17.84,1258600
2329,2009-04-08,17.860001,18.4,17.75,18.18,912900
2330,2009-04-09,18.629999,18.969999,18.52,18.82,973500
2331,2009-04-13,18.620001,18.65,18.129999,18.370001,1432900
2332,2009-04-14,18.09,18.75,17.959999,18.620001,1304100
2333,2009-04-15,18.59,18.790001,18.190001,18.540001,1577600
2334,2009-04-16,18.639999,20.6,18.639999,20.41,2223600
2335,2009-04-17,20.469999,20.469999,19.49,19.57,1803800
2336,2009-04-20,19.27,19.27,18.48,18.77,996500
2337,2009-04-21,18.799999,19.25,18.639999,19.0,1206300
2338,2009-04-22,18.73,20.1,18.719999,19.27,2135900
2339,2009-04-23,19.049999,19.1,17.879999,18.34,3433300
2340,2009-04-24,18.459999,19.15,18.110001,18.959999,3363700
2341,2009-04-27,18.639999,20.129999,18.6,19.950001,2419800
2342,2009-04-28,19.799999,21.16,19.5,20.870001,2488000
2343,2009-04-29,21.110001,22.66,20.58,22.24,2583600
2344,2009-04-30,22.23,23.1,21.84,21.889999,2673800
2345,2009-05-01,21.940001,22.33,21.75,22.190001,1827800
2346,2009-05-04,22.32,23.07,22.110001,23.059999,1231700
2347,2009-05-05,22.93,23.32,22.41,22.549999,1689200
2348,2009-05-06,22.83,23.129999,22.1,22.49,2009000
2349,2009-05-07,22.559999,22.700001,21.139999,21.41,1903800
2350,2009-05-08,21.780001,22.139999,21.24,22.08,1234100
2351,2009-05-11,21.65,22.0,20.879999,21.639999,1479200
2352,2009-05-12,21.9,22.030001,20.540001,21.08,1414700
2353,2009-05-13,20.639999,20.879999,20.139999,20.549999,1592900
2354,2009-05-14,20.610001,21.049999,20.49,20.84,1013500
2355,2009-05-15,20.690001,21.299999,20.540001,20.940001,1073400
2356,2009-05-18,21.15,21.559999,20.780001,21.540001,915400
2357,2009-05-19,21.549999,22.559999,21.4,22.219999,1242400
2358,2009-05-20,22.370001,23.16,22.24,22.34,1218800
2359,2009-05-21,22.09,22.790001,22.0,22.440001,1395100
2360,2009-05-22,22.49,22.620001,21.620001,21.950001,1161400
2361,2009-05-26,21.84,23.25,21.540001,23.02,1676100
2362,2009-05-27,23.040001,23.370001,22.66,22.690001,1136900
2363,2009-05-28,22.85,23.65,22.52,23.51,2169500
2364,2009-05-29,23.35,23.9,22.77,23.01,2323800
2365,2009-06-01,23.360001,23.639999,22.85,22.959999,3043900
2366,2009-06-02,22.91,23.059999,22.42,22.620001,1832700
2367,2009-06-03,22.030001,22.200001,21.559999,22.0,2297700
2368,2009-06-04,22.16,22.25,21.799999,22.219999,1797800
2369,2009-06-05,22.559999,22.620001,22.08,22.48,1367500
2370,2009-06-08,22.43,22.559999,21.879999,22.35,1155200
2371,2009-06-09,22.5,23.049999,22.42,22.85,1278900
2372,2009-06-10,22.9,23.08,22.24,22.629999,845500
2373,2009-06-11,22.700001,23.01,22.360001,22.5,1621200
2374,2009-06-12,22.280001,22.34,21.33,21.719999,1109900
2375,2009-06-15,21.41,21.620001,21.02,21.299999,941600
2376,2009-06-16,21.51,21.6,20.35,20.530001,1261800
2377,2009-06-17,20.57,20.799999,20.24,20.530001,1068900
2378,2009-06-18,20.65,21.530001,20.27,21.35,2369700
2379,2009-06-19,21.52,21.950001,21.48,21.860001,2070300
2380,2009-06-22,21.68,21.68,20.549999,20.549999,1503700
2381,2009-06-23,20.58,20.620001,19.889999,20.08,1640800
2382,2009-06-24,20.120001,21.1,20.07,20.82,1502800
2383,2009-06-25,20.65,21.1,20.65,21.040001,1160300
2384,2009-06-26,20.98,21.610001,20.790001,21.52,1436300
2385,2009-06-29,21.549999,21.58,21.0,21.4,763900
2386,2009-06-30,21.379999,21.66,20.700001,21.030001,1497200
2387,2009-07-01,21.190001,21.82,21.1,21.639999,1206000
2388,2009-07-02,21.27,21.370001,21.09,21.190001,778200
2389,2009-07-06,21.129999,21.379999,20.74,21.01,712000
2390,2009-07-07,20.93,21.030001,20.5,20.5,863600
2391,2009-07-08,20.58,20.58,20.0,20.309999,1485900
2392,2009-07-09,20.43,20.799999,20.370001,20.629999,1089300
2393,2009-07-10,20.450001,20.879999,20.4,20.719999,1333200
2394,2009-07-13,20.85,21.17,20.08,20.92,1570200
2395,2009-07-14,20.9,21.360001,20.74,21.290001,1062800
2396,2009-07-15,21.58,22.85,21.450001,22.809999,2048900
2397,2009-07-16,22.870001,23.709999,22.68,23.620001,1610200
2398,2009-07-17,23.5,23.879999,23.4,23.77,1207600
2399,2009-07-20,23.879999,24.389999,23.76,24.110001,1208300
2400,2009-07-21,24.76,24.76,23.52,24.08,1155200
2401,2009-07-22,23.93,24.4,23.82,24.07,1144900
2402,2009-07-23,23.99,24.48,23.83,24.379999,1666800
2403,2009-07-24,24.1,24.67,23.91,24.67,735400
2404,2009-07-27,24.57,24.790001,24.290001,24.75,841000
2405,2009-07-28,24.459999,24.93,24.030001,24.620001,1036600
2406,2009-07-29,24.530001,24.530001,23.940001,24.15,1078900
2407,2009-07-30,24.5,24.84,24.209999,24.49,1346100
2408,2009-07-31,24.4,24.549999,24.08,24.4,972200
2409,2009-08-03,24.559999,24.92,24.01,24.92,822100
2410,2009-08-04,24.780001,25.83,24.709999,25.58,1477700
2411,2009-08-05,25.389999,25.58,23.59,24.07,2269800
2412,2009-08-06,24.09,24.379999,23.959999,24.129999,996900
2413,2009-08-07,24.5,25.219999,23.98,25.040001,1087900
2414,2009-08-10,24.83,25.15,24.5,24.85,721200
2415,2009-08-11,24.629999,24.860001,24.219999,24.799999,674500
2416,2009-08-12,24.700001,25.549999,24.700001,25.200001,737700
2417,2009-08-13,25.309999,25.33,24.610001,24.75,1219700
2418,2009-08-14,24.639999,24.870001,24.08,24.299999,688100
2419,2009-08-17,23.93,24.07,23.299999,23.52,1465400
2420,2009-08-18,23.57,24.42,23.57,24.290001,957800
2421,2009-08-19,24.01,24.639999,23.98,24.639999,672600
2422,2009-08-20,24.57,24.75,24.43,24.629999,524200
2423,2009-08-21,24.73,25.32,24.700001,25.290001,554400
2424,2009-08-24,25.389999,25.66,25.18,25.309999,651400
2425,2009-08-25,25.469999,25.629999,25.209999,25.559999,1196500
2426,2009-08-26,25.59,26.280001,25.379999,26.09,1182100
2427,2009-08-27,26.09,26.33,25.379999,26.24,749700
2428,2009-08-28,26.309999,27.059999,26.24,26.91,975700
2429,2009-08-31,26.700001,26.860001,26.01,26.65,1406300
2430,2009-09-01,26.58,27.040001,25.65,25.73,904200
2431,2009-09-02,25.860001,26.08,25.59,25.629999,704500
2432,2009-09-03,25.76,25.950001,25.48,25.950001,749000
2433,2009-09-04,26.0,26.68,25.870001,26.52,343400
2434,2009-09-08,26.780001,27.08,26.549999,26.93,898500
2435,2009-09-09,26.93,27.17,26.68,27.08,1167900
2436,2009-09-10,27.139999,27.42,26.92,27.33,1030600
2437,2009-09-11,27.450001,27.459999,26.290001,26.52,1205600
2438,2009-09-14,26.299999,26.67,26.23,26.540001,906100
2439,2009-09-15,26.49,27.15,26.49,26.879999,1009800
2440,2009-09-16,27.030001,27.049999,26.6,26.84,926200
2441,2009-09-17,26.709999,26.99,25.91,26.26,1246400
2442,2009-09-18,26.33,27.0,25.74,26.219999,764700
2443,2009-09-21,26.0,26.709999,25.879999,26.65,990200
2444,2009-09-22,26.790001,27.0,26.639999,26.93,900300
2445,2009-09-23,27.08,27.4,26.73,26.76,981900
2446,2009-09-24,26.799999,27.0,25.83,25.98,1280600
2447,2009-09-25,25.870001,26.049999,25.52,25.9,958300
2448,2009-09-28,25.93,26.709999,25.77,26.41,533300
2449,2009-09-29,26.52,26.76,26.040001,26.1,744800
2450,2009-09-30,26.200001,26.4,25.49,25.969999,929900
2451,2009-10-01,25.969999,26.0,25.08,25.120001,1280700
2452,2009-10-02,24.799999,25.030001,24.49,24.530001,910300
2453,2009-10-05,24.690001,25.01,24.26,24.940001,786200
2454,2009-10-06,25.15,25.49,24.780001,25.34,744300
2455,2009-10-07,25.200001,25.35,25.0,25.17,392400
2456,2009-10-08,25.360001,25.709999,24.9,25.42,1772700
2457,2009-10-09,25.32,26.48,25.280001,26.370001,932200
2458,2009-10-12,26.469999,26.91,26.280001,26.65,840900
2459,2009-10-13,26.5,26.75,26.219999,26.41,587700
2460,2009-10-14,27.25,27.27,26.73,26.940001,863700
2461,2009-10-15,26.780001,26.82,26.389999,26.82,633700
2462,2009-10-16,26.6,26.66,25.639999,26.01,940400
2463,2009-10-19,26.02,26.370001,25.76,26.030001,493700
2464,2009-10-20,26.01,26.27,25.639999,25.809999,570900
2465,2009-10-21,25.83,26.5,25.799999,25.83,651000
2466,2009-10-22,25.76,26.450001,25.32,26.41,909100
2467,2009-10-23,26.860001,26.889999,26.030001,26.18,1270500
2468,2009-10-26,26.120001,26.379999,25.309999,25.620001,1127100
2469,2009-10-27,25.75,26.110001,25.07,25.129999,1166600
2470,2009-10-28,25.02,25.18,23.610001,23.67,1949500
2471,2009-10-29,24.83,25.68,24.6,25.360001,2421700
2472,2009-10-30,25.33,25.870001,24.74,24.780001,1728300
2473,2009-11-02,24.959999,25.530001,24.459999,24.940001,1181800
2474,2009-11-03,24.799999,25.309999,24.49,25.23,1501500
2475,2009-11-04,25.450001,25.790001,25.110001,25.219999,1122300
2476,2009-11-05,25.620001,26.15,25.379999,26.15,1244100
2477,2009-11-06,25.879999,26.540001,25.75,26.4,1586400
2478,2009-11-09,26.58,27.280001,26.58,27.190001,1094800
2479,2009-11-10,27.02,27.459999,26.98,27.309999,1254000
2480,2009-11-11,27.440001,27.75,27.309999,27.629999,1470200
2481,2009-11-12,27.639999,27.879999,27.110001,27.25,779600
2482,2009-11-13,27.42,27.67,26.809999,27.530001,702800
2483,2009-11-16,27.73,28.120001,27.67,27.870001,789400
2484,2009-11-17,27.690001,27.879999,27.24,27.879999,792600
2485,2009-11-18,27.91,28.299999,27.780001,28.09,1458000
2486,2009-11-19,27.75,27.99,27.09,27.4,1246100
2487,2009-11-20,27.18,27.530001,26.67,27.389999,811900
2488,2009-11-23,27.65,28.17,27.48,27.700001,720000
2489,2009-11-24,27.629999,27.799999,27.360001,27.75,833100
2490,2009-11-25,27.9,27.91,27.440001,27.65,657100
2491,2009-11-27,26.77,27.41,26.67,27.15,296500
2492,2009-11-30,27.030001,27.32,26.75,27.25,1031500
2493,2009-12-01,27.540001,28.16,27.51,28.040001,832100
2494,2009-12-02,27.969999,28.709999,27.950001,28.450001,1001800
2495,2009-12-03,28.58,28.940001,28.4,28.440001,887600
2496,2009-12-04,28.82,29.200001,28.299999,28.82,806300
2497,2009-12-07,28.9,29.41,28.58,28.870001,1079300
2498,2009-12-08,28.620001,28.93,28.09,28.66,1107900
2499,2009-12-09,28.59,28.639999,28.190001,28.540001,1006000
2500,2009-12-10,28.66,28.99,28.309999,28.41,931800
2501,2009-12-11,28.65,28.790001,28.18,28.389999,795600
2502,2009-12-14,28.67,28.700001,28.379999,28.629999,1050500
2503,2009-12-15,28.17,29.26,27.879999,29.15,1748800
2504,2009-12-16,29.41,30.389999,29.26,29.73,1799600
2505,2009-12-17,29.33,29.709999,28.76,28.83,1809000
2506,2009-12-18,29.120001,29.139999,28.51,29.09,1247100
2507,2009-12-21,29.309999,29.65,28.99,29.1,1698400
2508,2009-12-22,29.07,29.33,29.02,29.25,953500
2509,2009-12-23,29.25,29.809999,29.219999,29.620001,592300
2510,2009-12-24,29.620001,29.950001,29.610001,29.799999,262200
2511,2009-12-28,29.959999,29.99,29.43,29.77,628900
2512,2009-12-29,29.799999,30.09,29.700001,29.74,785500
2513,2009-12-30,29.530001,30.43,29.52,30.42,636600
2514,2009-12-31,30.49,30.799999,30.120001,30.16,692000
2515,2010-01-04,30.360001,30.65,29.99,30.25,1360200
2516,2010-01-05,30.18,30.290001,29.690001,30.0,1607500
2517,2010-01-06,29.92,29.969999,29.559999,29.809999,1090700
2518,2010-01-07,29.74,29.84,28.9,29.200001,2213100
2519,2010-01-08,29.07,29.76,29.07,29.709999,2050500
2520,2010-01-11,29.91,29.940001,29.360001,29.719999,990100
2521,2010-01-12,29.549999,29.58,28.200001,28.389999,2655600
2522,2010-01-13,28.530001,28.620001,27.809999,28.27,2951600
2523,2010-01-14,28.18,28.870001,28.16,28.84,1458000
2524,2010-01-15,28.809999,28.940001,28.049999,28.09,912300
2525,2010-01-19,28.09,28.66,27.99,28.58,1487900
2526,2010-01-20,28.280001,28.66,28.110001,28.42,1651500
2527,2010-01-21,28.370001,28.92,28.23,28.33,2213000
2528,2010-01-22,28.24,28.309999,26.99,27.08,1179700
2529,2010-01-25,27.290001,27.84,27.16,27.66,1170800
2530,2010-01-26,27.620001,28.190001,27.469999,27.83,1694800
2531,2010-01-27,27.799999,28.040001,27.25,27.860001,1604400
2532,2010-01-28,28.02,28.02,26.32,26.98,1877200
2533,2010-01-29,27.5,27.5,26.309999,26.440001,1640100
2534,2010-02-01,26.66,27.209999,26.66,26.870001,1866400
2535,2010-02-02,26.969999,27.389999,26.73,27.370001,2481400
2536,2010-02-03,27.299999,27.879999,27.280001,27.540001,1307400
2537,2010-02-04,27.27,27.360001,26.26,26.35,1978600
2538,2010-02-05,26.379999,26.870001,26.09,26.809999,2627400
2539,2010-02-08,26.92,27.02,26.440001,26.790001,1938100
2540,2010-02-09,27.26,27.26,26.09,26.940001,2888200
2541,2010-02-10,26.790001,27.16,26.5,26.68,1442900
2542,2010-02-11,26.6,27.25,26.43,27.110001,1902900
2543,2010-02-12,26.780001,27.469999,26.5,27.43,1834100
2544,2010-02-16,27.73,27.799999,27.370001,27.73,977300
2545,2010-02-17,27.860001,27.879999,27.549999,27.809999,826100
2546,2010-02-18,27.82,28.02,27.65,28.0,986300
2547,2010-02-19,27.879999,28.299999,27.690001,28.190001,853200
2548,2010-02-22,28.190001,28.299999,27.58,27.74,1195800
2549,2010-02-23,27.6,27.700001,27.040001,27.27,1496700
2550,2010-02-24,27.27,27.65,27.26,27.43,1039900
2551,2010-02-25,27.030001,27.84,26.690001,27.73,1481200
2552,2010-02-26,27.76,27.780001,27.41,27.610001,1016600
2553,2010-03-01,27.77,28.4,27.74,28.26,1048800
2554,2010-03-02,28.280001,28.530001,27.99,28.32,1126900
2555,2010-03-03,28.42,28.690001,28.25,28.620001,1005000
2556,2010-03-04,28.559999,28.610001,27.68,27.84,1687700
2557,2010-03-05,28.059999,28.200001,27.74,28.049999,1747100
2558,2010-03-08,28.23,28.35,27.98,28.16,1135900
2559,2010-03-09,27.99,28.33,27.99,28.26,2443500
2560,2010-03-10,28.200001,29.040001,28.120001,28.879999,2330800
2561,2010-03-11,28.799999,29.040001,28.559999,28.93,932100
2562,2010-03-12,28.99,28.99,28.370001,28.790001,923300
2563,2010-03-15,28.67,28.780001,28.120001,28.23,933300
2564,2010-03-16,28.26,28.700001,28.07,28.700001,1202000
2565,2010-03-17,28.85,29.639999,28.85,29.51,1241600
2566,2010-03-18,29.6,29.799999,29.190001,29.27,1309500
2567,2010-03-19,29.07,29.4,28.639999,29.07,1700500
2568,2010-03-22,28.790001,29.59,28.790001,29.35,1052300
2569,2010-03-23,29.309999,29.860001,29.18,29.77,914000
2570,2010-03-24,29.65,29.700001,28.92,28.93,961700
2571,2010-03-25,29.209999,29.389999,28.450001,28.459999,1107900
2572,2010-03-26,28.6,28.67,28.209999,28.370001,1147000
2573,2010-03-29,28.879999,30.23,28.879999,29.75,2082800
2574,2010-03-30,29.879999,30.709999,29.879999,30.530001,1857700
2575,2010-03-31,30.41,30.83,29.969999,30.0,1546100
2576,2010-04-01,30.129999,30.75,29.940001,30.4,1964900
2577,2010-04-05,30.6,31.959999,30.4,31.950001,2172800
2578,2010-04-06,31.67,31.83,31.09,31.200001,2048500
2579,2010-04-07,31.27,31.309999,30.809999,31.07,1645500
2580,2010-04-08,30.84,30.879999,30.26,30.48,1297000
2581,2010-04-09,30.530001,31.07,30.200001,31.07,1197800
2582,2010-04-12,31.02,31.25,30.629999,31.01,940400
2583,2010-04-13,31.01,31.4,31.01,31.17,878100
2584,2010-04-14,31.450001,32.369999,31.42,32.34,1208400
2585,2010-04-15,32.360001,32.380001,32.02,32.27,866800
2586,2010-04-16,32.139999,32.200001,31.58,31.85,950500
2587,2010-04-19,31.77,31.91,30.93,31.51,795200
2588,2010-04-20,31.709999,32.150002,31.48,31.969999,773600
2589,2010-04-21,32.110001,32.43,31.85,32.220001,1006200
2590,2010-04-22,32.0,32.27,31.280001,32.25,636200
2591,2010-04-23,32.200001,32.84,32.080002,32.810001,775800
2592,2010-04-26,32.84,32.889999,32.459999,32.5,771700
2593,2010-04-27,32.23,32.93,31.879999,32.029999,1488400
2594,2010-04-28,32.240002,32.689999,31.91,32.610001,1467500
2595,2010-04-29,33.799999,34.09,33.0,33.490002,2105000
2596,2010-04-30,33.599998,33.66,31.790001,31.969999,1969700
2597,2010-05-03,32.720001,33.0,32.169998,32.419998,1657700
2598,2010-05-04,31.860001,31.870001,30.610001,30.75,2183900
2599,2010-05-05,30.389999,30.65,29.959999,30.1,1679000
2600,2010-05-06,29.940001,30.32,27.0,28.450001,3137600
2601,2010-05-07,28.370001,28.52,27.209999,27.49,4256500
2602,2010-05-10,28.959999,29.74,28.209999,29.67,2381300
2603,2010-05-11,29.27,30.190001,29.18,29.52,1812000
2604,2010-05-12,29.68,29.92,29.120001,29.83,1976600
2605,2010-05-13,30.309999,30.57,29.870001,30.120001,1862600
2606,2010-05-14,29.83,29.9,28.74,29.24,1338100
2607,2010-05-17,29.469999,29.85,28.5,29.32,1616200
2608,2010-05-18,29.620001,29.620001,28.209999,28.42,1705000
2609,2010-05-19,28.209999,28.780001,27.719999,28.370001,1644000
2610,2010-05-20,27.5,28.09,26.92,27.360001,1874600
2611,2010-05-21,26.82,28.82,26.76,28.200001,2887600
2612,2010-05-24,28.17,28.49,27.48,27.5,1513500
2613,2010-05-25,27.0,27.57,26.280001,27.379999,1716400
2614,2010-05-26,27.58,28.0,27.110001,27.290001,1473100
2615,2010-05-27,27.99,29.129999,27.75,29.1,1688300
2616,2010-05-28,28.98,29.1,28.49,28.719999,1884900
2617,2010-06-01,28.5,28.73,27.290001,27.309999,1986400
2618,2010-06-02,27.450001,27.790001,26.9,27.77,1771900
2619,2010-06-03,28.059999,28.33,27.43,27.889999,1481800
2620,2010-06-04,27.09,27.549999,26.5,26.58,1638200
2621,2010-06-07,26.68,26.73,25.540001,25.549999,1153800
2622,2010-06-08,25.549999,25.66,25.15,25.620001,1793000
2623,2010-06-09,25.77,26.67,25.66,25.809999,1675800
2624,2010-06-10,26.43,26.51,25.82,26.389999,1120300
2625,2010-06-11,26.059999,27.01,26.059999,26.99,1916200
2626,2010-06-14,27.23,27.59,26.85,26.91,1352600
2627,2010-06-15,27.110001,27.950001,27.110001,27.889999,974300
2628,2010-06-16,27.58,28.07,27.4,27.860001,1282300
2629,2010-06-17,28.01,28.09,27.17,27.99,1625400
2630,2010-06-18,28.120001,28.209999,27.73,27.92,1147400
2631,2010-06-21,28.379999,28.73,27.73,27.91,1818200
2632,2010-06-22,27.879999,28.290001,27.0,27.040001,943700
2633,2010-06-23,27.110001,27.280001,26.719999,26.879999,1468600
2634,2010-06-24,26.639999,26.639999,25.73,25.790001,1052600
2635,2010-06-25,25.9,26.08,25.389999,25.76,1943200
2636,2010-06-28,25.77,26.389999,25.33,25.959999,1354500
2637,2010-06-29,25.41,25.41,24.43,24.620001,1204500
2638,2010-06-30,24.59,24.93,24.07,24.110001,1679600
2639,2010-07-01,24.01,24.35,23.059999,23.93,2215500
2640,2010-07-02,23.950001,24.219999,23.65,23.98,1591200
2641,2010-07-06,24.34,24.620001,23.51,23.76,1705500
2642,2010-07-07,23.76,25.15,23.639999,25.120001,1942700
2643,2010-07-08,25.51,26.23,24.950001,25.16,3021800
2644,2010-07-09,25.120001,25.200001,24.66,25.129999,1840900
2645,2010-07-12,25.0,25.5,24.790001,25.27,1345700
2646,2010-07-13,25.559999,25.780001,25.120001,25.639999,1278000
2647,2010-07-14,25.59,26.280001,25.5,25.790001,1214200
2648,2010-07-15,25.809999,26.08,25.32,25.75,864600
2649,2010-07-16,25.620001,25.68,24.65,24.75,1086200
2650,2010-07-19,24.91,25.299999,24.549999,25.24,817600
2651,2010-07-20,24.790001,25.23,24.290001,25.16,918400
2652,2010-07-21,25.360001,25.440001,24.610001,24.67,678800
2653,2010-07-22,25.129999,25.74,25.110001,25.639999,869700
2654,2010-07-23,25.49,26.08,25.290001,25.98,811500
2655,2010-07-26,25.969999,27.09,25.9,27.08,1433200
2656,2010-07-27,27.32,27.690001,26.74,26.9,1688400
2657,2010-07-28,27.1,27.24,26.059999,26.120001,1969900
2658,2010-07-29,26.309999,26.49,25.370001,25.610001,2386100
2659,2010-07-30,25.280001,25.370001,24.66,25.15,2414900
2660,2010-08-02,25.59,25.950001,25.41,25.790001,1108300
2661,2010-08-03,25.620001,25.92,25.360001,25.870001,916900
2662,2010-08-04,26.08,26.370001,25.92,26.15,1164400
2663,2010-08-05,26.0,26.459999,25.82,26.120001,967100
2664,2010-08-06,25.790001,26.34,25.67,26.24,1036400
2665,2010-08-09,26.370001,26.469999,26.16,26.34,518000
2666,2010-08-10,26.02,26.200001,25.469999,25.719999,1128400
2667,2010-08-11,25.23,25.889999,25.049999,25.16,1908700
2668,2010-08-12,24.84,24.84,24.18,24.41,1400100
2669,2010-08-13,24.25,24.459999,23.780001,23.799999,1236400
2670,2010-08-16,23.68,24.139999,23.51,23.93,1217000
2671,2010-08-17,24.209999,24.58,23.83,24.200001,1970900
2672,2010-08-18,24.200001,24.940001,24.02,24.639999,1861100
2673,2010-08-19,24.52,24.690001,24.120001,24.459999,1164600
2674,2010-08-20,24.34,24.459999,24.0,24.17,1805700
2675,2010-08-23,24.33,24.440001,23.74,23.77,1174600
2676,2010-08-24,23.42,23.629999,23.1,23.26,1186200
2677,2010-08-25,23.08,23.190001,22.559999,22.879999,2520900
2678,2010-08-26,23.040001,23.360001,22.83,22.860001,1400800
2679,2010-08-27,23.120001,23.84,22.389999,23.76,1632100
2680,2010-08-30,23.709999,23.9,23.18,23.18,880700
2681,2010-08-31,23.08,23.43,22.780001,22.9,1247700
2682,2010-09-01,23.24,24.23,23.24,24.110001,959100
2683,2010-09-02,23.969999,24.780001,23.84,24.76,1171500
2684,2010-09-03,25.1,25.469999,24.969999,25.469999,1235200
2685,2010-09-07,25.35,25.440001,24.24,24.290001,1419100
2686,2010-09-08,24.24,24.43,24.040001,24.219999,1386200
2687,2010-09-09,24.700001,24.9,24.450001,24.860001,942400
2688,2010-09-10,24.860001,24.969999,24.48,24.91,1173800
2689,2010-09-13,25.27,25.719999,25.25,25.57,853700
2690,2010-09-14,25.450001,25.98,25.4,25.690001,1153600
2691,2010-09-15,25.66,26.08,25.4,25.969999,856000
2692,2010-09-16,25.969999,26.110001,25.74,26.049999,973300
2693,2010-09-17,26.18,26.200001,25.809999,25.83,1070100
2694,2010-09-20,26.0,26.65,25.940001,26.549999,919300
2695,2010-09-21,26.549999,26.549999,26.139999,26.290001,881100
2696,2010-09-22,26.120001,26.450001,25.700001,25.82,805400
2697,2010-09-23,25.540001,26.35,25.450001,26.1,1237400
2698,2010-09-24,26.5,26.860001,26.370001,26.84,884500
2699,2010-09-27,26.83,26.83,26.360001,26.459999,961800
2700,2010-09-28,26.530001,26.92,26.190001,26.889999,1209600
2701,2010-09-29,26.9,27.34,26.84,27.030001,1545500
2702,2010-09-30,27.23,27.719999,26.549999,27.01,1551100
2703,2010-10-01,27.33,27.379999,26.58,26.84,1186100
2704,2010-10-04,26.799999,27.01,26.370001,26.610001,846500
2705,2010-10-05,26.9,27.370001,26.73,27.200001,870800
2706,2010-10-06,27.190001,27.33,26.860001,27.25,1381100
2707,2010-10-07,27.370001,27.49,26.799999,27.389999,1524600
2708,2010-10-08,27.4,27.58,26.83,27.51,829300
2709,2010-10-11,27.610001,28.08,27.440001,27.870001,728500
2710,2010-10-12,27.85,27.98,27.33,27.799999,699600
2711,2010-10-13,27.959999,28.139999,27.75,27.76,1245400
2712,2010-10-14,27.76,27.91,27.389999,27.629999,1106200
2713,2010-10-15,27.969999,28.059999,27.34,27.629999,1663100
2714,2010-10-18,27.709999,27.9,27.5,27.82,820500
2715,2010-10-19,27.42,27.799999,27.09,27.25,880200
2716,2010-10-20,27.389999,27.83,27.389999,27.76,1018700
2717,2010-10-21,27.809999,28.33,27.74,28.299999,1888500
2718,2010-10-22,28.360001,28.860001,28.190001,28.799999,950500
2719,2010-10-25,28.969999,29.5,28.870001,29.1,1336100
2720,2010-10-26,28.940001,29.110001,28.41,28.74,1820500
2721,2010-10-27,28.639999,29.15,28.58,29.030001,2156400
2722,2010-10-28,29.32,30.4,29.25,30.209999,2676100
2723,2010-10-29,30.24,30.25,29.66,29.780001,2049600
2724,2010-11-01,29.98,30.440001,29.879999,29.99,1575700
2725,2010-11-02,30.209999,30.440001,30.07,30.25,1269600
2726,2010-11-03,30.200001,30.450001,30.030001,30.309999,1363100
2727,2010-11-04,30.690001,31.15,30.540001,31.01,1589900
2728,2010-11-05,31.0,31.450001,30.969999,31.440001,918000
2729,2010-11-08,31.389999,31.389999,30.83,31.040001,1753100
2730,2010-11-09,31.23,31.299999,30.719999,30.860001,2055500
2731,2010-11-10,30.879999,31.26,30.48,31.120001,1750300
2732,2010-11-11,30.67,31.129999,30.309999,31.129999,1860100
2733,2010-11-12,30.99,31.389999,30.59,30.870001,1544000
2734,2010-11-15,30.959999,31.27,30.799999,30.85,1114200
2735,2010-11-16,30.540001,30.610001,29.83,29.870001,1678400
2736,2010-11-17,29.93,30.200001,29.799999,30.059999,1113300
2737,2010-11-18,30.43,31.360001,30.43,31.190001,1664000
2738,2010-11-19,31.09,31.26,30.91,31.190001,768500
2739,2010-11-22,31.049999,31.73,31.049999,31.469999,1414900
2740,2010-11-23,31.02,31.049999,30.549999,30.68,1251300
2741,2010-11-24,30.99,32.029999,30.98,32.0,983100
2742,2010-11-26,31.719999,31.99,31.6,31.879999,397400
2743,2010-11-29,31.610001,31.799999,30.98,31.34,1392600
2744,2010-11-30,30.9,30.9,30.5,30.65,1557800
2745,2010-12-01,31.27,31.790001,31.24,31.75,1214500
2746,2010-12-02,31.719999,32.490002,31.67,32.389999,1029900
2747,2010-12-03,32.290001,33.220001,32.290001,33.119999,1058000
2748,2010-12-06,33.099998,33.43,32.959999,33.34,930700
2749,2010-12-07,33.77,33.900002,33.169998,33.220001,1204500
2750,2010-12-08,33.27,33.509998,32.919998,33.18,1021800
2751,2010-12-09,33.389999,33.389999,33.02,33.130001,776700
2752,2010-12-10,33.259998,33.400002,32.650002,32.919998,1266700
2753,2010-12-13,33.049999,33.119999,32.630001,32.860001,1077100
2754,2010-12-14,32.950001,33.18,32.529999,33.099998,1709100
2755,2010-12-15,33.060001,33.380001,32.43,32.459999,1277400
2756,2010-12-16,32.5,32.869999,32.439999,32.869999,792500
2757,2010-12-17,32.93,33.110001,32.68,33.0,1264200
2758,2010-12-20,33.240002,33.400002,32.73,32.91,1449200
2759,2010-12-21,33.139999,33.139999,32.740002,32.740002,1005200
2760,2010-12-22,32.689999,32.779999,32.169998,32.560001,1205000
2761,2010-12-23,32.540001,32.790001,32.400002,32.720001,598300
2762,2010-12-27,32.700001,33.150002,32.369999,33.139999,431600
2763,2010-12-28,33.209999,33.27,32.860001,33.220001,647200
2764,2010-12-29,33.23,33.369999,33.07,33.189999,548800
2765,2010-12-30,33.110001,33.470001,33.110001,33.25,433100
2766,2010-12-31,33.23,33.27,32.959999,33.029999,456100
2767,2011-01-03,33.380001,33.919998,33.240002,33.310001,944400
2768,2011-01-04,33.419998,33.52,32.810001,33.119999,1087000
2769,2011-01-05,33.02,33.110001,32.639999,32.799999,1029800
2770,2011-01-06,32.869999,33.139999,32.700001,32.990002,804400
2771,2011-01-07,33.080002,33.5,32.349998,32.849998,971300
2772,2011-01-10,32.73,33.34,32.52,33.23,1035600
2773,2011-01-11,33.34,33.5,33.029999,33.279999,809600
2774,2011-01-12,33.619999,33.790001,33.279999,33.419998,1003500
2775,2011-01-13,33.490002,33.970001,33.310001,33.84,1452400
2776,2011-01-14,33.84,34.150002,33.709999,33.959999,1220200
2777,2011-01-18,34.610001,36.689999,34.299999,36.66,3898400
2778,2011-01-19,36.689999,36.689999,35.09,35.349998,1925600
2779,2011-01-20,35.27,35.27,34.189999,34.91,1330900
2780,2011-01-21,35.470001,35.66,34.599998,34.98,1629400
2781,2011-01-24,35.110001,35.869999,34.959999,35.669998,1429800
2782,2011-01-25,35.5,35.619999,35.150002,35.619999,1172100
2783,2011-01-26,35.799999,36.279999,35.419998,35.75,1639600
2784,2011-01-27,36.0,36.529999,34.68,35.240002,2025100
2785,2011-01-28,35.34,35.490002,34.810001,35.009998,2239700
2786,2011-01-31,35.150002,35.880001,35.02,35.619999,1477700
2787,2011-02-01,35.900002,36.869999,35.900002,36.560001,1351300
2788,2011-02-02,36.360001,37.119999,36.009998,36.93,2465800
2789,2011-02-03,36.77,37.029999,36.5,36.919998,1641500
2790,2011-02-04,36.889999,36.990002,36.599998,36.919998,1083700
2791,2011-02-07,36.959999,37.060001,36.580002,36.630001,928000
2792,2011-02-08,36.59,36.970001,36.27,36.889999,733400
2793,2011-02-09,36.73,37.0,36.57,36.630001,814200
2794,2011-02-10,36.330002,36.400002,36.0,36.32,1124600
2795,2011-02-11,36.259998,36.610001,36.0,36.389999,869000
2796,2011-02-14,36.459999,36.73,36.360001,36.619999,1609200
2797,2011-02-15,36.509998,36.990002,36.419998,36.799999,718400
2798,2011-02-16,36.880001,37.16,36.639999,36.830002,845000
2799,2011-02-17,36.669998,36.990002,36.5,36.919998,956500
2800,2011-02-18,36.880001,37.040001,36.610001,36.970001,994600
2801,2011-02-22,36.389999,36.59,35.369999,35.419998,1106100
2802,2011-02-23,35.299999,35.639999,33.950001,34.029999,1966100
2803,2011-02-24,34.02,34.349998,33.419998,33.869999,1470500
2804,2011-02-25,34.16,34.5,34.16,34.490002,1430100
2805,2011-02-28,34.700001,34.790001,33.880001,34.209999,1019200
2806,2011-03-01,34.380001,34.470001,32.860001,33.34,2331200
2807,2011-03-02,33.400002,34.119999,33.200001,33.59,1995100
2808,2011-03-03,33.990002,35.259998,33.849998,35.240002,1670500
2809,2011-03-04,35.169998,35.25,33.990002,34.18,1415700
2810,2011-03-07,34.459999,34.459999,33.16,33.349998,1929200
2811,2011-03-08,33.830002,35.419998,33.830002,34.880001,2293200
2812,2011-03-09,34.419998,34.82,33.849998,34.0,1252800
2813,2011-03-10,33.459999,33.720001,33.060001,33.09,1513500
2814,2011-03-11,32.939999,33.380001,32.790001,33.18,993500
2815,2011-03-14,32.610001,33.040001,32.41,32.700001,902900
2816,2011-03-15,31.58,32.369999,31.25,32.09,1060700
2817,2011-03-16,32.060001,32.419998,31.450001,31.879999,1859000
2818,2011-03-17,32.630001,32.75,32.0,32.0,671500
2819,2011-03-18,32.439999,32.599998,31.9,32.029999,1217200
2820,2011-03-21,32.66,33.080002,32.490002,32.959999,1098500
2821,2011-03-22,32.919998,32.950001,32.279999,32.560001,749800
2822,2011-03-23,32.5,32.759998,32.099998,32.650002,1000500
2823,2011-03-24,32.900002,33.48,32.349998,33.48,1430100
2824,2011-03-25,33.509998,33.959999,33.209999,33.84,1451700
2825,2011-03-28,33.91,34.029999,33.419998,33.509998,776200
2826,2011-03-29,33.389999,34.060001,33.080002,33.959999,821200
2827,2011-03-30,34.209999,34.360001,33.619999,34.009998,993800
2828,2011-03-31,33.990002,34.209999,33.830002,34.09,783400
2829,2011-04-01,34.290001,34.5,33.439999,33.639999,1135400
2830,2011-04-04,33.84,33.869999,33.23,33.599998,1015500
2831,2011-04-05,33.599998,33.970001,33.400002,33.849998,1186400
2832,2011-04-06,34.080002,34.380001,33.830002,34.200001,1642400
2833,2011-04-07,34.23,35.209999,34.23,34.73,1393500
2834,2011-04-08,35.150002,35.23,34.07,34.259998,890700
2835,2011-04-11,34.25,34.34,33.77,33.919998,704000
2836,2011-04-12,33.669998,33.740002,33.099998,33.209999,1006600
2837,2011-04-13,33.439999,33.540001,32.889999,33.23,861700
2838,2011-04-14,32.830002,33.189999,32.48,33.07,819000
2839,2011-04-15,33.099998,33.389999,32.759998,33.299999,477400
2840,2011-04-18,32.650002,32.77,32.299999,32.689999,956400
2841,2011-04-19,32.869999,33.310001,32.810001,33.169998,1016000
2842,2011-04-20,33.889999,34.650002,33.880001,34.639999,1207700
2843,2011-04-21,34.869999,34.939999,34.419998,34.849998,873600
2844,2011-04-25,34.950001,35.16,34.650002,34.73,705200
2845,2011-04-26,34.98,35.630001,34.91,35.610001,885400
2846,2011-04-27,36.080002,36.82,35.830002,36.220001,2003900
2847,2011-04-28,37.040001,37.099998,35.900002,36.299999,1771600
2848,2011-04-29,36.48,36.790001,36.060001,36.32,1300000
2849,2011-05-02,36.540001,37.34,36.540001,37.049999,2071100
2850,2011-05-03,37.02,37.18,36.360001,36.650002,1077500
2851,2011-05-04,36.630001,37.0,36.209999,36.439999,831800
2852,2011-05-05,36.220001,36.799999,36.049999,36.290001,1006200
2853,2011-05-06,36.919998,37.07,36.279999,36.41,793600
2854,2011-05-09,36.459999,36.939999,36.169998,36.869999,534200
2855,2011-05-10,37.049999,37.490002,36.869999,37.279999,674000
2856,2011-05-11,37.220001,37.5,36.77,37.189999,883500
2857,2011-05-12,37.049999,38.0,36.740002,37.810001,1074400
2858,2011-05-13,37.830002,37.950001,37.150002,37.209999,1065900
2859,2011-05-16,37.099998,37.5,36.689999,36.860001,711800
2860,2011-05-17,36.369999,36.400002,35.189999,35.369999,1520800
2861,2011-05-18,35.560001,37.369999,35.470001,37.130001,1251400
2862,2011-05-19,37.380001,37.650002,36.610001,37.009998,1094600
2863,2011-05-20,36.900002,36.900002,36.349998,36.509998,759200
2864,2011-05-23,35.75,35.860001,35.110001,35.189999,1203100
2865,2011-05-24,35.299999,35.459999,34.439999,34.73,1007000
2866,2011-05-25,34.529999,34.959999,34.299999,34.869999,738800
2867,2011-05-26,34.799999,35.310001,34.740002,35.150002,662600
2868,2011-05-27,35.41,35.560001,35.169998,35.540001,506100
2869,2011-05-31,36.02,36.23,35.68,36.200001,1412900
2870,2011-06-01,36.119999,36.360001,34.849998,34.959999,1251300
2871,2011-06-02,34.919998,35.0,33.580002,33.720001,2483200
2872,2011-06-03,33.09,33.290001,32.77,33.02,1855400
2873,2011-06-06,33.02,33.200001,32.23,32.25,1488600
2874,2011-06-07,32.310001,32.849998,32.299999,32.549999,1169100
2875,2011-06-08,32.389999,32.459999,31.49,31.67,1264200
2876,2011-06-09,31.65,32.299999,31.5,31.77,872400
2877,2011-06-10,31.66,31.77,31.129999,31.43,973400
2878,2011-06-13,31.370001,31.5,30.66,30.83,1579300
2879,2011-06-14,31.27,31.85,31.040001,31.52,1516200
2880,2011-06-15,31.139999,31.459999,30.84,30.940001,1680200
2881,2011-06-16,31.02,31.030001,30.1,30.219999,1492100
2882,2011-06-17,30.530001,30.639999,29.870001,29.99,2398700
2883,2011-06-20,29.959999,30.09,29.75,29.969999,1817300
2884,2011-06-21,30.139999,30.879999,29.99,30.58,2664300
2885,2011-06-22,30.450001,30.950001,30.299999,30.549999,1117800
2886,2011-06-23,30.09,31.049999,29.870001,31.01,1396600
2887,2011-06-24,31.01,31.02,30.120001,30.16,1261100
2888,2011-06-27,30.200001,30.77,30.0,30.58,1393600
2889,2011-06-28,30.77,30.82,30.450001,30.639999,2210200
2890,2011-06-29,30.9,31.32,30.75,31.049999,2405000
2891,2011-06-30,31.129999,32.169998,31.08,31.879999,1973500
2892,2011-07-01,32.0,32.619999,31.92,32.549999,1276700
2893,2011-07-05,32.630001,32.669998,31.93,32.16,939000
2894,2011-07-06,32.169998,32.299999,31.690001,32.299999,1119200
2895,2011-07-07,32.560001,32.880001,31.809999,32.860001,1835400
2896,2011-07-08,32.299999,32.470001,31.77,32.209999,1920700
2897,2011-07-11,31.83,32.16,30.98,31.059999,1460700
2898,2011-07-12,30.809999,30.860001,30.0,30.43,2176200
2899,2011-07-13,30.57,30.780001,30.110001,30.379999,1234400
2900,2011-07-14,30.52,30.75,29.809999,29.950001,862600
2901,2011-07-15,30.190001,30.190001,29.57,29.75,945000
2902,2011-07-18,29.549999,29.639999,28.34,28.780001,3010000
2903,2011-07-19,29.16,29.68,29.110001,29.6,1292300
2904,2011-07-20,29.639999,29.719999,29.370001,29.559999,853000
2905,2011-07-21,29.629999,29.99,29.27,29.84,943900
2906,2011-07-22,29.860001,30.24,29.75,29.93,592100
2907,2011-07-25,29.540001,29.950001,29.42,29.51,688500
2908,2011-07-26,29.59,29.92,29.18,29.65,1343300
2909,2011-07-27,29.219999,29.219999,27.76,28.129999,2647700
2910,2011-07-28,28.120001,29.41,28.01,29.309999,3843500
2911,2011-07-29,28.92,29.58,28.48,29.299999,2802000
2912,2011-08-01,29.76,29.84,28.74,29.200001,2091100
2913,2011-08-02,28.83,29.27,27.9,27.92,1055100
2914,2011-08-03,27.860001,28.26,27.16,28.209999,1827000
2915,2011-08-04,27.75,27.92,26.34,26.34,3061500
2916,2011-08-05,26.82,26.85,25.0,26.209999,2988700
2917,2011-08-08,25.25,25.83,24.01,24.190001,3441600
2918,2011-08-09,24.27,25.51,23.690001,25.51,3676600
2919,2011-08-10,25.58,27.780001,25.18,25.52,6049400
2920,2011-08-11,25.690001,28.25,25.690001,27.940001,4746200
2921,2011-08-12,28.17,28.360001,27.469999,27.719999,2027800
2922,2011-08-15,27.98,28.620001,27.969999,28.610001,1570800
2923,2011-08-16,28.16,28.690001,27.629999,27.879999,1273500
2924,2011-08-17,28.030001,28.34,27.15,27.32,1566800
2925,2011-08-18,26.48,26.5,25.48,25.67,1972600
2926,2011-08-19,25.23,25.82,24.75,24.75,2472300
2927,2011-08-22,25.360001,25.6,24.629999,24.780001,2252700
2928,2011-08-23,24.98,25.83,24.809999,25.790001,1982400
2929,2011-08-24,25.74,26.24,25.24,26.15,1498200
2930,2011-08-25,26.23,26.52,25.26,25.389999,1451500
2931,2011-08-26,25.049999,26.24,24.780001,25.99,1660000
2932,2011-08-29,26.52,27.24,26.469999,27.17,1743700
2933,2011-08-30,26.99,26.99,25.639999,26.0,3643600
2934,2011-08-31,26.24,26.67,25.950001,26.24,1950600
2935,2011-09-01,26.35,26.799999,26.02,26.059999,1542000
2936,2011-09-02,25.459999,25.73,24.780001,24.950001,1586400
2937,2011-09-06,24.280001,24.6,23.860001,24.5,2193300
2938,2011-09-07,25.0,26.299999,25.0,26.280001,2115400
2939,2011-09-08,26.0,26.49,25.700001,25.9,1621800
2940,2011-09-09,25.6,25.93,24.549999,24.85,1657000
2941,2011-09-12,24.360001,25.15,24.280001,25.110001,1488700
2942,2011-09-13,25.27,25.9,25.129999,25.68,1282800
2943,2011-09-14,25.870001,27.379999,25.690001,27.110001,2134100
2944,2011-09-15,27.530001,28.23,27.35,27.93,2052100
2945,2011-09-16,28.09,28.5,27.690001,27.940001,1945900
2946,2011-09-19,27.35,27.98,27.049999,27.74,1320500
2947,2011-09-20,27.83,28.07,27.110001,27.110001,1467400
2948,2011-09-21,27.85,28.059999,26.879999,26.879999,2150600
2949,2011-09-22,26.09,26.360001,25.07,25.469999,1872400
2950,2011-09-23,25.129999,26.440001,25.030001,26.18,1579200
2951,2011-09-26,26.469999,27.51,25.57,27.41,2572100
2952,2011-09-27,28.09,28.809999,27.440001,27.559999,2237100
2953,2011-09-28,27.690001,28.110001,27.0,27.23,2354800
2954,2011-09-29,27.99,28.120001,26.52,27.18,1831300
2955,2011-09-30,26.65,26.92,26.07,26.08,1493800
2956,2011-10-03,25.91,25.91,24.549999,24.77,1963400
2957,2011-10-04,24.41,26.17,24.41,26.17,2408500
2958,2011-10-05,26.24,27.610001,25.860001,27.48,1732400
2959,2011-10-06,27.48,28.0,27.209999,27.940001,1487900
2960,2011-10-07,28.120001,28.68,27.93,28.299999,1672400
2961,2011-10-10,29.040001,29.549999,28.91,29.530001,1208200
2962,2011-10-11,28.98,29.639999,28.030001,28.540001,2679400
2963,2011-10-12,28.780001,29.719999,28.780001,29.360001,1419900
2964,2011-10-13,29.08,29.68,28.700001,29.49,1466100
2965,2011-10-14,29.9,30.610001,29.82,30.48,1539700
2966,2011-10-17,30.18,30.34,29.15,29.459999,1328800
2967,2011-10-18,29.389999,29.82,28.24,29.549999,2334500
2968,2011-10-19,29.360001,29.48,28.459999,28.5,1190200
2969,2011-10-20,28.48,28.74,27.77,28.540001,1449800
2970,2011-10-21,28.969999,30.120001,28.83,30.059999,1630400
2971,2011-10-24,30.200001,30.65,30.059999,30.51,1422700
2972,2011-10-25,30.450001,30.48,29.5,29.540001,2394900
2973,2011-10-26,30.309999,31.16,30.110001,30.620001,3718000
2974,2011-10-27,31.709999,32.5,31.4,31.73,2202400
2975,2011-10-28,32.450001,32.599998,30.59,31.01,2054300
2976,2011-10-31,30.41,31.24,30.309999,30.309999,1540300
2977,2011-11-01,29.379999,29.940001,29.01,29.389999,2050500
2978,2011-11-02,29.889999,30.360001,29.59,29.870001,1645000
2979,2011-11-03,30.309999,31.48,29.780001,31.299999,2269400
2980,2011-11-04,30.98,31.299999,30.49,30.92,1161200
2981,2011-11-07,30.799999,30.91,29.879999,30.700001,1034300
2982,2011-11-08,30.99,31.440001,30.52,31.299999,1335000
2983,2011-11-09,30.43,30.66,29.35,29.549999,1220900
2984,2011-11-10,30.0,30.16,29.440001,29.620001,854500
2985,2011-11-11,30.110001,31.1,29.959999,30.84,885000
2986,2011-11-14,30.610001,30.889999,30.02,30.32,796500
2987,2011-11-15,30.07,31.25,30.07,31.0,1067600
2988,2011-11-16,30.469999,31.01,30.16,30.35,867900
2989,2011-11-17,30.18,30.34,29.26,29.440001,1323800
2990,2011-11-18,29.74,29.870001,29.139999,29.15,1008700
2991,2011-11-21,28.370001,28.73,27.93,28.48,1145700
2992,2011-11-22,28.459999,28.74,27.98,28.120001,1063900
2993,2011-11-23,27.68,27.809999,26.93,27.0,1129400
2994,2011-11-25,26.889999,27.67,26.780001,27.02,528500
2995,2011-11-28,28.0,28.389999,27.790001,28.16,1127200
2996,2011-11-29,28.200001,28.49,27.889999,28.07,870500
2997,2011-11-30,29.209999,29.84,29.09,29.790001,1204500
2998,2011-12-01,29.799999,30.059999,29.280001,29.35,1151100
2999,2011-12-02,29.76,30.200001,29.42,30.01,1373600
3000,2011-12-05,30.799999,31.450001,30.5,31.16,2071000
3001,2011-12-06,31.139999,31.26,30.66,31.0,1028500
3002,2011-12-07,30.690001,31.5,30.370001,31.370001,1292700
3003,2011-12-08,31.030001,31.299999,30.139999,30.370001,1154900
3004,2011-12-09,30.280001,30.870001,29.969999,30.700001,1313800
3005,2011-12-12,30.209999,30.290001,29.75,30.110001,1201200
3006,2011-12-13,30.42,30.719999,29.110001,29.290001,1704400
3007,2011-12-14,29.43,29.43,28.290001,28.32,1978900
3008,2011-12-15,28.68,29.16,28.549999,28.790001,2358900
3009,2011-12-16,29.040001,29.26,28.9,29.08,1905600
3010,2011-12-19,29.190001,29.33,28.49,28.549999,935900
3011,2011-12-20,29.18,30.370001,29.08,30.24,809400
3012,2011-12-21,30.07,30.24,29.42,30.15,1147700
3013,2011-12-22,30.17,31.139999,30.139999,30.889999,762500
3014,2011-12-23,30.98,31.43,30.870001,31.370001,637200
3015,2011-12-27,31.32,31.709999,31.09,31.450001,545000
3016,2011-12-28,31.360001,31.360001,30.6,30.76,748300
3017,2011-12-29,30.84,31.620001,30.719999,31.280001,787000
3018,2011-12-30,31.26,31.35,31.030001,31.09,766000
3019,2012-01-03,31.790001,31.959999,30.9,31.16,1421200
3020,2012-01-04,31.16,31.4,30.75,31.02,777500
3021,2012-01-05,30.860001,31.5,30.200001,31.459999,1493200
3022,2012-01-06,31.360001,31.969999,30.530001,31.780001,1230700
3023,2012-01-09,31.719999,32.049999,31.57,31.77,1014400
3024,2012-01-10,32.23,32.32,31.77,32.16,939500
3025,2012-01-11,32.139999,32.540001,31.860001,32.040001,1191400
3026,2012-01-12,32.220001,32.299999,31.639999,31.969999,986200
3027,2012-01-13,31.559999,31.790001,31.17,31.41,886100
3028,2012-01-17,31.6,31.92,31.23,31.33,1045500
3029,2012-01-18,31.459999,34.099998,31.42,33.959999,2710600
3030,2012-01-19,33.93,34.23,33.540001,34.09,1292900
3031,2012-01-20,34.009998,34.389999,33.830002,33.93,974900
3032,2012-01-23,33.66,33.990002,33.110001,33.599998,1242500
3033,2012-01-24,33.400002,33.799999,33.330002,33.549999,1019000
3034,2012-01-25,33.41,33.880001,32.869999,33.830002,997400
3035,2012-01-26,34.150002,34.18,33.0,33.599998,1766700
3036,2012-01-27,33.560001,35.169998,33.509998,34.959999,1918600
3037,2012-01-30,34.560001,34.900002,33.900002,34.810001,1011400
3038,2012-01-31,35.139999,35.599998,34.66,34.869999,1391700
3039,2012-02-01,35.110001,35.810001,35.0,35.720001,1265000
3040,2012-02-02,35.709999,35.919998,35.360001,35.669998,928000
3041,2012-02-03,36.119999,36.57,35.939999,36.220001,1199200
3042,2012-02-06,36.040001,36.259998,35.810001,36.09,995000
3043,2012-02-07,36.0,36.0,35.52,35.889999,1247700
3044,2012-02-08,36.130001,36.610001,35.939999,36.200001,925000
3045,2012-02-09,36.32,36.619999,36.139999,36.5,942700
3046,2012-02-10,35.919998,36.360001,35.580002,35.73,994800
3047,2012-02-13,36.169998,36.34,35.529999,36.02,1305000
3048,2012-02-14,35.869999,36.119999,35.419998,35.939999,949000
3049,2012-02-15,36.130001,36.810001,35.810001,36.0,1221800
3050,2012-02-16,35.970001,36.389999,35.619999,36.32,1110600
3051,2012-02-17,36.5,36.59,35.580002,35.77,1163000
3052,2012-02-21,35.880001,36.380001,35.77,35.830002,1154900
3053,2012-02-22,35.689999,36.119999,35.380001,35.610001,956300
3054,2012-02-23,35.610001,36.080002,35.240002,36.060001,794400
3055,2012-02-24,36.240002,36.360001,35.880001,36.27,861600
3056,2012-02-27,35.869999,35.889999,35.200001,35.540001,948800
3057,2012-02-28,35.540001,35.830002,35.259998,35.639999,764500
3058,2012-02-29,35.709999,36.23,35.560001,35.740002,1864600
3059,2012-03-01,35.880001,36.27,35.790001,36.040001,1045500
3060,2012-03-02,35.919998,36.34,35.540001,35.700001,701200
3061,2012-03-05,35.599998,35.599998,34.740002,34.939999,918200
3062,2012-03-06,34.490002,34.639999,33.990002,34.220001,1151100
3063,2012-03-07,34.450001,34.849998,34.220001,34.700001,700900
3064,2012-03-08,35.0,35.560001,34.919998,35.349998,764300
3065,2012-03-09,35.509998,35.830002,35.32,35.52,648100
3066,2012-03-12,35.560001,35.599998,35.009998,35.330002,609900
3067,2012-03-13,35.560001,36.040001,35.48,36.02,757300
3068,2012-03-14,36.049999,36.330002,35.66,35.860001,540200
3069,2012-03-15,35.950001,36.32,35.689999,36.150002,811500
3070,2012-03-16,36.049999,36.290001,35.700001,35.799999,1305200
3071,2012-03-19,35.919998,36.380001,35.73,35.959999,1063000
3072,2012-03-20,35.75,36.73,35.689999,36.610001,1273300
3073,2012-03-21,36.68,36.790001,36.32,36.5,814600
3074,2012-03-22,36.18,36.360001,35.720001,36.040001,785300
3075,2012-03-23,36.139999,36.139999,35.5,35.959999,898800
3076,2012-03-26,36.299999,36.880001,36.16,36.830002,791000
3077,2012-03-27,36.849998,37.029999,36.630001,36.77,877800
3078,2012-03-28,36.830002,36.830002,36.040001,36.279999,651600
3079,2012-03-29,35.93,36.369999,35.82,36.32,953600
3080,2012-03-30,36.529999,36.73,36.130001,36.389999,789700
3081,2012-04-02,36.34,36.700001,35.849998,36.310001,883900
3082,2012-04-03,36.299999,36.490002,35.57,35.990002,1147000
3083,2012-04-04,35.580002,35.740002,35.220001,35.669998,977400
3084,2012-04-05,35.57,35.98,35.189999,35.220001,980700
3085,2012-04-09,34.59,34.950001,34.43,34.610001,673500
3086,2012-04-10,34.52,34.869999,34.18,34.25,1052300
3087,2012-04-11,34.700001,35.0,34.48,34.830002,703700
3088,2012-04-12,34.66,35.52,34.66,35.290001,578200
3089,2012-04-13,35.25,35.459999,34.880001,35.02,663900
3090,2012-04-16,35.220001,35.299999,34.380001,34.59,894800
3091,2012-04-17,34.880001,35.59,34.849998,35.419998,568900
3092,2012-04-18,35.119999,35.779999,35.080002,35.599998,1060600
3093,2012-04-19,35.639999,36.0,34.93,35.290001,1026600
3094,2012-04-20,35.560001,35.669998,35.240002,35.290001,797300
3095,2012-04-23,34.709999,35.110001,34.439999,35.080002,1387900
3096,2012-04-24,35.07,35.23,34.669998,34.860001,1178200
3097,2012-04-25,35.299999,35.419998,34.939999,35.169998,2059200
3098,2012-04-26,35.240002,36.77,35.209999,36.490002,2340800
3099,2012-04-27,36.75,36.849998,36.349998,36.650002,1727000
3100,2012-04-30,36.639999,36.639999,35.919998,36.080002,1124900
3101,2012-05-01,36.060001,36.509998,35.720001,35.82,1106400
3102,2012-05-02,35.639999,35.970001,35.459999,35.869999,973800
3103,2012-05-03,35.93,36.110001,35.099998,35.130001,1583300
3104,2012-05-04,34.91,35.18,34.189999,34.740002,1426600
3105,2012-05-07,34.650002,34.73,33.990002,34.150002,1208000
3106,2012-05-08,33.970001,34.09,33.400002,33.98,842800
3107,2012-05-09,33.580002,34.02,33.09,33.869999,880900
3108,2012-05-10,34.169998,34.169998,33.419998,33.549999,933100
3109,2012-05-11,33.349998,33.919998,33.16,33.259998,836300
3110,2012-05-14,32.950001,33.43,32.689999,33.029999,799000
3111,2012-05-15,33.099998,33.369999,32.849998,33.009998,918900
3112,2012-05-16,33.209999,33.209999,31.889999,31.889999,1209800
3113,2012-05-17,31.959999,31.99,30.85,30.85,1371200
3114,2012-05-18,30.9,30.92,30.23,30.309999,991600
3115,2012-05-21,30.42,30.99,30.18,30.91,863800
3116,2012-05-22,31.0,31.110001,30.6,30.85,1188700
3117,2012-05-23,30.49,30.74,30.049999,30.6,815000
3118,2012-05-24,30.66,30.75,30.33,30.66,1039200
3119,2012-05-25,30.66,30.92,30.5,30.549999,663800
3120,2012-05-29,30.879999,31.280001,30.780001,31.16,917800
3121,2012-05-30,31.01,31.1,30.639999,30.74,1454500
3122,2012-05-31,30.75,30.76,30.120001,30.49,1164500
3123,2012-06-01,29.9,30.049999,29.559999,29.610001,836600
3124,2012-06-04,29.65,29.91,28.85,29.23,1096300
3125,2012-06-05,29.07,29.780001,29.040001,29.77,678200
3126,2012-06-06,30.01,30.719999,29.9,30.5,559900
3127,2012-06-07,30.9,31.0,30.35,30.379999,988000
3128,2012-06-08,30.299999,30.75,30.129999,30.700001,849700
3129,2012-06-11,30.9,31.17,30.17,30.190001,607300
3130,2012-06-12,30.370001,31.030001,30.309999,30.879999,1044400
3131,2012-06-13,30.84,30.959999,30.52,30.639999,1218000
3132,2012-06-14,30.65,30.83,30.33,30.75,1314900
3133,2012-06-15,30.76,31.42,30.75,31.190001,1287600
3134,2012-06-18,30.969999,31.57,30.879999,31.540001,722500
3135,2012-06-19,31.440001,32.029999,31.440001,31.83,1029200
3136,2012-06-20,31.9,32.389999,31.799999,32.310001,1075600
3137,2012-06-21,32.279999,32.310001,30.42,30.540001,1124100
3138,2012-06-22,30.66,31.07,30.66,30.860001,1184800
3139,2012-06-25,30.49,30.57,29.940001,30.09,1334800
3140,2012-06-26,30.09,30.549999,29.91,30.209999,1279700
3141,2012-06-27,30.33,30.59,30.15,30.450001,1065600
3142,2012-06-28,30.34,30.549999,29.48,29.9,1718000
3143,2012-06-29,30.48,30.969999,30.35,30.860001,1433000
3144,2012-07-02,31.110001,31.66,30.6,31.389999,1078200
3145,2012-07-03,31.43,32.400002,31.370001,32.16,503500
3146,2012-07-05,32.040001,32.529999,31.93,32.25,859700
3147,2012-07-06,31.860001,32.139999,31.27,31.6,668700
3148,2012-07-09,31.41,31.66,31.15,31.540001,491900
3149,2012-07-10,31.629999,31.940001,30.75,30.98,1079900
3150,2012-07-11,30.950001,31.09,30.190001,30.5,1136800
3151,2012-07-12,30.23,30.34,29.65,29.93,1120800
3152,2012-07-13,29.940001,30.209999,29.91,30.030001,859400
3153,2012-07-16,29.889999,30.01,29.620001,29.9,601700
3154,2012-07-17,30.02,30.18,29.440001,29.709999,739500
3155,2012-07-18,29.700001,30.92,29.65,30.57,1006700
3156,2012-07-19,30.709999,31.42,30.639999,30.959999,980400
3157,2012-07-20,30.67,31.0,30.559999,30.690001,704600
3158,2012-07-23,30.01,30.42,29.5,30.280001,441900
3159,2012-07-24,30.280001,30.35,29.530001,29.93,717500
3160,2012-07-25,29.9,30.559999,29.77,30.360001,708300
3161,2012-07-26,30.83,31.360001,30.6,30.99,876900
3162,2012-07-27,31.280001,32.25,31.16,31.860001,1226300
3163,2012-07-30,31.76,32.220001,31.700001,31.85,1125000
3164,2012-07-31,31.719999,32.080002,31.49,31.5,960500
3165,2012-08-01,31.41,32.09,31.139999,31.23,832700
3166,2012-08-02,30.780001,31.440001,30.6,30.99,1188800
3167,2012-08-03,31.58,32.0,31.559999,31.860001,833400
3168,2012-08-06,31.91,32.57,31.91,32.34,647600
3169,2012-08-07,32.52,32.990002,32.490002,32.73,1562300
3170,2012-08-08,30.370001,30.959999,29.200001,30.889999,2559400
3171,2012-08-09,30.99,32.57,30.91,32.43,1536700
3172,2012-08-10,32.32,32.610001,31.82,32.52,902900
3173,2012-08-13,32.400002,32.610001,31.93,32.509998,883400
3174,2012-08-14,32.700001,32.880001,32.450001,32.529999,845800
3175,2012-08-15,32.439999,32.990002,32.439999,32.82,475500
3176,2012-08-16,32.740002,33.380001,32.68,33.209999,596400
3177,2012-08-17,33.27,33.470001,33.189999,33.43,552500
3178,2012-08-20,33.41,33.560001,33.25,33.509998,761700
3179,2012-08-21,33.509998,33.830002,33.02,33.16,815700
3180,2012-08-22,33.139999,33.18,32.209999,32.25,1137600
3181,2012-08-23,32.279999,32.630001,31.93,32.360001,812100
3182,2012-08-24,32.360001,32.610001,32.209999,32.450001,558600
3183,2012-08-27,32.59,32.619999,32.139999,32.16,528800
3184,2012-08-28,32.080002,32.439999,32.029999,32.27,782600
3185,2012-08-29,32.369999,32.779999,32.25,32.66,707800
3186,2012-08-30,32.419998,32.5,31.73,31.82,571600
3187,2012-08-31,32.169998,32.439999,31.790001,32.209999,641200
3188,2012-09-04,32.099998,32.200001,31.4,31.940001,1068000
3189,2012-09-05,32.029999,32.139999,31.73,31.940001,792400
3190,2012-09-06,32.16,33.169998,32.07,32.799999,938100
3191,2012-09-07,32.709999,33.080002,32.549999,32.759998,507700
3192,2012-09-10,32.720001,33.0,32.380001,32.389999,505900
3193,2012-09-11,32.380001,32.779999,32.34,32.490002,446100
3194,2012-09-12,32.52,32.939999,32.52,32.720001,775600
3195,2012-09-13,32.610001,33.169998,32.23,32.849998,581100
3196,2012-09-14,32.91,33.48,32.889999,33.369999,869900
3197,2012-09-17,33.290001,33.299999,32.580002,32.619999,624400
3198,2012-09-18,32.139999,32.259998,31.58,31.629999,1298500
3199,2012-09-19,31.57,31.57,30.85,30.99,1249800
3200,2012-09-20,30.75,30.91,30.459999,30.68,1220800
3201,2012-09-21,30.92,31.24,30.76,30.82,1508600
3202,2012-09-24,30.469999,30.5,29.75,29.790001,1336600
3203,2012-09-25,30.01,30.030001,28.639999,28.93,2459100
3204,2012-09-26,28.93,29.1,28.389999,28.91,1682200
3205,2012-09-27,28.98,29.33,28.83,29.299999,1009100
3206,2012-09-28,29.1,29.379999,29.0,29.09,1077000
3207,2012-10-01,29.09,29.190001,28.27,28.52,2445600
3208,2012-10-02,28.66,28.950001,28.48,28.790001,2093200
3209,2012-10-03,28.85,29.0,28.5,28.57,1378900
3210,2012-10-04,28.700001,29.219999,28.469999,29.209999,1189100
3211,2012-10-05,29.280001,29.469999,29.1,29.15,1002800
3212,2012-10-08,28.940001,29.120001,28.709999,28.85,799200
3213,2012-10-09,28.709999,28.77,28.219999,28.57,1470000
3214,2012-10-10,25.709999,27.690001,25.41,27.33,5711700
3215,2012-10-11,27.559999,28.040001,27.1,27.280001,1081300
3216,2012-10-12,26.93,27.16,26.870001,27.01,1960600
3217,2012-10-15,27.049999,27.559999,26.969999,27.07,1193900
3218,2012-10-16,27.120001,28.040001,27.120001,28.0,1368500
3219,2012-10-17,27.99,28.15,27.709999,28.07,1636000
3220,2012-10-18,28.1,28.26,27.950001,28.09,1821900
3221,2012-10-19,27.91,28.24,27.74,27.85,2311400
3222,2012-10-22,27.92,28.18,27.82,28.09,1006700
3223,2012-10-23,27.83,28.059999,27.540001,27.860001,1940100
3224,2012-10-24,28.0,28.040001,27.459999,27.889999,2171000
3225,2012-10-25,28.6,29.18,28.309999,28.530001,2091100
3226,2012-10-26,28.530001,28.91,28.379999,28.440001,1646300
3227,2012-10-31,28.559999,28.85,28.379999,28.65,1126300
3228,2012-11-01,28.719999,29.700001,28.379999,29.639999,1516000
3229,2012-11-02,29.6,29.68,29.33,29.379999,1427100
3230,2012-11-05,29.370001,30.209999,29.370001,30.16,1004100
3231,2012-11-06,30.18,30.950001,29.950001,30.940001,1105400
3232,2012-11-07,30.52,30.57,29.6,29.6,1268900
3233,2012-11-08,29.620001,30.0,29.41,29.41,1259700
3234,2012-11-09,29.33,30.059999,29.33,29.639999,1122200
3235,2012-11-12,29.629999,29.959999,29.32,29.65,540400
3236,2012-11-13,29.469999,29.969999,29.23,29.48,1164200
3237,2012-11-14,29.5,29.77,28.610001,28.629999,1526900
3238,2012-11-15,28.690001,28.959999,28.24,28.370001,1124500
3239,2012-11-16,28.370001,28.370001,27.780001,28.049999,1179700
3240,2012-11-19,28.34,28.73,28.24,28.73,736500
3241,2012-11-20,28.620001,28.85,28.33,28.75,655700
3242,2012-11-21,28.780001,28.92,28.530001,28.58,612400
3243,2012-11-23,28.719999,29.110001,28.51,28.969999,280500
3244,2012-11-26,28.809999,29.02,28.610001,28.9,645100
3245,2012-11-27,28.860001,29.34,28.76,29.23,847600
3246,2012-11-28,28.940001,29.41,28.67,29.370001,819800
3247,2012-11-29,29.57,29.700001,29.17,29.52,492800
3248,2012-11-30,29.540001,29.690001,29.23,29.290001,1056000
3249,2012-12-03,29.58,29.610001,28.98,29.309999,727900
3250,2012-12-04,29.209999,29.700001,29.16,29.65,476000
3251,2012-12-05,29.74,29.879999,29.35,29.76,760000
3252,2012-12-06,29.77,30.27,29.77,30.139999,699200
3253,2012-12-07,30.209999,30.33,30.0,30.25,535900
3254,2012-12-10,30.18,30.440001,30.049999,30.42,894500
3255,2012-12-11,30.690001,30.940001,30.35,30.879999,832300
3256,2012-12-12,30.959999,31.219999,30.77,30.92,815100
3257,2012-12-13,30.99,31.290001,30.59,30.65,640800
3258,2012-12-14,30.540001,30.57,30.190001,30.25,532000
3259,2012-12-17,30.360001,30.540001,30.110001,30.34,722200
3260,2012-12-18,30.379999,31.43,30.35,31.389999,1295100
3261,2012-12-19,31.440001,31.59,31.32,31.49,1161100
3262,2012-12-20,31.57,31.83,31.15,31.620001,2118900
3263,2012-12-21,31.120001,31.18,30.870001,31.129999,1709800
3264,2012-12-24,31.17,31.26,30.85,31.030001,222600
3265,2012-12-26,31.030001,31.16,30.530001,30.59,585700
3266,2012-12-27,30.629999,30.75,30.120001,30.6,505800
3267,2012-12-28,30.379999,30.48,29.860001,29.879999,593800
3268,2012-12-31,29.9,30.629999,29.719999,30.610001,579100
3269,2013-01-02,31.440001,31.9,31.24,31.889999,905300
3270,2013-01-03,31.99,32.200001,31.58,31.690001,1222400
3271,2013-01-04,31.700001,31.700001,31.360001,31.52,655600
3272,2013-01-07,31.290001,31.41,31.02,31.030001,544600
3273,2013-01-08,30.969999,31.0,30.5,30.780001,647100
3274,2013-01-09,30.92,31.07,30.790001,30.92,722100
3275,2013-01-10,31.219999,31.540001,31.1,31.360001,557700
3276,2013-01-11,31.33,31.799999,31.23,31.74,572800
3277,2013-01-14,31.549999,31.85,31.5,31.629999,568400
3278,2013-01-15,31.440001,32.009998,31.32,31.99,1115600
3279,2013-01-16,31.870001,31.870001,31.469999,31.66,1227200
3280,2013-01-17,31.84,32.32,31.82,32.110001,823900
3281,2013-01-18,32.040001,32.240002,31.84,32.07,771900
3282,2013-01-22,32.040001,32.630001,31.870001,32.41,940000
3283,2013-01-23,32.32,32.32,31.91,32.169998,916900
3284,2013-01-24,33.549999,35.18,33.32,34.400002,3561900
3285,2013-01-25,34.91,35.5,34.75,35.459999,2239800
3286,2013-01-28,35.5,35.68,35.27,35.380001,1565200
3287,2013-01-29,35.23,35.639999,34.860001,35.389999,2069800
3288,2013-01-30,35.459999,35.650002,35.25,35.27,976200
3289,2013-01-31,35.299999,35.450001,35.139999,35.360001,1473200
3290,2013-02-01,35.68,36.110001,35.369999,35.990002,1432300
3291,2013-02-04,35.689999,36.0,35.380001,35.509998,970900
3292,2013-02-05,35.790001,36.599998,35.790001,36.560001,1425200
3293,2013-02-06,36.299999,36.59,36.200001,36.400002,1022100
3294,2013-02-07,36.299999,36.41,35.959999,36.349998,957400
3295,2013-02-08,36.43,36.599998,36.27,36.389999,681800
3296,2013-02-11,36.439999,36.48,36.150002,36.23,1362300
3297,2013-02-12,36.200001,36.66,36.060001,36.400002,1335100
3298,2013-02-13,36.52,36.52,36.029999,36.330002,748500
3299,2013-02-14,36.259998,36.470001,36.259998,36.32,1013300
3300,2013-02-15,36.439999,36.5,36.049999,36.18,885200
3301,2013-02-19,36.290001,36.540001,36.200001,36.34,782600
3302,2013-02-20,36.240002,36.5,35.799999,35.880001,1192200
3303,2013-02-21,35.779999,35.919998,35.23,35.34,1486500
3304,2013-02-22,35.57,35.709999,35.299999,35.630001,655500
3305,2013-02-25,35.759998,35.759998,34.419998,34.419998,967900
3306,2013-02-26,34.630001,34.970001,34.290001,34.82,966500
3307,2013-02-27,34.73,35.400002,34.619999,35.18,475700
3308,2013-02-28,35.150002,35.759998,35.029999,35.310001,753200
3309,2013-03-01,34.98,35.09,34.169998,34.5,1200000
3310,2013-03-04,34.389999,34.619999,33.919998,34.139999,807900
3311,2013-03-05,34.310001,35.029999,34.310001,34.950001,701400
3312,2013-03-06,35.130001,35.779999,35.049999,35.639999,1547000
3313,2013-03-07,35.84,36.400002,35.68,36.240002,1097100
3314,2013-03-08,36.5,36.5,35.93,36.25,488800
3315,2013-03-11,36.099998,36.16,35.799999,36.139999,670100
3316,2013-03-12,36.080002,36.139999,35.82,36.07,432600
3317,2013-03-13,36.060001,36.220001,35.869999,36.16,333400
3318,2013-03-14,36.18,36.860001,36.18,36.860001,537600
3319,2013-03-15,36.84,36.84,36.240002,36.43,748400
3320,2013-03-18,35.919998,36.41,35.790001,36.169998,687900
3321,2013-03-19,36.240002,36.380001,35.689999,36.110001,348100
3322,2013-03-20,36.349998,36.650002,36.139999,36.580002,414100
3323,2013-03-21,36.18,36.540001,35.849998,36.150002,625700
3324,2013-03-22,36.25,36.380001,35.57,35.689999,670000
3325,2013-03-25,35.689999,35.84,34.91,35.220001,817700
3326,2013-03-26,35.439999,35.560001,35.060001,35.310001,453700
3327,2013-03-27,35.09,35.59,34.799999,35.540001,331000
3328,2013-03-28,35.439999,36.310001,35.200001,36.200001,663700
3329,2013-04-01,36.130001,36.220001,35.16,35.389999,589300
3330,2013-04-02,35.48,35.52,34.91,35.040001,823000
3331,2013-04-03,35.049999,35.209999,34.25,34.290001,694200
3332,2013-04-04,33.990002,34.240002,33.759998,34.110001,735400
3333,2013-04-05,33.43,33.720001,33.18,33.490002,664100
3334,2013-04-08,33.580002,33.939999,33.34,33.939999,513500
3335,2013-04-09,33.91,34.130001,33.610001,33.950001,655400
3336,2013-04-10,34.25,34.860001,34.16,34.619999,938200
3337,2013-04-11,34.48,34.669998,34.169998,34.310001,769700
3338,2013-04-12,34.23,34.299999,33.75,33.93,532900
3339,2013-04-15,33.709999,33.830002,32.959999,33.009998,1254200
3340,2013-04-16,33.419998,33.470001,32.93,33.279999,1112700
3341,2013-04-17,32.939999,33.009998,32.0,32.509998,965600
3342,2013-04-18,32.68,32.68,31.889999,31.93,735500
3343,2013-04-19,32.130001,32.130001,31.23,31.540001,1390900
3344,2013-04-22,31.530001,32.07,31.02,31.91,952100
3345,2013-04-23,32.060001,32.310001,31.559999,32.200001,1583200
3346,2013-04-24,32.110001,33.16,32.049999,33.07,2004800
3347,2013-04-25,32.970001,33.740002,32.549999,33.060001,1058500
3348,2013-04-26,32.91,32.91,31.73,31.870001,1086900
3349,2013-04-29,31.99,32.060001,31.459999,31.99,1325800
3350,2013-04-30,32.0,32.75,31.709999,32.75,1668000
3351,2013-05-01,32.580002,32.580002,31.719999,31.84,1175300
3352,2013-05-02,32.0,32.639999,32.0,32.209999,790700
3353,2013-05-03,32.669998,32.93,32.580002,32.77,768800
3354,2013-05-06,32.740002,32.919998,32.610001,32.830002,944000
3355,2013-05-07,32.91,32.970001,32.540001,32.709999,612500
3356,2013-05-08,32.689999,33.73,32.669998,33.73,1084400
3357,2013-05-09,33.700001,33.919998,33.52,33.619999,757800
3358,2013-05-10,33.639999,33.939999,33.509998,33.580002,520800
3359,2013-05-13,33.490002,33.529999,32.759998,32.950001,716700
3360,2013-05-14,32.900002,33.07,32.580002,32.810001,699600
3361,2013-05-15,32.610001,33.810001,32.279999,33.790001,1720000
3362,2013-05-16,33.779999,34.459999,33.720001,33.880001,924300
3363,2013-05-17,33.98,34.400002,33.98,34.290001,695300
3364,2013-05-20,34.16,34.240002,33.560001,33.639999,994100
3365,2013-05-21,33.740002,33.810001,33.509998,33.700001,585400
3366,2013-05-22,33.880001,34.150002,33.310001,33.43,871100
3367,2013-05-23,33.240002,33.900002,33.119999,33.73,1129500
3368,2013-05-24,33.529999,33.700001,33.209999,33.459999,542100
3369,2013-05-28,33.860001,34.049999,33.459999,33.57,358100
3370,2013-05-29,33.349998,33.73,33.110001,33.68,501000
3371,2013-05-30,33.759998,34.57,33.759998,34.470001,460800
3372,2013-05-31,34.34,34.66,34.16,34.16,603400
3373,2013-06-03,34.23,34.240002,33.759998,34.040001,646400
3374,2013-06-04,34.220001,34.619999,33.639999,33.959999,554000
3375,2013-06-05,33.84,33.860001,33.400002,33.66,536200
3376,2013-06-06,33.700001,33.919998,32.959999,33.279999,586500
3377,2013-06-07,33.490002,33.93,33.279999,33.709999,336600
3378,2013-06-10,33.790001,33.970001,33.52,33.82,701000
3379,2013-06-11,33.419998,33.919998,33.400002,33.650002,1081900
3380,2013-06-12,33.919998,34.0,33.220001,33.240002,552600
3381,2013-06-13,33.23,33.799999,33.060001,33.66,560100
3382,2013-06-14,33.619999,34.209999,33.470001,34.0,1351000
3383,2013-06-17,34.310001,34.529999,34.099998,34.240002,863100
3384,2013-06-18,34.259998,34.389999,34.139999,34.18,541900
3385,2013-06-19,34.16,34.419998,33.91,33.919998,776000
3386,2013-06-20,33.509998,33.990002,33.360001,33.400002,744900
3387,2013-06-21,33.560001,33.560001,32.75,33.049999,795500
3388,2013-06-24,32.68,32.84,32.52,32.57,928800
3389,2013-06-25,32.889999,33.099998,32.549999,33.029999,401000
3390,2013-06-26,33.349998,33.549999,32.939999,33.189999,450000
3391,2013-06-27,33.380001,34.130001,33.32,33.82,713100
3392,2013-06-28,33.709999,34.02,33.5,33.599998,630300
3393,2013-07-01,33.779999,34.439999,33.779999,34.27,470400
3394,2013-07-02,34.200001,34.549999,33.759998,33.970001,465400
3395,2013-07-03,33.799999,34.419998,33.799999,34.240002,171200
3396,2013-07-05,34.490002,35.0,34.450001,34.990002,294200
3397,2013-07-08,35.0,35.0,34.490002,34.509998,465400
3398,2013-07-09,34.700001,35.040001,34.650002,34.990002,442700
3399,2013-07-10,34.990002,35.330002,34.91,35.220001,443200
3400,2013-07-11,35.669998,35.779999,35.389999,35.540001,421700
3401,2013-07-12,35.43,35.82,35.23,35.73,579500
3402,2013-07-15,35.689999,36.0,35.470001,35.970001,583100
3403,2013-07-16,35.950001,36.130001,35.779999,35.860001,485400
3404,2013-07-17,35.889999,36.509998,35.73,36.400002,695200
3405,2013-07-18,36.32,36.580002,36.07,36.389999,415600
3406,2013-07-19,36.169998,36.59,36.099998,36.490002,443500
3407,2013-07-22,36.549999,36.650002,36.290001,36.599998,356200
3408,2013-07-23,36.66,37.080002,36.580002,36.959999,545500
3409,2013-07-24,37.259998,37.57,37.060001,37.540001,830100
3410,2013-07-25,37.5,38.189999,37.439999,38.0,976000
3411,2013-07-26,37.740002,37.869999,37.130001,37.27,513300
3412,2013-07-29,37.189999,37.389999,36.759998,37.139999,496800
3413,2013-07-30,37.299999,37.759998,37.259998,37.52,655100
3414,2013-07-31,37.610001,38.0,37.369999,37.669998,600300
3415,2013-08-01,38.0,39.27,37.950001,39.110001,1219100
3416,2013-08-02,38.939999,39.02,38.5,38.810001,563800
3417,2013-08-05,38.59,38.880001,38.459999,38.799999,547800
3418,2013-08-06,38.73,38.869999,38.259998,38.57,683200
3419,2013-08-07,38.470001,38.889999,38.07,38.279999,928100
3420,2013-08-08,38.75,39.110001,38.209999,39.040001,633600
3421,2013-08-09,38.919998,39.200001,38.75,38.810001,634100
3422,2013-08-12,38.799999,39.02,38.610001,38.990002,549000
3423,2013-08-13,39.080002,39.860001,38.880001,39.849998,1157900
3424,2013-08-14,39.880001,40.009998,39.439999,39.599998,1025200
3425,2013-08-15,39.23,39.23,38.48,38.57,672500
3426,2013-08-16,38.59,38.91,38.5,38.869999,452100
3427,2013-08-19,38.82,39.32,38.799999,39.200001,769500
3428,2013-08-20,39.209999,39.779999,39.080002,39.75,906700
3429,2013-08-21,39.610001,39.720001,38.700001,38.790001,1255000
3430,2013-08-22,38.880001,39.52,38.75,39.470001,366000
3431,2013-08-23,39.439999,39.580002,39.060001,39.380001,711900
3432,2013-08-26,39.360001,39.779999,38.860001,39.580002,447600
3433,2013-08-27,39.27,39.349998,38.34,38.34,569500
3434,2013-08-28,38.43,39.259998,38.299999,39.209999,678400
3435,2013-08-29,39.18,39.990002,39.16,39.720001,511600
3436,2013-08-30,39.700001,39.700001,38.459999,38.560001,707100
3437,2013-09-03,39.099998,39.450001,38.02,38.380001,1541100
3438,2013-09-04,38.459999,39.849998,38.419998,39.669998,777000
3439,2013-09-05,39.669998,39.860001,39.360001,39.369999,676100
3440,2013-09-06,39.43,39.799999,38.849998,39.59,888800
3441,2013-09-09,39.830002,40.970001,39.669998,40.860001,1032500
3442,2013-09-10,41.02,41.77,41.02,41.66,837800
3443,2013-09-11,41.369999,41.560001,41.02,41.299999,686000
3444,2013-09-12,40.830002,41.48,40.830002,41.240002,980800
3445,2013-09-13,41.360001,41.540001,40.98,41.09,404500
3446,2013-09-16,41.619999,41.619999,41.049999,41.130001,538700
3447,2013-09-17,41.130001,41.41,41.130001,41.41,902400
3448,2013-09-18,41.290001,41.490002,40.880001,41.349998,787100
3449,2013-09-19,41.549999,41.610001,41.209999,41.509998,361400
3450,2013-09-20,41.07,41.470001,41.07,41.330002,1010100
3451,2013-09-23,41.380001,41.400002,40.98,41.009998,787900
3452,2013-09-24,41.080002,41.400002,40.639999,41.200001,584400
3453,2013-09-25,41.27,41.990002,40.98,41.66,648100
3454,2013-09-26,41.09,41.93,40.669998,41.669998,528800
3455,2013-09-27,41.509998,41.830002,41.330002,41.73,462300
3456,2013-09-30,41.220001,41.790001,40.93,41.709999,857900
3457,2013-10-01,41.75,42.740002,41.57,42.57,1129400
3458,2013-10-02,42.299999,42.310001,41.82,42.220001,644800
3459,2013-10-03,41.98,42.119999,41.549999,41.950001,770200
3460,2013-10-04,42.040001,42.619999,41.790001,42.490002,499100
3461,2013-10-07,41.970001,42.349998,41.689999,42.040001,575100
3462,2013-10-08,42.099998,42.860001,41.32,41.599998,1082900
3463,2013-10-09,41.939999,42.049999,41.099998,41.599998,781000
3464,2013-10-10,42.200001,42.740002,42.009998,42.68,590700
3465,2013-10-11,42.52,42.849998,42.220001,42.779999,447700
3466,2013-10-14,41.84,42.59,41.810001,42.490002,663800
3467,2013-10-15,42.259998,42.43,41.68,41.84,537900
3468,2013-10-16,42.029999,42.189999,41.59,42.049999,866100
3469,2013-10-17,41.860001,42.040001,41.599998,41.93,1040100
3470,2013-10-18,42.049999,42.049999,41.830002,41.970001,1015400
3471,2013-10-21,41.950001,42.650002,41.880001,42.360001,575900
3472,2013-10-22,42.619999,42.779999,42.16,42.779999,897900
3473,2013-10-23,42.439999,42.450001,41.07,41.139999,1305500
3474,2013-10-24,42.25,42.25,38.73,38.790001,1706300
3475,2013-10-25,38.98,39.220001,38.23,38.77,1564200
3476,2013-10-28,38.900002,39.369999,38.419998,39.360001,1382400
3477,2013-10-29,39.400002,40.07,39.380001,39.77,1453700
3478,2013-10-30,39.759998,40.009998,38.830002,38.93,848000
3479,2013-10-31,38.990002,40.049999,38.84,39.700001,1424100
3480,2013-11-01,39.810001,39.869999,39.330002,39.759998,731200
3481,2013-11-04,39.93,40.049999,39.540001,39.66,410000
3482,2013-11-05,39.450001,39.720001,39.049999,39.330002,515100
3483,2013-11-06,39.57,39.84,39.360001,39.77,380500
3484,2013-11-07,39.889999,40.16,39.360001,39.459999,738700
3485,2013-11-08,39.560001,40.299999,39.18,40.299999,631300
3486,2013-11-11,40.360001,41.02,40.209999,40.959999,806700
3487,2013-11-12,40.869999,41.099998,40.610001,41.0,587600
3488,2013-11-13,40.860001,41.240002,40.77,41.169998,598900
3489,2013-11-14,41.040001,41.5,40.900002,41.34,544300
3490,2013-11-15,41.459999,42.02,41.130001,42.02,741700
3491,2013-11-18,42.110001,42.380001,41.77,41.939999,1277000
3492,2013-11-19,41.93,42.23,40.389999,40.490002,1071600
3493,2013-11-20,40.700001,40.98,40.360001,40.639999,443500
3494,2013-11-21,40.68,41.110001,40.669998,40.93,844800
3495,2013-11-22,41.02,41.02,40.369999,40.799999,894800
3496,2013-11-25,40.810001,41.0,40.610001,40.889999,684800
3497,2013-11-26,40.810001,40.919998,40.419998,40.43,1068200
3498,2013-11-27,40.57,40.580002,39.919998,40.080002,987800
3499,2013-11-29,40.18,40.279999,39.810001,39.900002,938900
3500,2013-12-02,39.779999,40.279999,39.349998,39.93,1410900
3501,2013-12-03,39.900002,40.299999,39.810001,39.98,770000
3502,2013-12-04,39.790001,40.029999,39.290001,39.68,736300
3503,2013-12-05,39.68,39.68,39.310001,39.560001,924100
3504,2013-12-06,40.07,41.110001,40.07,40.950001,815400
3505,2013-12-09,41.110001,41.75,41.07,41.389999,1097200
3506,2013-12-10,41.419998,42.150002,41.41,41.959999,1244600
3507,2013-12-11,41.959999,42.150002,41.029999,41.110001,1174500
3508,2013-12-12,41.16,41.18,40.18,40.43,755200
3509,2013-12-13,40.599998,40.700001,40.18,40.66,976900
3510,2013-12-16,41.09,41.650002,40.860001,41.630001,937700
3511,2013-12-17,41.639999,42.25,41.34,42.169998,734800
3512,2013-12-18,42.279999,42.330002,41.43,42.27,662400
3513,2013-12-19,42.099998,42.389999,42.040001,42.360001,601300
3514,2013-12-20,42.360001,42.939999,42.349998,42.939999,858400
3515,2013-12-23,43.119999,43.220001,42.73,42.919998,450400
3516,2013-12-24,42.889999,43.369999,42.889999,43.110001,153500
3517,2013-12-26,43.34,43.540001,43.029999,43.279999,310700
3518,2013-12-27,43.240002,43.57,43.18,43.43,223200
3519,2013-12-30,43.439999,43.860001,43.27,43.82,477000
3520,2013-12-31,43.919998,44.470001,43.880001,44.110001,527400
3521,2014-01-02,43.93,43.93,42.650002,42.759998,721300
3522,2014-01-03,42.889999,42.959999,42.27,42.68,884000
3523,2014-01-06,42.950001,42.950001,41.880001,42.049999,1076100
3524,2014-01-07,42.34,42.380001,41.889999,42.150002,1048700
3525,2014-01-08,42.25,42.48,41.66,42.419998,600900
3526,2014-01-09,42.549999,42.759998,42.290001,42.740002,473700
3527,2014-01-10,42.830002,43.5,42.830002,43.299999,885600
3528,2014-01-13,43.23,43.389999,42.02,42.119999,604700
3529,2014-01-14,42.220001,42.959999,42.200001,42.959999,603000
3530,2014-01-15,42.970001,43.900002,42.950001,43.889999,459500
3531,2014-01-16,43.830002,44.0,43.43,43.490002,331300
3532,2014-01-17,43.310001,44.099998,43.299999,44.02,604900
3533,2014-01-21,44.27,44.330002,43.740002,43.970001,1002400
3534,2014-01-22,44.0,44.549999,43.810001,44.549999,1263900
3535,2014-01-23,45.0,45.470001,42.639999,42.900002,1778700
3536,2014-01-24,42.810001,43.209999,41.810001,41.970001,1633900
3537,2014-01-27,42.099998,42.310001,41.189999,41.200001,1390100
3538,2014-01-28,41.200001,41.330002,40.91,41.32,1204400
3539,2014-01-29,41.0,41.529999,40.720001,40.77,772600
3540,2014-01-30,41.189999,41.41,40.720001,41.360001,767900
3541,2014-01-31,40.66,41.32,40.52,41.07,1230800
3542,2014-02-03,40.93,41.029999,39.09,39.400002,1913500
3543,2014-02-04,39.599998,39.709999,39.040001,39.43,1363900
3544,2014-02-05,39.330002,39.66,38.73,39.32,857800
3545,2014-02-06,39.509998,40.41,39.380001,40.200001,675000
3546,2014-02-07,40.330002,41.09,40.330002,41.080002,675300
3547,2014-02-10,41.150002,41.68,41.049999,41.470001,998600
3548,2014-02-11,41.439999,42.220001,41.0,41.91,1005700
3549,2014-02-12,41.919998,42.540001,41.919998,42.369999,650200
3550,2014-02-13,41.970001,43.139999,41.279999,43.099998,583600
3551,2014-02-14,42.93,43.459999,42.93,43.349998,653000
3552,2014-02-18,43.549999,43.880001,43.290001,43.830002,608600
3553,2014-02-19,43.77,43.880001,42.950001,42.970001,682800
3554,2014-02-20,43.130001,43.689999,42.889999,43.669998,381300
3555,2014-02-21,43.700001,43.790001,43.200001,43.360001,646400
3556,2014-02-24,43.439999,43.450001,42.82,42.830002,708300
3557,2014-02-25,42.880001,42.880001,42.290001,42.549999,858200
3558,2014-02-26,42.66,43.220001,42.560001,42.950001,556000
3559,2014-02-27,42.869999,43.57,42.77,43.549999,628700
3560,2014-02-28,43.48,44.0,43.330002,43.529999,781500
3561,2014-03-03,42.98,43.220001,42.169998,42.740002,699800
3562,2014-03-04,43.310001,43.650002,43.209999,43.369999,571600
3563,2014-03-05,43.389999,43.560001,42.869999,42.939999,501800
3564,2014-03-06,43.009998,43.150002,42.759998,42.93,631300
3565,2014-03-07,43.18,43.490002,43.009998,43.310001,1722200
3566,2014-03-10,43.360001,43.48,42.790001,43.09,585800
3567,2014-03-11,43.169998,43.23,41.970001,42.110001,706200
3568,2014-03-12,41.790001,42.200001,41.419998,42.099998,1107300
3569,2014-03-13,42.220001,42.549999,41.619999,41.77,604000
3570,2014-03-14,41.68,42.169998,41.099998,41.27,722300
3571,2014-03-17,41.5,42.27,41.48,41.990002,831100
3572,2014-03-18,42.110001,44.299999,41.990002,44.139999,2031800
3573,2014-03-19,44.02,44.18,43.310001,43.599998,628400
3574,2014-03-20,43.470001,44.279999,43.240002,44.040001,615800
3575,2014-03-21,44.279999,45.27,44.150002,44.709999,1512100
3576,2014-03-24,44.919998,45.459999,44.48,45.130001,1284400
3577,2014-03-25,45.310001,46.290001,45.18,46.169998,1680300
3578,2014-03-26,46.400002,46.75,45.139999,45.779999,1319400
3579,2014-03-27,45.639999,46.040001,44.82,45.110001,808900
3580,2014-03-28,45.27,46.279999,45.259998,45.599998,874900
3581,2014-03-31,45.830002,46.68,45.82,46.529999,878500
3582,2014-04-01,46.59,47.119999,46.509998,47.07,779700
3583,2014-04-02,47.040001,47.689999,46.57,47.5,1018800
3584,2014-04-03,47.66,47.66,46.740002,47.200001,683400
3585,2014-04-04,47.860001,48.18,46.529999,46.619999,860200
3586,2014-04-07,46.369999,46.639999,45.779999,46.360001,894200
3587,2014-04-08,46.290001,46.759998,45.849998,46.400002,768300
3588,2014-04-09,46.630001,47.080002,46.470001,47.080002,1227800
3589,2014-04-10,47.049999,47.59,46.080002,46.209999,872900
3590,2014-04-11,45.759998,46.18,44.810001,44.880001,490500
3591,2014-04-14,45.189999,45.32,44.139999,44.610001,1576900
3592,2014-04-15,44.740002,45.32,44.049999,45.060001,687600
3593,2014-04-16,45.41,45.889999,44.790001,45.860001,659600
3594,2014-04-17,45.810001,46.330002,45.650002,46.130001,495400
3595,2014-04-21,46.130001,46.490002,45.57,46.0,592600
3596,2014-04-22,45.970001,46.900002,45.790001,46.68,663800
3597,2014-04-23,46.549999,46.830002,46.240002,46.720001,868000
3598,2014-04-24,43.5,44.369999,42.150002,43.57,2330100
3599,2014-04-25,43.220001,43.25,42.68,42.73,1306700
3600,2014-04-28,42.919998,43.470001,42.32,42.939999,1653700
3601,2014-04-29,43.200001,43.400002,42.810001,42.830002,775400
3602,2014-04-30,42.700001,43.150002,42.400002,43.130001,1027100
3603,2014-05-01,43.220001,43.669998,42.799999,43.049999,874700
3604,2014-05-02,43.040001,43.57,42.779999,42.990002,732400
3605,2014-05-05,42.75,42.939999,42.279999,42.380001,869500
3606,2014-05-06,42.330002,42.439999,41.790001,41.810001,1035300
3607,2014-05-07,41.93,42.029999,41.200001,41.919998,1152100
3608,2014-05-08,41.860001,42.849998,41.810001,41.939999,873200
3609,2014-05-09,41.790001,41.900002,41.200001,41.68,1021700
3610,2014-05-12,41.959999,42.880001,41.810001,42.790001,794400
3611,2014-05-13,42.889999,43.09,42.540001,42.57,386200
3612,2014-05-14,42.599998,42.700001,41.810001,41.93,670100
3613,2014-05-15,41.880001,42.23,41.040001,42.110001,709900
3614,2014-05-16,42.150002,42.419998,41.970001,42.310001,410600
3615,2014-05-19,42.259998,42.869999,42.259998,42.799999,540100
3616,2014-05-20,42.66,42.66,42.110001,42.259998,550500
3617,2014-05-21,42.459999,42.810001,42.34,42.68,425400
3618,2014-05-22,42.619999,43.099998,42.599998,42.73,438400
3619,2014-05-23,42.689999,43.209999,42.669998,43.16,460700
3620,2014-05-27,43.330002,43.669998,43.18,43.580002,399200
3621,2014-05-28,43.490002,43.939999,43.200001,43.799999,495900
3622,2014-05-29,43.810001,44.25,43.75,43.900002,539300
3623,2014-05-30,43.580002,43.689999,43.299999,43.57,544000
3624,2014-06-02,43.52,43.77,43.23,43.639999,415600
3625,2014-06-03,43.490002,44.009998,43.48,43.790001,661900
3626,2014-06-04,43.66,43.869999,43.380001,43.389999,620900
3627,2014-06-05,43.48,43.869999,43.150002,43.790001,437800
3628,2014-06-06,43.830002,44.349998,43.759998,43.869999,410200
3629,2014-06-09,43.98,44.740002,43.869999,44.43,438800
3630,2014-06-10,44.310001,44.75,44.25,44.75,426100
3631,2014-06-11,44.52,44.75,44.439999,44.619999,282100
3632,2014-06-12,44.560001,44.59,43.779999,43.889999,680000
3633,2014-06-13,43.93,44.380001,43.5,43.630001,794900
3634,2014-06-16,43.52,43.650002,43.119999,43.139999,541200
3635,2014-06-17,43.049999,44.09,43.049999,43.84,842600
3636,2014-06-18,43.810001,44.139999,43.720001,44.07,396600
3637,2014-06-19,44.23,44.290001,43.509998,43.93,388900
3638,2014-06-20,43.860001,44.09,43.41,43.439999,745000
3639,2014-06-23,43.650002,43.84,43.299999,43.299999,942800
3640,2014-06-24,43.32,43.66,42.93,42.959999,950000
3641,2014-06-25,42.869999,43.59,42.82,43.549999,796200
3642,2014-06-26,43.689999,43.98,43.23,43.740002,671500
3643,2014-06-27,43.73,43.98,43.310001,43.709999,914100
3644,2014-06-30,43.810001,44.349998,43.610001,44.310001,707400
3645,2014-07-01,44.490002,45.529999,44.490002,44.919998,864200
3646,2014-07-02,44.849998,45.18,44.330002,44.400002,412600
3647,2014-07-03,44.470001,45.189999,44.330002,45.169998,380300
3648,2014-07-07,45.07,45.16,44.450001,44.93,576100
3649,2014-07-08,44.790001,44.799999,44.150002,44.5,580900
3650,2014-07-09,44.509998,44.779999,44.009998,44.209999,362100
3651,2014-07-10,43.869999,44.200001,43.310001,43.869999,463900
3652,2014-07-11,43.740002,43.799999,43.32,43.450001,414100
3653,2014-07-14,43.720001,44.07,43.369999,43.400002,320400
3654,2014-07-15,43.310001,43.939999,43.310001,43.799999,341300
3655,2014-07-16,43.939999,44.299999,43.41,43.830002,1176200
3656,2014-07-17,43.84,44.369999,43.560001,43.830002,716800
3657,2014-07-18,43.98,44.360001,43.759998,44.32,461300
3658,2014-07-21,44.150002,44.900002,43.990002,44.650002,625000
3659,2014-07-22,44.889999,45.240002,44.630001,44.650002,601200
3660,2014-07-23,44.75,44.75,43.880001,43.919998,416500
3661,2014-07-24,43.93,44.27,43.860001,44.169998,556600
3662,2014-07-25,43.939999,43.959999,43.540001,43.75,553300
3663,2014-07-28,43.66,44.099998,43.310001,44.02,634700
3664,2014-07-29,43.93,44.240002,42.919998,42.970001,859900
3665,2014-07-30,43.150002,43.630001,43.119999,43.439999,383600
3666,2014-07-31,42.939999,43.200001,42.330002,42.330002,556400
3667,2014-08-01,42.18,42.75,41.900002,42.599998,1108700
3668,2014-08-04,42.529999,43.189999,42.369999,43.16,799900
3669,2014-08-05,42.900002,43.380001,42.75,43.349998,939500
3670,2014-08-06,43.869999,43.950001,42.23,42.529999,1151200
3671,2014-08-07,42.619999,42.619999,40.84,40.880001,1926900
3672,2014-08-08,40.900002,41.290001,40.77,41.09,1525900
3673,2014-08-11,41.41,41.650002,41.110001,41.369999,1367800
3674,2014-08-12,41.59,41.830002,41.369999,41.66,1634900
3675,2014-08-13,41.950001,42.240002,41.669998,42.18,914300
3676,2014-08-14,42.25,42.82,42.16,42.709999,799300
3677,2014-08-15,42.919998,43.09,42.529999,42.939999,780300
3678,2014-08-18,43.349998,43.669998,42.970001,43.389999,670200
3679,2014-08-19,43.450001,43.790001,43.400002,43.73,497400
3680,2014-08-20,43.73,44.299999,43.619999,44.23,558800
3681,2014-08-21,44.279999,44.869999,44.07,44.68,711600
3682,2014-08-22,44.639999,44.77,44.349998,44.419998,481700
3683,2014-08-25,44.57,44.599998,44.220001,44.450001,388400
3684,2014-08-26,44.57,45.099998,44.57,44.950001,580100
3685,2014-08-27,45.049999,45.169998,44.689999,44.689999,1030700
3686,2014-08-28,44.41,44.59,44.200001,44.27,696500
3687,2014-08-29,44.419998,44.66,44.220001,44.509998,467600
3688,2014-09-02,44.66,44.959999,44.299999,44.560001,1201800
3689,2014-09-03,44.869999,44.900002,44.450001,44.639999,616300
3690,2014-09-04,44.509998,44.709999,44.25,44.259998,826900
3691,2014-09-05,44.209999,44.389999,43.889999,44.0,425700
3692,2014-09-08,43.950001,44.080002,43.68,43.91,714400
3693,2014-09-09,43.93,44.02,43.619999,43.740002,449900
3694,2014-09-10,43.669998,43.869999,43.459999,43.759998,754000
3695,2014-09-11,43.529999,44.18,43.529999,44.169998,533500
3696,2014-09-12,44.169998,44.18,43.810001,44.02,988400
3697,2014-09-15,43.990002,44.220001,43.790001,43.950001,562900
3698,2014-09-16,43.68,44.07,43.470001,43.759998,777100
3699,2014-09-17,43.759998,44.290001,43.75,44.09,487100
3700,2014-09-18,44.189999,44.459999,44.150002,44.310001,359800
3701,2014-09-19,44.470001,44.59,43.5,43.66,1004900
3702,2014-09-22,43.48,43.630001,42.990002,43.02,481400
3703,2014-09-23,42.91,42.939999,42.310001,42.32,501000
3704,2014-09-24,42.310001,42.66,42.119999,42.529999,586200
3705,2014-09-25,42.360001,42.5,41.599998,41.669998,658500
3706,2014-09-26,41.73,42.200001,41.66,42.130001,635900
3707,2014-09-29,41.689999,42.330002,41.689999,41.970001,608100
3708,2014-09-30,41.959999,42.130001,41.400002,41.5,1069700
3709,2014-10-01,41.380001,41.52,40.580002,40.669998,964200
3710,2014-10-02,40.580002,40.889999,40.0,40.59,488300
3711,2014-10-03,40.790001,40.869999,40.450001,40.630001,603100
3712,2014-10-06,40.75,41.080002,40.669998,40.889999,533900
3713,2014-10-07,40.580002,41.07,40.34,40.34,745000
3714,2014-10-08,40.349998,40.880001,39.740002,40.860001,605500
3715,2014-10-09,40.75,40.77,39.799999,39.900002,571900
3716,2014-10-10,39.599998,39.599998,37.110001,37.18,2111900
3717,2014-10-13,37.200001,37.299999,36.450001,36.540001,1185800
3718,2014-10-14,36.630001,37.459999,36.560001,36.709999,1310500
3719,2014-10-15,36.029999,37.75,35.529999,37.400002,1861000
3720,2014-10-16,36.540001,37.84,36.369999,37.650002,1367500
3721,2014-10-17,38.029999,39.0,38.029999,38.849998,1211300
3722,2014-10-20,38.849998,39.41,38.830002,39.369999,1133400
3723,2014-10-21,39.549999,40.830002,39.48,40.790001,816900
3724,2014-10-22,40.799999,40.889999,40.040001,40.07,951900
3725,2014-10-23,42.0,42.43,40.970001,41.150002,1737200
3726,2014-10-24,41.139999,42.009998,41.139999,41.779999,1276700
3727,2014-10-27,41.669998,42.029999,41.459999,41.529999,1024000
3728,2014-10-28,41.669998,42.759998,41.619999,42.75,1077000
3729,2014-10-29,42.75,43.189999,42.220001,42.599998,1460300
3730,2014-10-30,42.369999,42.630001,41.970001,42.130001,1211200
3731,2014-10-31,43.040001,44.150002,42.990002,43.25,1783200
3732,2014-11-03,43.259998,43.369999,42.939999,43.040001,1082300
3733,2014-11-04,42.98,43.290001,42.939999,43.07,629500
3734,2014-11-05,43.439999,43.610001,43.009998,43.599998,481600
3735,2014-11-06,43.630001,43.959999,43.48,43.66,403700
3736,2014-11-07,44.0,44.0,43.43,43.68,576800
3737,2014-11-10,43.779999,44.0,43.349998,43.580002,553500
3738,2014-11-11,43.509998,43.860001,43.299999,43.84,431900
3739,2014-11-12,43.619999,44.110001,43.490002,44.049999,450900
3740,2014-11-13,42.630001,43.23,42.02,42.290001,956900
3741,2014-11-14,42.290001,43.09,42.290001,42.860001,516300
3742,2014-11-17,42.709999,43.310001,42.709999,43.18,490400
3743,2014-11-18,43.169998,44.299999,43.169998,44.18,827100
3744,2014-11-19,44.080002,44.119999,43.09,43.32,514500
3745,2014-11-20,43.080002,43.68,43.040001,43.509998,358900
3746,2014-11-21,43.990002,44.41,43.77,43.849998,543200
3747,2014-11-24,43.950001,44.09,43.470001,43.900002,725200
3748,2014-11-25,44.0,44.220001,43.68,43.970001,489000
3749,2014-11-26,44.02,44.02,43.509998,43.779999,406500
3750,2014-11-28,43.59,44.060001,43.330002,43.790001,306500
3751,2014-12-01,43.66,43.91,43.32,43.57,512900
3752,2014-12-02,43.560001,43.959999,43.470001,43.75,402400
3753,2014-12-03,43.75,45.099998,43.700001,45.049999,807300
3754,2014-12-04,45.200001,45.360001,44.330002,44.509998,463300
3755,2014-12-05,44.599998,44.799999,44.25,44.77,794500
3756,2014-12-08,44.599998,44.98,44.299999,44.439999,511100
3757,2014-12-09,43.689999,44.669998,43.439999,44.619999,588100
3758,2014-12-10,44.470001,44.630001,43.34,43.360001,439300
3759,2014-12-11,44.040001,44.43,43.389999,43.5,627400
3760,2014-12-12,43.169998,43.169998,42.689999,42.849998,762000
3761,2014-12-15,43.040001,43.389999,42.119999,42.130001,703500
3762,2014-12-16,42.0,42.939999,41.810001,41.849998,884300
3763,2014-12-17,41.889999,42.73,41.650002,42.59,678200
3764,2014-12-18,43.32,43.619999,42.900002,43.540001,647600
3765,2014-12-19,43.41,43.849998,43.41,43.509998,1211800
3766,2014-12-22,43.59,44.040001,41.959999,43.57,1035500
3767,2014-12-23,43.990002,44.18,43.68,43.68,1002500
3768,2014-12-24,43.689999,44.060001,43.560001,43.830002,268700
3769,2014-12-26,44.07,44.169998,43.810001,43.860001,721100
3770,2014-12-29,43.860001,44.369999,43.860001,44.060001,495700
3771,2014-12-30,43.970001,44.220001,43.580002,43.59,385300
3772,2014-12-31,43.799999,43.799999,42.990002,43.02,542100
3773,2015-01-02,43.349998,43.509998,42.529999,42.799999,661300
3774,2015-01-05,42.619999,42.849998,42.23,42.259998,719000
3775,2015-01-06,42.240002,42.240002,40.84,41.099998,1123700
3776,2015-01-07,41.349998,41.59,40.98,41.360001,562400
3777,2015-01-08,41.810001,42.59,41.68,42.34,598300
3778,2015-01-09,42.380001,42.490002,41.650002,42.040001,556400
3779,2015-01-12,41.93,42.09,41.200001,41.790001,708300
3780,2015-01-13,42.209999,43.0,41.200001,41.66,671000
3781,2015-01-14,41.169998,41.740002,41.0,41.740002,677000
3782,2015-01-15,41.869999,42.0,40.919998,40.970001,616900
3783,2015-01-16,40.740002,41.720001,40.689999,41.689999,610100
3784,2015-01-20,41.740002,41.950001,41.060001,41.330002,655700
3785,2015-01-21,41.16,42.130001,40.950001,42.080002,823800
3786,2015-01-22,42.57,43.25,41.779999,43.220001,1601100
3787,2015-01-23,43.299999,43.419998,42.779999,43.139999,1153900
3788,2015-01-26,42.98,43.5,42.43,43.459999,898400
3789,2015-01-27,42.77,43.189999,42.389999,42.419998,802900
3790,2015-01-28,43.049999,43.349998,42.189999,42.209999,832900
3791,2015-01-29,42.290001,42.68,41.540001,42.259998,736900
3792,2015-01-30,42.0,42.619999,41.509998,41.619999,760800
3793,2015-02-02,41.82,42.02,40.990002,41.919998,996300
3794,2015-02-03,42.220001,43.529999,42.099998,43.509998,902900
3795,2015-02-04,43.040001,43.66,42.959999,43.27,579000
3796,2015-02-05,43.34,43.900002,43.029999,43.790001,571300
3797,2015-02-06,43.830002,44.32,43.799999,44.150002,698400
3798,2015-02-09,43.889999,44.130001,43.470001,43.68,600200
3799,2015-02-10,44.0,44.16,43.509998,44.029999,961500
3800,2015-02-11,44.0,44.27,43.860001,44.110001,807500
3801,2015-02-12,44.18,44.849998,44.18,44.849998,547500
3802,2015-02-13,44.900002,45.369999,44.700001,45.299999,557400
3803,2015-02-17,45.299999,45.599998,44.849998,45.490002,568800
3804,2015-02-18,45.32,45.59,45.07,45.5,437700
3805,2015-02-19,45.240002,45.68,44.970001,45.560001,442000
3806,2015-02-20,45.360001,45.93,45.049999,45.91,549800
3807,2015-02-23,45.709999,46.040001,45.189999,46.040001,459300
3808,2015-02-24,45.950001,46.5,45.919998,46.369999,576600
3809,2015-02-25,46.34,46.389999,46.060001,46.349998,380800
3810,2015-02-26,46.23,46.700001,46.099998,46.650002,510700
3811,2015-02-27,46.349998,46.349998,45.549999,45.810001,905600
3812,2015-03-02,45.77,46.689999,45.490002,46.540001,642600
3813,2015-03-03,46.540001,46.73,46.23,46.650002,1112900
3814,2015-03-04,46.330002,46.689999,45.799999,46.650002,627000
3815,2015-03-05,46.669998,46.709999,46.110001,46.549999,706300
3816,2015-03-06,46.34,46.639999,45.560001,45.68,545500
3817,2015-03-09,45.259998,46.240002,45.220001,46.110001,735300
3818,2015-03-10,45.560001,45.669998,44.73,44.740002,795200
3819,2015-03-11,44.880001,45.18,44.529999,44.880001,472700
3820,2015-03-12,44.93,45.169998,44.450001,44.889999,629700
3821,2015-03-13,44.869999,44.889999,43.830002,44.389999,645500
3822,2015-03-16,44.560001,45.02,44.459999,45.0,591200
3823,2015-03-17,44.830002,45.189999,44.349998,45.110001,911300
3824,2015-03-18,45.060001,46.02,44.75,45.580002,694600
3825,2015-03-19,45.34,45.700001,45.009998,45.650002,339900
3826,2015-03-20,45.93,46.869999,45.740002,46.75,1218300
3827,2015-03-23,46.75,47.27,46.560001,47.119999,755900
3828,2015-03-24,47.02,47.07,46.540001,46.540001,447900
3829,2015-03-25,46.560001,46.73,44.450001,44.5,792700
3830,2015-03-26,44.099998,44.259998,43.200001,43.470001,1428400
3831,2015-03-27,43.509998,43.939999,43.0,43.720001,959400
3832,2015-03-30,44.040001,44.98,43.869999,44.84,892000
3833,2015-03-31,44.610001,44.68,44.32,44.5,1016200
3834,2015-04-01,44.419998,44.490002,43.450001,43.82,655300
3835,2015-04-02,43.799999,44.18,43.650002,43.759998,676200
3836,2015-04-06,43.41,44.509998,43.290001,44.490002,857900
3837,2015-04-07,44.34,44.459999,43.75,43.869999,577100
3838,2015-04-08,43.860001,44.599998,43.669998,44.549999,772000
3839,2015-04-09,44.400002,45.02,44.220001,44.849998,800400
3840,2015-04-10,44.740002,45.029999,44.25,45.029999,741400
3841,2015-04-13,44.91,44.939999,44.240002,44.240002,787500
3842,2015-04-14,44.220001,44.34,43.84,44.34,712400
3843,2015-04-15,44.400002,45.16,44.27,44.900002,952800
3844,2015-04-16,44.66,44.880001,44.41,44.880001,757500
3845,2015-04-17,44.32,44.400002,43.599998,43.889999,644000
3846,2015-04-20,44.189999,44.82,44.150002,44.740002,913800
3847,2015-04-21,45.0,45.299999,44.57,45.209999,987800
3848,2015-04-22,45.209999,45.650002,44.540001,45.490002,1180400
3849,2015-04-23,44.23,44.599998,43.310001,43.75,1917100
3850,2015-04-24,43.34,43.509998,43.049999,43.470001,1048400
3851,2015-04-27,43.400002,43.740002,43.290001,43.610001,1194000
3852,2015-04-28,43.529999,43.810001,43.310001,43.450001,1117200
3853,2015-04-29,43.189999,44.139999,43.189999,43.91,791100
3854,2015-04-30,43.610001,43.82,42.400002,42.630001,1334400
3855,2015-05-01,42.860001,44.16,42.860001,44.02,1352900
3856,2015-05-04,44.07,44.41,43.799999,44.200001,948300
3857,2015-05-05,44.18,44.560001,43.959999,44.09,1271900
3858,2015-05-06,44.25,44.439999,43.880001,44.419998,923300
3859,2015-05-07,44.330002,44.669998,44.209999,44.439999,734200
3860,2015-05-08,45.049999,45.16,44.73,44.75,473500
3861,2015-05-11,44.66,44.860001,44.450001,44.639999,758200
3862,2015-05-12,44.43,44.549999,43.900002,44.43,571900
3863,2015-05-13,44.610001,45.18,44.560001,45.080002,439600
3864,2015-05-14,45.419998,45.950001,45.23,45.75,662000
3865,2015-05-15,45.610001,45.880001,45.09,45.650002,446200
3866,2015-05-18,45.529999,46.200001,45.439999,46.150002,418000
3867,2015-05-19,46.080002,46.279999,45.700001,45.84,615200
3868,2015-05-20,45.799999,46.18,45.669998,45.869999,269700
3869,2015-05-21,45.84,45.84,45.48,45.540001,828000
3870,2015-05-22,45.34,45.540001,45.310001,45.360001,398600
3871,2015-05-26,45.040001,45.25,44.0,44.099998,1047300
3872,2015-05-27,44.18,44.810001,44.049999,44.650002,771900
3873,2015-05-28,44.619999,44.990002,44.610001,44.880001,474800
3874,2015-05-29,44.759998,44.880001,43.790001,44.009998,1118900
3875,2015-06-01,44.139999,44.220001,43.709999,44.07,624900
3876,2015-06-02,43.810001,44.110001,43.5,43.810001,805400
3877,2015-06-03,44.099998,44.389999,43.799999,44.259998,803900
3878,2015-06-04,43.950001,44.16,43.380001,43.52,685300
3879,2015-06-05,43.34,43.470001,42.990002,43.189999,935900
3880,2015-06-08,43.259998,43.41,42.57,42.759998,775900
3881,2015-06-09,42.799999,43.02,42.509998,42.830002,1235100
3882,2015-06-10,43.16,43.27,42.799999,42.799999,1283400
3883,2015-06-11,42.869999,43.279999,42.790001,43.200001,752900
3884,2015-06-12,43.029999,43.220001,42.889999,43.049999,522400
3885,2015-06-15,42.630001,43.110001,42.389999,42.900002,712900
3886,2015-06-16,42.900002,43.119999,42.580002,43.009998,681700
3887,2015-06-17,43.16,43.27,42.82,42.939999,603700
3888,2015-06-18,42.990002,43.310001,42.91,43.18,756200
3889,2015-06-19,43.209999,43.330002,42.93,42.98,1041200
3890,2015-06-22,43.330002,43.470001,43.139999,43.450001,811100
3891,2015-06-23,43.57,43.59,43.299999,43.48,718600
3892,2015-06-24,43.68,43.990002,43.0,43.0,838900
3893,2015-06-25,43.18,43.18,42.5,42.560001,659000
3894,2015-06-26,42.5,42.709999,42.02,42.09,1857600
3895,2015-06-29,41.669998,41.900002,41.259998,41.27,1123100
3896,2015-06-30,41.650002,41.759998,41.09,41.110001,1130100
3897,2015-07-01,41.599998,41.689999,41.080002,41.18,689800
3898,2015-07-02,41.23,41.740002,41.150002,41.630001,1058400
3899,2015-07-06,41.299999,41.59,40.790001,41.02,850400
3900,2015-07-07,41.18,41.41,40.240002,41.389999,1267000
3901,2015-07-08,40.799999,41.139999,40.279999,40.43,1183200
3902,2015-07-09,40.880001,41.009998,39.919998,39.939999,1076800
3903,2015-07-10,40.360001,40.610001,40.18,40.490002,729000
3904,2015-07-13,40.939999,40.939999,40.299999,40.549999,886800
3905,2015-07-14,40.529999,40.919998,40.529999,40.75,835000
3906,2015-07-15,40.66,40.759998,40.240002,40.529999,733900
3907,2015-07-16,40.889999,40.959999,40.439999,40.630001,654000
3908,2015-07-17,40.5,40.68,40.27,40.529999,892300
3909,2015-07-20,40.669998,40.720001,40.34,40.470001,708200
3910,2015-07-21,40.400002,40.709999,40.080002,40.169998,893700
3911,2015-07-22,39.82,39.900002,39.459999,39.740002,1589500
3912,2015-07-23,39.830002,40.700001,39.77,40.32,917000
3913,2015-07-24,40.240002,40.509998,39.59,39.599998,664000
3914,2015-07-27,39.360001,39.630001,38.900002,39.52,677500
3915,2015-07-28,39.779999,40.98,39.580002,40.720001,1217000
3916,2015-07-29,40.740002,41.610001,40.669998,41.560001,885400
3917,2015-07-30,41.41,41.830002,41.32,41.639999,718500
3918,2015-07-31,41.900002,42.240002,41.59,41.73,743300
3919,2015-08-03,41.689999,41.919998,41.220001,41.389999,1075600
3920,2015-08-04,41.32,41.830002,40.93,41.380001,1289500
3921,2015-08-05,42.279999,44.279999,41.830002,43.849998,2750700
3922,2015-08-06,44.330002,44.639999,42.939999,43.380001,1648700
3923,2015-08-07,43.189999,43.68,43.139999,43.23,1127300
3924,2015-08-10,43.720001,44.290001,43.48,44.040001,905900
3925,2015-08-11,43.610001,44.16,43.189999,43.400002,857400
3926,2015-08-12,42.900002,43.400002,42.040001,43.040001,1142700
3927,2015-08-13,43.110001,43.41,42.650002,42.669998,1091300
3928,2015-08-14,43.0,43.080002,42.610001,43.009998,895100
3929,2015-08-17,42.919998,43.669998,42.630001,43.619999,1052500
3930,2015-08-18,43.529999,43.529999,42.700001,42.77,792800
3931,2015-08-19,42.82,43.150002,42.23,42.639999,1029700
3932,2015-08-20,42.290001,42.599998,41.619999,41.619999,1124900
3933,2015-08-21,41.34,41.720001,40.380001,40.400002,1533700
3934,2015-08-24,37.990002,40.630001,36.419998,38.860001,1534900
3935,2015-08-25,40.330002,40.330002,38.610001,38.630001,1597000
3936,2015-08-26,39.59,40.889999,38.900002,40.639999,1534500
3937,2015-08-27,41.279999,41.959999,40.98,41.950001,974500
3938,2015-08-28,42.09,42.759998,41.610001,42.259998,1036300
3939,2015-08-31,42.139999,42.91,41.75,42.400002,864800
3940,2015-09-01,41.43,41.830002,40.77,40.950001,782400
3941,2015-09-02,41.639999,41.639999,40.779999,41.189999,1316300
3942,2015-09-03,41.41,42.220001,41.32,41.77,703900
3943,2015-09-04,41.25,41.5,40.91,41.189999,925900
3944,2015-09-08,41.990002,42.52,41.66,42.509998,1093900
3945,2015-09-09,43.009998,43.23,41.990002,42.07,1035200
3946,2015-09-10,42.029999,42.939999,41.73,42.580002,1015500
3947,2015-09-11,42.490002,43.139999,42.360001,42.900002,720400
3948,2015-09-14,42.900002,42.98,42.52,42.66,544800
3949,2015-09-15,42.93,43.889999,42.82,43.880001,1354900
3950,2015-09-16,43.73,44.299999,43.68,44.0,941000
3951,2015-09-17,44.0,44.16,43.330002,43.490002,867100
3952,2015-09-18,42.849998,42.959999,42.02,42.139999,1679900
3953,2015-09-21,42.43,43.02,42.32,42.5,863200
3954,2015-09-22,41.720001,41.880001,41.299999,41.490002,752100
3955,2015-09-23,41.389999,41.540001,40.939999,41.16,616400
3956,2015-09-24,40.700001,41.290001,40.369999,41.07,723700
3957,2015-09-25,41.470001,41.810001,41.060001,41.360001,704500
3958,2015-09-28,41.040001,41.200001,40.43,40.560001,927200
3959,2015-09-29,40.52,41.029999,40.209999,40.939999,949800
3960,2015-09-30,41.5,42.77,41.5,42.68,1410400
3961,2015-10-01,42.619999,42.970001,41.77,42.560001,1260300
3962,2015-10-02,41.98,43.5,41.939999,43.5,792900
3963,2015-10-05,43.990002,44.779999,43.630001,44.759998,829600
3964,2015-10-06,44.82,45.25,44.450001,44.59,1194900
3965,2015-10-07,44.830002,45.669998,44.73,45.220001,901200
3966,2015-10-08,45.209999,45.91,44.84,45.759998,574900
3967,2015-10-09,45.700001,46.049999,45.029999,45.259998,1017800
3968,2015-10-12,45.310001,45.459999,44.880001,45.27,740000
3969,2015-10-13,45.040001,45.700001,44.880001,45.299999,911400
3970,2015-10-14,45.369999,46.360001,44.990002,45.689999,1013100
3971,2015-10-15,45.689999,45.799999,44.849998,45.18,1072600
3972,2015-10-16,45.110001,45.720001,44.799999,44.98,1038500
3973,2015-10-19,44.900002,45.139999,44.669998,44.860001,1218000
3974,2015-10-20,44.830002,45.099998,44.740002,45.0,891400
3975,2015-10-21,45.189999,45.610001,44.91,44.919998,785100
3976,2015-10-22,45.48,45.759998,45.040001,45.68,779500
3977,2015-10-23,45.959999,46.130001,45.57,46.119999,652700
3978,2015-10-26,45.93,46.110001,45.459999,45.810001,767800
3979,2015-10-27,45.59,46.009998,45.189999,45.860001,997800
3980,2015-10-28,45.16,45.48,44.099998,45.040001,1946600
3981,2015-10-29,46.139999,46.220001,44.540001,44.810001,1470500
3982,2015-10-30,45.43,45.689999,44.610001,45.43,1529000
3983,2015-11-02,45.450001,45.700001,44.98,45.549999,1345200
3984,2015-11-03,45.470001,45.689999,45.240002,45.25,2147800
3985,2015-11-04,45.369999,46.400002,45.200001,46.400002,1401000
3986,2015-11-05,46.310001,46.59,46.16,46.310001,1268500
3987,2015-11-06,46.200001,46.950001,46.09,46.950001,1387400
3988,2015-11-09,46.599998,46.860001,45.84,46.290001,721300
3989,2015-11-10,46.080002,46.380001,45.549999,46.07,1008900
3990,2015-11-11,46.200001,46.490002,46.0,46.23,564700
3991,2015-11-12,45.82,45.82,44.650002,44.689999,1197800
3992,2015-11-13,44.52,44.830002,44.259998,44.419998,790800
3993,2015-11-16,44.279999,45.060001,44.279999,45.029999,615500
3994,2015-11-17,45.110001,45.279999,44.639999,44.900002,836100
3995,2015-11-18,45.09,45.639999,44.75,45.599998,892700
3996,2015-11-19,45.610001,46.02,45.349998,45.82,755500
3997,2015-11-20,46.049999,46.16,45.540001,45.599998,935500
3998,2015-11-23,45.48,45.860001,45.259998,45.630001,710800
3999,2015-11-24,45.279999,45.419998,44.82,45.169998,1334000
4000,2015-11-25,45.099998,45.560001,45.080002,45.23,563700
4001,2015-11-27,45.110001,45.700001,44.799999,45.52,305800
4002,2015-11-30,45.66,45.73,45.18,45.32,1034600
4003,2015-12-01,45.52,45.849998,45.200001,45.799999,1239600
4004,2015-12-02,45.759998,45.959999,45.169998,45.209999,726100
4005,2015-12-03,45.549999,45.57,44.369999,44.639999,1027700
4006,2015-12-04,44.639999,45.619999,44.450001,45.610001,803800
4007,2015-12-07,45.59,45.59,44.740002,45.040001,941500
4008,2015-12-08,44.43,44.919998,44.25,44.650002,852900
4009,2015-12-09,44.560001,45.049999,43.860001,44.0,747900
4010,2015-12-10,43.970001,44.490002,43.66,44.119999,696600
4011,2015-12-11,43.599998,44.669998,43.59,44.32,1166000
4012,2015-12-14,44.400002,44.41,43.48,43.779999,1419700
4013,2015-12-15,44.099998,44.950001,44.099998,44.599998,1102100
4014,2015-12-16,44.900002,45.119999,44.279999,44.740002,601200
4015,2015-12-17,44.860001,44.880001,43.799999,43.810001,708300
4016,2015-12-18,43.669998,43.68,43.009998,43.110001,1669100
4017,2015-12-21,43.509998,43.849998,43.099998,43.439999,1135100
4018,2015-12-22,43.59,44.200001,43.360001,43.630001,790600
4019,2015-12-23,43.93,44.279999,43.799999,44.200001,1261700
4020,2015-12-24,44.18,44.540001,44.0,44.400002,437800
4021,2015-12-28,44.200001,44.240002,43.450001,43.900002,500000
4022,2015-12-29,44.119999,44.360001,43.860001,44.060001,584400
4023,2015-12-30,44.040001,44.259998,43.75,43.75,477000
4024,2015-12-31,43.540001,43.639999,42.830002,42.84,813500
4025,2016-01-04,42.099998,42.34,41.68,42.32,1223400
4026,2016-01-05,42.32,42.75,41.84,41.950001,874100
4027,2016-01-06,41.130001,41.509998,40.459999,40.509998,1177500
4028,2016-01-07,39.700001,40.259998,39.360001,39.509998,1161600
4029,2016-01-08,39.75,39.82,38.23,38.34,1512200
4030,2016-01-11,38.450001,39.240002,38.380001,39.009998,1622200
4031,2016-01-12,39.490002,39.490002,38.130001,39.080002,1497900
4032,2016-01-13,39.18,39.540001,38.290001,38.369999,2005700
4033,2016-01-14,38.439999,39.220001,38.25,38.91,1470600
4034,2016-01-15,37.77,38.380001,37.77,38.330002,1805300
4035,2016-01-19,38.73,38.790001,37.790001,38.029999,1729400
4036,2016-01-20,37.360001,38.27,37.209999,38.0,1956700
4037,2016-01-21,38.080002,38.279999,37.57,37.779999,1896600
4038,2016-01-22,38.759998,39.610001,38.639999,39.110001,1739400
4039,2016-01-25,39.049999,39.200001,38.759998,38.84,1445100
4040,2016-01-26,39.240002,39.93,39.150002,39.860001,1355300
4041,2016-01-27,39.630001,39.98,39.150002,39.349998,1352600
4042,2016-01-28,37.450001,39.25,37.099998,38.82,1868100
4043,2016-01-29,38.810001,39.990002,38.810001,39.919998,1985800
4044,2016-02-01,39.470001,40.759998,39.380001,40.5,1588000
4045,2016-02-02,39.889999,40.040001,39.189999,39.450001,1337400
4046,2016-02-03,39.59,39.650002,38.709999,39.509998,2407100
4047,2016-02-04,39.240002,40.689999,39.189999,40.439999,1084900
4048,2016-02-05,40.439999,40.799999,39.950001,40.119999,1626900
4049,2016-02-08,39.5,39.73,38.650002,39.369999,1436600
4050,2016-02-09,38.849998,39.57,38.66,38.869999,1742800
4051,2016-02-10,39.220001,39.84,39.119999,39.189999,883000
4052,2016-02-11,38.599998,38.73,38.029999,38.220001,1522900
4053,2016-02-12,38.439999,39.189999,38.279999,39.0,835300
4054,2016-02-16,39.27,40.09,39.23,40.02,1069900
4055,2016-02-17,40.16,40.91,39.93,40.77,906800
4056,2016-02-18,41.07,42.290001,40.810001,41.360001,1332300
4057,2016-02-19,41.07,41.279999,40.639999,41.279999,809100
4058,2016-02-22,41.75,41.919998,41.27,41.639999,612000
4059,2016-02-23,41.360001,41.560001,41.049999,41.060001,812900
4060,2016-02-24,40.34,41.25,40.290001,41.220001,863400
4061,2016-02-25,41.23,41.360001,40.759998,41.279999,783700
4062,2016-02-26,41.290001,41.66,41.119999,41.439999,572600
4063,2016-02-29,41.41,41.77,41.139999,41.150002,675100
4064,2016-03-01,41.360001,42.259998,41.220001,41.799999,883800
4065,2016-03-02,41.82,42.32,41.700001,41.939999,597500
4066,2016-03-03,41.970001,42.57,41.82,42.529999,664900
4067,2016-03-04,42.48,42.880001,42.27,42.810001,576900
4068,2016-03-07,42.509998,43.150002,42.509998,43.119999,669000
4069,2016-03-08,42.880001,42.900002,42.110001,42.490002,763800
4070,2016-03-09,42.599998,42.990002,42.32,42.75,734500
4071,2016-03-10,42.93,43.110001,42.029999,42.43,478000
4072,2016-03-11,42.939999,43.5,42.82,43.41,670100
4073,2016-03-14,43.18,43.389999,42.93,43.0,413300
4074,2016-03-15,42.73,43.0,42.41,42.700001,438300
4075,2016-03-16,42.650002,43.32,42.349998,43.200001,692500
4076,2016-03-17,43.099998,43.540001,42.82,43.34,691900
4077,2016-03-18,43.34,44.18,43.259998,43.880001,783500
4078,2016-03-21,43.849998,44.09,43.599998,44.0,518000
4079,2016-03-22,43.959999,44.950001,43.849998,44.73,1267900
4080,2016-03-23,44.630001,44.630001,44.259998,44.389999,746900
4081,2016-03-24,44.07,44.169998,43.740002,44.02,859700
4082,2016-03-28,44.220001,44.220001,43.830002,43.919998,311300
4083,2016-03-29,43.68,44.529999,43.450001,44.360001,1327900
4084,2016-03-30,44.509998,44.59,44.07,44.240002,813700
4085,2016-03-31,44.240002,44.450001,44.16,44.299999,712800
4086,2016-04-01,43.950001,44.900002,43.630001,44.799999,851900
4087,2016-04-04,44.75,44.77,43.950001,44.07,547000
4088,2016-04-05,43.689999,43.91,43.549999,43.59,708100
4089,2016-04-06,43.549999,44.18,43.43,44.09,559800
4090,2016-04-07,43.790001,44.0,43.130001,43.349998,442600
4091,2016-04-08,43.759998,44.009998,43.41,43.48,365200
4092,2016-04-11,43.630001,44.18,43.16,43.540001,386100
4093,2016-04-12,43.740002,44.119999,43.380001,43.900002,523100
4094,2016-04-13,44.150002,44.759998,43.849998,44.75,502900
4095,2016-04-14,44.619999,44.68,44.040001,44.349998,617000
4096,2016-04-15,44.07,44.73,44.07,44.669998,1234600
4097,2016-04-18,44.59,44.740002,44.290001,44.549999,513700
4098,2016-04-19,44.790001,44.869999,44.009998,44.209999,837000
4099,2016-04-20,44.16,44.509998,43.970001,44.279999,545100
4100,2016-04-21,44.27,44.400002,43.849998,43.919998,339700
4101,2016-04-22,43.73,44.290001,43.610001,43.849998,661200
4102,2016-04-25,43.68,43.799999,43.41,43.630001,452400
4103,2016-04-26,43.869999,44.66,43.57,44.389999,851900
4104,2016-04-27,44.27,44.66,44.110001,44.66,623700
4105,2016-04-28,44.240002,44.439999,41.810001,41.900002,2314500
4106,2016-04-29,41.400002,41.5,40.299999,41.119999,1357200
4107,2016-05-02,40.240002,40.470001,39.52,40.290001,1698500
4108,2016-05-03,39.91,40.130001,39.619999,39.970001,1038200
4109,2016-05-04,39.799999,40.5,39.75,39.849998,1228800
4110,2016-05-05,39.970001,40.130001,39.43,39.470001,868800
4111,2016-05-06,39.41,39.720001,39.099998,39.400002,1307200
4112,2016-05-09,39.630001,39.720001,39.009998,39.040001,1504200
4113,2016-05-10,39.07,39.810001,39.0,39.790001,1599100
4114,2016-05-11,39.73,40.07,39.470001,39.5,973400
4115,2016-05-12,39.75,39.75,38.349998,38.950001,1569600
4116,2016-05-13,38.889999,39.25,38.740002,38.919998,1058700
4117,2016-05-16,38.919998,39.759998,38.919998,39.43,1197400
4118,2016-05-17,39.349998,39.75,39.09,39.200001,1008600
4119,2016-05-18,39.02,39.740002,39.02,39.290001,715700
4120,2016-05-19,38.93,39.240002,38.650002,38.990002,942100
4121,2016-05-20,39.150002,39.869999,39.119999,39.25,1551600
4122,2016-05-23,39.130001,39.450001,38.970001,39.27,1416800
4123,2016-05-24,39.57,40.02,39.32,40.009998,1439800
4124,2016-05-25,40.349998,40.509998,39.959999,40.110001,1262700
4125,2016-05-26,40.209999,40.52,40.16,40.450001,1068700
4126,2016-05-27,40.549999,40.860001,40.240002,40.630001,699800
4127,2016-05-31,40.73,41.099998,40.68,41.029999,1357400
4128,2016-06-01,40.82,41.349998,40.48,41.310001,850000
4129,2016-06-02,41.259998,41.59,41.060001,41.490002,803600
4130,2016-06-03,41.330002,41.41,40.799999,41.07,643900
4131,2016-06-06,41.080002,41.290001,40.830002,41.23,701400
4132,2016-06-07,41.849998,42.369999,41.630001,42.279999,1223800
4133,2016-06-08,42.419998,42.599998,42.139999,42.48,996500
4134,2016-06-09,42.23,42.77,42.080002,42.77,657000
4135,2016-06-10,42.32,42.529999,42.080002,42.220001,672000
4136,2016-06-13,41.950001,42.27,41.709999,41.73,1047700
4137,2016-06-14,41.560001,42.009998,41.419998,41.900002,849500
4138,2016-06-15,42.18,42.419998,41.880001,41.98,635300
4139,2016-06-16,41.630001,42.049999,41.299999,41.98,513000
4140,2016-06-17,41.82,41.880001,41.439999,41.799999,1502800
4141,2016-06-20,42.369999,42.98,42.150002,42.810001,1097500
4142,2016-06-21,42.849998,43.330002,42.490002,43.049999,1000600
4143,2016-06-22,43.009998,43.43,42.860001,42.860001,681800
4144,2016-06-23,43.400002,43.439999,43.040001,43.290001,675900
4145,2016-06-24,41.490002,42.09,40.77,40.889999,1296100
4146,2016-06-27,40.380001,40.439999,38.830002,38.919998,1228000
4147,2016-06-28,39.34,40.220001,39.18,39.68,1018000
4148,2016-06-29,40.110001,40.5,39.400002,39.73,704600
4149,2016-06-30,39.860001,40.529999,39.630001,40.509998,1337100
4150,2016-07-01,40.48,40.790001,40.18,40.27,530900
4151,2016-07-05,39.91,39.990002,39.040001,39.23,981300
4152,2016-07-06,38.860001,39.23,38.16,39.200001,1268900
4153,2016-07-07,39.360001,40.060001,39.360001,39.950001,965200
4154,2016-07-08,40.389999,41.259998,40.389999,41.25,1091900
4155,2016-07-11,39.619999,41.0,38.400002,38.799999,4400200
4156,2016-07-12,39.029999,39.880001,38.599998,39.66,3195900
4157,2016-07-13,39.93,39.990002,39.43,39.610001,1293200
4158,2016-07-14,39.91,40.200001,39.57,40.080002,1935200
4159,2016-07-15,40.18,40.470001,40.02,40.400002,919400
4160,2016-07-18,40.349998,40.5,40.23,40.349998,958600
4161,2016-07-19,40.27,40.450001,40.130001,40.400002,632600
4162,2016-07-20,40.610001,41.189999,40.330002,40.790001,572800
4163,2016-07-21,40.84,41.200001,40.630001,40.77,743800
4164,2016-07-22,40.689999,40.970001,40.369999,40.830002,620500
4165,2016-07-25,40.849998,41.049999,40.470001,40.48,1281900
4166,2016-07-26,40.560001,41.040001,40.470001,40.959999,729900
4167,2016-07-27,41.060001,41.34,40.759998,40.84,551500
4168,2016-07-28,40.75,41.200001,40.669998,41.09,551500
4169,2016-07-29,41.09,41.25,40.759998,41.099998,672900
4170,2016-08-01,41.040001,41.34,40.900002,41.02,1264700
4171,2016-08-02,40.990002,41.060001,39.720001,39.950001,1263800
4172,2016-08-03,39.959999,40.560001,39.950001,40.509998,1220700
4173,2016-08-04,40.459999,40.66,40.009998,40.139999,788300
4174,2016-08-05,40.32,40.689999,40.279999,40.669998,1657600
4175,2016-08-08,40.77,41.27,40.560001,41.240002,1139000
4176,2016-08-09,41.240002,41.57,41.080002,41.48,729300
4177,2016-08-10,40.650002,41.73,40.400002,40.990002,1226500
4178,2016-08-11,41.040001,41.419998,40.68,41.299999,1368600
4179,2016-08-12,41.299999,41.990002,41.299999,41.599998,907600
4180,2016-08-15,41.740002,42.220001,41.57,41.830002,597100
4181,2016-08-16,41.75,41.98,41.34,41.369999,649400
4182,2016-08-17,41.310001,41.41,40.91,41.0,733500
4183,2016-08-18,41.009998,41.41,40.869999,41.279999,634000
4184,2016-08-19,41.130001,41.549999,41.02,41.5,877700
4185,2016-08-22,41.330002,41.509998,41.02,41.5,654900
4186,2016-08-23,41.77,41.98,41.5,41.540001,581100
4187,2016-08-24,41.439999,41.669998,41.23,41.650002,838500
4188,2016-08-25,41.459999,41.869999,41.310001,41.759998,885200
4189,2016-08-26,41.849998,42.09,41.32,41.560001,1164200
4190,2016-08-29,41.549999,42.09,41.549999,41.950001,762800
4191,2016-08-30,41.950001,42.330002,41.830002,42.060001,678900
4192,2016-08-31,41.889999,42.040001,41.419998,41.68,968900
4193,2016-09-01,41.73,41.93,41.34,41.709999,841100
4194,2016-09-02,41.709999,41.860001,41.400002,41.82,734800
4195,2016-09-06,41.740002,41.900002,41.360001,41.470001,573900
4196,2016-09-07,41.380001,41.639999,41.25,41.630001,707000
4197,2016-09-08,41.549999,41.580002,41.25,41.369999,794600
4198,2016-09-09,40.98,41.279999,40.049999,40.049999,1222900
4199,2016-09-12,39.630001,40.43,39.560001,40.330002,761400
4200,2016-09-13,40.0,40.240002,39.389999,39.48,1264900
4201,2016-09-14,39.439999,39.509998,39.07,39.200001,1193200
4202,2016-09-15,39.25,39.82,39.240002,39.689999,1822800
4203,2016-09-16,39.599998,39.599998,39.049999,39.209999,1266700
4204,2016-09-19,42.130001,42.869999,41.540001,41.889999,3171100
4205,2016-09-20,40.360001,41.080002,40.099998,40.330002,2324200
4206,2016-09-21,40.599998,40.970001,40.5,40.889999,860500
4207,2016-09-22,41.09,41.619999,41.040001,41.48,1623100
4208,2016-09-23,41.349998,41.369999,40.439999,40.450001,983400
4209,2016-09-26,40.290001,40.43,39.939999,40.099998,1053500
4210,2016-09-27,40.099998,40.529999,39.98,40.48,1026800
4211,2016-09-28,40.75,41.029999,40.509998,40.75,1250600
4212,2016-09-29,40.880001,40.98,40.25,40.59,823600
4213,2016-09-30,40.990002,41.209999,40.75,41.060001,813100
4214,2016-10-03,40.98,41.240002,40.490002,40.5,1119700
4215,2016-10-04,41.970001,42.93,41.630001,42.130001,1765800
4216,2016-10-05,42.330002,43.07,42.040001,42.84,1516000
4217,2016-10-06,42.959999,42.959999,42.240002,42.580002,882300
4218,2016-10-07,42.59,42.689999,42.09,42.59,976000
4219,2016-10-10,42.59,43.32,42.509998,42.529999,576400
4220,2016-10-11,42.400002,42.400002,41.68,41.790001,844700
4221,2016-10-12,41.900002,41.91,41.529999,41.759998,670900
4222,2016-10-13,41.279999,41.34,40.759998,41.189999,634700
4223,2016-10-14,41.459999,41.73,41.23,41.299999,618100
4224,2016-10-17,41.349998,42.119999,41.290001,41.560001,890300
4225,2016-10-18,42.130001,42.169998,41.5,41.830002,859800
4226,2016-10-19,42.009998,42.220001,41.720001,42.060001,599000
4227,2016-10-20,41.900002,41.93,41.5,41.82,649800
4228,2016-10-21,42.369999,42.380001,41.939999,42.009998,743600
4229,2016-10-24,42.720001,42.720001,42.27,42.59,565400
4230,2016-10-25,42.610001,42.68,42.139999,42.41,899400
4231,2016-10-26,42.080002,42.68,42.080002,42.290001,1089500
4232,2016-10-27,42.490002,42.830002,41.950001,42.139999,855800
4233,2016-10-28,42.099998,42.57,41.490002,41.580002,1489900
4234,2016-10-31,41.59,42.07,41.43,41.950001,1055700
4235,2016-11-01,42.18,42.419998,41.369999,41.68,1027900
4236,2016-11-02,41.57,41.869999,41.16,41.259998,837700
4237,2016-11-03,41.27,41.41,40.970001,41.119999,972100
4238,2016-11-04,41.07,41.77,40.799999,41.52,900900
4239,2016-11-07,42.290001,42.82,42.290001,42.77,1098200
4240,2016-11-08,42.52,42.619999,41.98,42.540001,774100
4241,2016-11-09,42.110001,43.509998,41.73,43.310001,949600
4242,2016-11-10,43.689999,44.0,43.169998,43.52,1556200
4243,2016-11-11,43.310001,43.779999,43.09,43.759998,999100
4244,2016-11-14,43.869999,44.459999,43.5,44.310001,853900
4245,2016-11-15,44.389999,45.080002,44.099998,44.77,940800
4246,2016-11-16,44.66,45.040001,44.310001,44.93,638400
4247,2016-11-17,44.990002,45.34,44.799999,45.080002,580900
4248,2016-11-18,45.0,45.310001,44.68,45.139999,651700
4249,2016-11-21,45.389999,45.549999,44.950001,45.389999,942000
4250,2016-11-22,45.68,46.259998,45.439999,46.16,1221500
4251,2016-11-23,46.009998,46.349998,45.900002,46.189999,544800
4252,2016-11-25,46.189999,46.580002,45.990002,46.549999,306100
4253,2016-11-28,46.099998,46.549999,46.07,46.09,637700
4254,2016-11-29,45.990002,46.459999,45.939999,46.09,703800
4255,2016-11-30,46.470001,46.470001,45.889999,45.889999,788700
4256,2016-12-01,46.009998,46.310001,45.52,45.689999,780500
4257,2016-12-02,45.66,45.700001,45.23,45.279999,846000
4258,2016-12-05,45.630001,45.939999,45.540001,45.830002,1021100
4259,2016-12-06,45.799999,47.029999,45.790001,46.689999,1152200
4260,2016-12-07,46.720001,47.459999,46.700001,47.389999,983800
4261,2016-12-08,47.709999,48.43,47.57,48.150002,768500
4262,2016-12-09,48.16,48.369999,47.830002,47.970001,622300
4263,2016-12-12,47.700001,48.040001,47.220001,47.560001,540200
4264,2016-12-13,49.889999,51.5,48.189999,48.700001,2071900
4265,2016-12-14,48.459999,48.709999,47.369999,47.700001,1137700
4266,2016-12-15,47.75,48.57,47.349998,48.02,1775000
4267,2016-12-16,48.200001,48.720001,47.900002,48.009998,1678600
4268,2016-12-19,47.970001,48.490002,47.560001,48.369999,922200
4269,2016-12-20,48.490002,49.009998,48.23,48.689999,941800
4270,2016-12-21,48.779999,49.189999,48.470001,48.84,1177300
4271,2016-12-22,48.849998,48.939999,47.82,48.139999,688800
4272,2016-12-23,48.150002,48.310001,47.900002,48.07,282400
4273,2016-12-27,48.09,48.5,47.98,48.380001,247200
4274,2016-12-28,48.57,48.66,47.790001,47.849998,357200
4275,2016-12-29,47.91,48.34,47.689999,47.98,366000
4276,2016-12-30,48.189999,48.189999,47.48,47.610001,349800
4277,2017-01-03,48.0,48.130001,46.93,47.23,978800
4278,2017-01-04,46.919998,47.599998,46.900002,47.32,1927100
4279,2017-01-05,47.299999,47.689999,46.75,47.130001,1549700
4280,2017-01-06,47.259998,47.66,46.650002,47.580002,912900
4281,2017-01-09,47.369999,47.509998,46.810001,46.84,572800
4282,2017-01-10,46.860001,47.470001,46.84,46.970001,1281100
4283,2017-01-11,47.099998,47.139999,46.66,46.950001,1474300
4284,2017-01-12,46.900002,46.970001,46.119999,46.790001,997800
4285,2017-01-13,46.869999,47.43,46.849998,47.18,578200
4286,2017-01-17,46.990002,47.16,46.400002,46.52,680100
4287,2017-01-18,46.799999,47.240002,46.439999,47.09,604300
4288,2017-01-19,47.18,47.450001,46.810001,46.970001,497200
4289,2017-01-20,47.09,47.540001,47.060001,47.200001,741700
4290,2017-01-23,47.009998,47.139999,46.080002,46.599998,931400
4291,2017-01-24,46.93,47.5,46.73,47.259998,1531200
4292,2017-01-25,47.52,47.869999,47.369999,47.610001,1095900
4293,2017-01-26,48.0,48.200001,45.919998,46.330002,1714700
4294,2017-01-27,46.439999,47.23,46.439999,46.880001,1140300
4295,2017-01-30,45.790001,46.470001,45.57,46.470001,1055100
4296,2017-01-31,46.459999,46.639999,45.77,46.439999,780900
4297,2017-02-01,46.77,46.950001,46.0,46.330002,767900
4298,2017-02-02,46.27,46.599998,45.98,46.439999,844600
4299,2017-02-03,46.790001,47.099998,46.669998,47.080002,836000
4300,2017-02-06,46.880001,47.049999,46.580002,46.73,855700
4301,2017-02-07,46.759998,46.799999,46.119999,46.490002,982200
4302,2017-02-08,46.419998,46.889999,46.130001,46.639999,1058700
4303,2017-02-09,46.799999,47.189999,46.630001,46.700001,756900
4304,2017-02-10,46.830002,46.869999,46.259998,46.66,570500
4305,2017-02-13,46.709999,46.98,46.470001,46.740002,556800
4306,2017-02-14,46.540001,46.740002,46.209999,46.66,908900
4307,2017-02-15,46.23,46.509998,45.650002,46.25,1739800
4308,2017-02-16,46.330002,46.389999,45.939999,46.290001,687300
4309,2017-02-17,45.950001,46.41,45.549999,46.41,1994900
4310,2017-02-21,46.470001,46.889999,46.220001,46.759998,843700
4311,2017-02-22,46.5,46.77,46.169998,46.52,1130000
4312,2017-02-23,46.66,46.860001,46.209999,46.299999,848200
4313,2017-02-24,45.73,46.41,45.5,46.41,719900
4314,2017-02-27,46.360001,46.860001,46.130001,46.240002,915800
4315,2017-02-28,46.09,46.43,45.759998,46.080002,1867200
4316,2017-03-01,45.849998,47.029999,45.580002,46.990002,1907400
4317,2017-03-02,46.799999,47.09,46.459999,46.490002,1432500
4318,2017-03-03,46.5,46.630001,46.189999,46.369999,882000
4319,2017-03-06,46.099998,46.290001,45.93,46.029999,842700
4320,2017-03-07,45.830002,46.07,45.639999,45.66,1076800
4321,2017-03-08,45.790001,45.970001,45.349998,45.389999,1017200
4322,2017-03-09,45.330002,45.529999,45.029999,45.189999,852800
4323,2017-03-10,45.07,45.459999,45.07,45.360001,1425500
4324,2017-03-13,45.459999,45.68,45.169998,45.529999,1884100
4325,2017-03-14,45.330002,45.759998,45.200001,45.580002,875700
4326,2017-03-15,45.790001,46.139999,45.580002,45.98,1134700
4327,2017-03-16,46.259998,46.610001,46.150002,46.220001,761500
4328,2017-03-17,46.27,46.380001,45.900002,46.049999,1636400
4329,2017-03-20,46.02,46.080002,45.490002,45.5,1171700
4330,2017-03-21,45.619999,45.66,43.93,44.040001,1905500
4331,2017-03-22,43.919998,44.259998,43.75,44.009998,1609100
4332,2017-03-23,44.02,44.439999,43.889999,44.349998,1187300
4333,2017-03-24,44.509998,44.849998,44.080002,44.400002,1348400
4334,2017-03-27,43.66,44.299999,43.66,44.189999,888500
4335,2017-03-28,43.98,44.98,43.93,44.709999,1307400
4336,2017-03-29,44.630001,45.25,44.529999,45.09,1315900
4337,2017-03-30,45.049999,45.759998,45.049999,45.610001,1239400
4338,2017-03-31,45.470001,45.950001,45.080002,45.759998,1446200
4339,2017-04-03,45.91,45.990002,44.639999,44.959999,1301800
4340,2017-04-04,44.759998,45.220001,44.759998,44.93,1243800
4341,2017-04-05,45.290001,45.32,44.470001,44.560001,1604800
4342,2017-04-06,44.68,45.02,44.389999,44.799999,937700
4343,2017-04-07,44.57,44.900002,44.52,44.599998,807000
4344,2017-04-10,44.610001,45.080002,44.48,44.580002,946900
4345,2017-04-11,44.490002,44.700001,44.02,44.639999,692400
4346,2017-04-12,44.66,44.77,43.889999,43.939999,742400
4347,2017-04-13,43.860001,44.189999,43.529999,43.599998,1138600
4348,2017-04-17,43.77,43.970001,43.639999,43.889999,826600
4349,2017-04-18,43.68,44.27,43.68,44.139999,783100
4350,2017-04-19,44.380001,44.700001,43.98,44.139999,846100
4351,2017-04-20,44.32,44.759998,44.110001,44.639999,706900
4352,2017-04-21,44.549999,44.599998,44.16,44.209999,1103400
4353,2017-04-24,44.790001,44.860001,44.119999,44.52,2126000
4354,2017-04-25,44.73,45.09,44.66,44.849998,1055800
4355,2017-04-26,44.75,45.07,44.490002,44.580002,1641000
4356,2017-04-27,42.299999,42.580002,39.259998,40.860001,3840700
4357,2017-04-28,39.619999,39.900002,38.619999,38.689999,4065900
4358,2017-05-01,38.779999,38.799999,38.029999,38.169998,2348000
4359,2017-05-02,38.150002,38.27,37.200001,37.48,2596200
4360,2017-05-03,37.25,37.48,36.73,37.060001,2570500
4361,2017-05-04,37.110001,37.5,36.720001,36.799999,1400000
4362,2017-05-05,36.950001,37.380001,36.610001,37.279999,2434800
4363,2017-05-08,37.25,38.16,37.200001,37.939999,2452000
4364,2017-05-09,38.029999,38.060001,37.380001,37.450001,1263200
4365,2017-05-10,37.459999,37.700001,37.290001,37.560001,1513700
4366,2017-05-11,37.450001,37.869999,37.41,37.610001,1845300
4367,2017-05-12,37.650002,37.779999,37.209999,37.310001,948700
4368,2017-05-15,37.529999,37.68,37.330002,37.529999,1604100
4369,2017-05-16,37.709999,37.75,37.279999,37.41,1002700
4370,2017-05-17,37.41,37.41,36.529999,36.599998,1388600
4371,2017-05-18,36.52,36.599998,35.959999,35.959999,1422100
4372,2017-05-19,36.189999,37.380001,36.16,37.09,1599600
4373,2017-05-22,37.18,37.380001,36.880001,36.98,1261000
4374,2017-05-23,37.080002,37.220001,36.389999,36.509998,1316600
4375,2017-05-24,36.59,36.900002,36.459999,36.700001,1016500
4376,2017-05-25,36.959999,37.099998,36.77,36.860001,979400
4377,2017-05-26,36.849998,36.849998,36.43,36.689999,891000
4378,2017-05-30,36.57,36.880001,36.529999,36.630001,1143000
4379,2017-05-31,36.709999,36.900002,36.07,36.68,1785800
4380,2017-06-01,36.849998,37.41,36.66,37.27,1691300
4381,2017-06-02,37.16,37.419998,36.93,37.0,1448700
4382,2017-06-05,37.25,37.880001,37.23,37.439999,1910300
4383,2017-06-06,37.310001,37.880001,37.150002,37.830002,1618900
4384,2017-06-07,38.0,38.310001,37.77,38.099998,1353700
4385,2017-06-08,38.080002,38.669998,37.799999,38.639999,1256200
4386,2017-06-09,38.720001,39.16,38.43,38.639999,1148800
4387,2017-06-12,38.48,38.91,38.119999,38.119999,1468500
4388,2017-06-13,38.240002,38.580002,38.099998,38.419998,1208700
4389,2017-06-14,38.470001,38.540001,37.990002,38.349998,929300
4390,2017-06-15,37.860001,38.369999,37.849998,38.27,902200
4391,2017-06-16,38.169998,38.599998,38.080002,38.59,1650700
4392,2017-06-19,38.849998,39.049999,38.549999,39.0,1130500
4393,2017-06-20,38.720001,39.16,38.720001,38.810001,1001200
4394,2017-06-21,38.919998,38.919998,38.060001,38.099998,895200
4395,2017-06-22,38.16,38.669998,38.07,38.57,997400
4396,2017-06-23,38.580002,39.029999,38.459999,38.689999,1726000
4397,2017-06-26,38.759998,39.099998,38.599998,38.939999,833100
4398,2017-06-27,38.919998,38.970001,38.560001,38.630001,1543100
4399,2017-06-28,38.73,39.470001,38.73,39.200001,988400
4400,2017-06-29,39.43,39.43,38.73,38.98,691300
4401,2017-06-30,39.0,39.290001,38.869999,38.880001,912700
4402,2017-07-03,39.220001,39.549999,39.150002,39.349998,360600
4403,2017-07-05,39.419998,39.419998,38.82,38.82,952900
4404,2017-07-06,38.580002,38.689999,38.150002,38.200001,870100
4405,2017-07-07,38.330002,39.099998,38.209999,38.990002,448300
4406,2017-07-10,39.02,39.130001,38.540001,38.740002,703000
4407,2017-07-11,38.880001,39.110001,38.580002,38.93,635200
4408,2017-07-12,39.240002,39.720001,39.16,39.599998,1074100
4409,2017-07-13,39.720001,40.0,39.450001,39.790001,1270200
4410,2017-07-14,38.990002,39.650002,38.43,39.630001,2058200
4411,2017-07-17,39.68,40.189999,39.529999,39.93,746500
4412,2017-07-18,39.900002,39.900002,38.689999,39.310001,1314500
4413,2017-07-19,39.5,40.099998,39.490002,39.790001,1355800
4414,2017-07-20,39.889999,39.959999,39.5,39.619999,1284900
4415,2017-07-21,39.529999,39.66,38.849998,39.25,1034800
4416,2017-07-24,39.27,39.439999,38.889999,39.009998,949500
4417,2017-07-25,39.299999,39.619999,38.82,39.34,1540600
4418,2017-07-26,39.419998,39.560001,38.939999,39.130001,749400
4419,2017-07-27,39.209999,39.220001,38.490002,38.73,822400
4420,2017-07-28,38.689999,38.689999,37.950001,38.139999,659100
4421,2017-07-31,38.27,38.52,38.040001,38.380001,740300
4422,2017-08-01,38.619999,38.779999,38.299999,38.689999,1187600
4423,2017-08-02,38.709999,38.82,38.34,38.48,911300
4424,2017-08-03,38.57,38.709999,38.189999,38.27,795600
4425,2017-08-04,38.43,38.470001,38.110001,38.200001,869400
4426,2017-08-07,38.290001,38.290001,37.900002,38.060001,1172900
4427,2017-08-08,37.950001,38.77,37.950001,38.310001,2198800
4428,2017-08-09,38.439999,38.459999,37.619999,37.91,2047000
4429,2017-08-10,37.560001,37.720001,36.799999,36.799999,1743900
4430,2017-08-11,36.459999,37.169998,36.23,36.990002,945600
4431,2017-08-14,37.349998,37.610001,37.310001,37.470001,936200
4432,2017-08-15,37.549999,37.619999,37.240002,37.349998,967800
4433,2017-08-16,37.369999,37.77,37.369999,37.540001,905900
4434,2017-08-17,37.450001,37.66,36.790001,36.810001,820900
4435,2017-08-18,36.599998,36.619999,35.950001,35.950001,1233200
4436,2017-08-21,35.869999,36.02,35.669998,35.93,1114100
4437,2017-08-22,36.209999,36.549999,36.09,36.360001,769000
4438,2017-08-23,36.080002,36.830002,36.080002,36.66,1288500
4439,2017-08-24,36.799999,37.060001,36.380001,36.950001,1487500
4440,2017-08-25,37.16,37.77,37.02,37.389999,867600
4441,2017-08-28,37.43,37.740002,37.349998,37.439999,856100
4442,2017-08-29,37.110001,37.73,37.099998,37.549999,598700
4443,2017-08-30,37.59,38.060001,37.450001,37.970001,537000
4444,2017-08-31,38.310001,38.610001,38.110001,38.57,1570100
4445,2017-09-01,37.98,38.139999,37.689999,37.900002,1572600
4446,2017-09-05,37.830002,37.919998,37.07,37.200001,756800
4447,2017-09-06,37.299999,37.349998,36.77,36.84,1550700
4448,2017-09-07,36.939999,36.970001,36.459999,36.790001,1013200
4449,2017-09-08,36.689999,36.970001,36.580002,36.849998,936800
4450,2017-09-11,37.169998,37.68,37.09,37.580002,552400
4451,2017-09-12,37.650002,38.240002,37.650002,38.07,620100
4452,2017-09-13,37.939999,38.490002,37.75,38.310001,730100
4453,2017-09-14,38.130001,38.400002,37.48,38.369999,481200
4454,2017-09-15,38.400002,38.799999,38.369999,38.759998,1062100
4455,2017-09-18,38.990002,39.0,38.779999,38.880001,435700
4456,2017-09-19,38.959999,39.099998,38.790001,38.790001,568800
4457,2017-09-20,38.84,39.040001,38.75,38.790001,619900
4458,2017-09-21,38.799999,38.82,38.560001,38.650002,505400
4459,2017-09-22,38.599998,38.950001,38.400002,38.869999,467900
4460,2017-09-25,38.740002,39.560001,38.68,39.470001,887000
4461,2017-09-26,39.5,39.849998,39.419998,39.619999,951600
4462,2017-09-27,39.689999,39.900002,39.27,39.599998,856800
4463,2017-09-28,39.560001,39.66,39.290001,39.529999,592500
4464,2017-09-29,39.540001,39.689999,39.299999,39.299999,599600
4465,2017-10-02,39.369999,40.150002,39.220001,40.110001,1153900
4466,2017-10-03,40.23,40.549999,40.130001,40.52,789100
4467,2017-10-04,40.52,40.810001,40.25,40.310001,594200
4468,2017-10-05,40.470001,40.849998,40.299999,40.650002,686600
4469,2017-10-06,40.439999,40.77,40.380001,40.459999,1562200
4470,2017-10-09,40.5,40.599998,40.27,40.41,907600
4471,2017-10-10,40.560001,40.77,40.560001,40.650002,501800
4472,2017-10-11,40.599998,40.720001,40.490002,40.689999,568000
4473,2017-10-12,40.650002,40.830002,40.560001,40.59,833400
4474,2017-10-13,40.919998,40.970001,40.549999,40.639999,660700
4475,2017-10-16,40.599998,40.830002,40.52,40.650002,369100
4476,2017-10-17,40.619999,40.869999,40.560001,40.709999,854100
4477,2017-10-18,40.77,41.029999,40.669998,40.849998,622500
4478,2017-10-19,40.540001,40.740002,40.360001,40.470001,508300
4479,2017-10-20,40.549999,40.900002,40.48,40.59,802000
4480,2017-10-23,40.709999,40.919998,39.990002,40.080002,804900
4481,2017-10-24,40.25,40.419998,40.029999,40.209999,793500
4482,2017-10-25,40.02,40.150002,39.779999,40.09,620700
4483,2017-10-26,40.43,41.950001,40.189999,41.720001,2403400
4484,2017-10-27,41.799999,41.970001,39.98,40.07,1804100
4485,2017-10-30,39.98,40.07,39.490002,39.700001,858600
4486,2017-10-31,39.959999,40.27,39.720001,39.799999,1126000
4487,2017-11-01,40.299999,40.299999,39.360001,39.490002,1055900
4488,2017-11-02,39.490002,39.560001,38.900002,39.369999,773500
4489,2017-11-03,39.41,39.59,39.130001,39.209999,781200
4490,2017-11-06,39.310001,39.610001,39.07,39.450001,485000
4491,2017-11-07,39.43,39.700001,39.27,39.509998,842100
4492,2017-11-08,39.400002,39.84,39.169998,39.619999,746800
4493,2017-11-09,39.240002,39.669998,39.16,39.439999,979600
4494,2017-11-10,39.84,39.869999,39.470001,39.560001,859300
4495,2017-11-13,39.330002,39.630001,39.18,39.209999,669300
4496,2017-11-14,39.0,39.189999,38.52,38.84,891600
4497,2017-11-15,38.459999,38.869999,38.330002,38.720001,694200
4498,2017-11-16,38.970001,39.610001,38.860001,39.459999,1111400
4499,2017-11-17,39.41,39.73,39.349998,39.599998,1186600
4500,2017-11-20,39.630001,40.099998,39.630001,40.07,677500
4501,2017-11-21,40.34,40.610001,40.169998,40.400002,713300
4502,2017-11-22,40.439999,40.77,40.360001,40.459999,513600
4503,2017-11-24,40.720001,40.869999,39.939999,40.16,268500
4504,2017-11-27,40.150002,40.630001,40.029999,40.52,585100
4505,2017-11-28,40.77,41.459999,40.470001,41.360001,1126800
4506,2017-11-29,41.360001,41.91,41.080002,41.240002,813200
4507,2017-11-30,41.380001,41.790001,41.290001,41.41,1127200
4508,2017-12-01,41.490002,41.580002,40.709999,41.529999,1058000
4509,2017-12-04,41.959999,42.09,40.68,40.799999,1116500
4510,2017-12-05,40.73,40.73,40.27,40.34,932900
4511,2017-12-06,40.16,40.23,39.779999,39.810001,859800
4512,2017-12-07,39.77,40.009998,39.09,39.130001,1015800
4513,2017-12-08,39.41,39.490002,38.860001,39.139999,1091100
4514,2017-12-11,39.200001,39.529999,38.990002,39.529999,552800
4515,2017-12-12,39.389999,39.689999,39.169998,39.630001,1142900
4516,2017-12-13,40.040001,40.34,39.459999,39.580002,736900
4517,2017-12-14,39.540001,39.639999,38.610001,38.669998,1001700
4518,2017-12-15,38.77,39.330002,38.689999,39.060001,2037500
4519,2017-12-18,39.310001,40.189999,39.27,40.150002,912500
4520,2017-12-19,40.09,40.189999,39.709999,39.860001,1138500
4521,2017-12-20,39.82,40.029999,39.650002,39.880001,558400
4522,2017-12-21,39.869999,40.0,39.77,39.860001,581700
4523,2017-12-22,39.950001,39.959999,39.52,39.599998,409900
4524,2017-12-26,39.5,39.720001,39.279999,39.470001,360100
4525,2017-12-27,39.389999,39.700001,39.389999,39.509998,739200
4526,2017-12-28,39.639999,39.799999,39.52,39.759998,431900
4527,2017-12-29,39.93,39.959999,39.549999,39.619999,704900
4528,2018-01-02,39.970001,40.130001,39.639999,39.990002,873100
4529,2018-01-03,39.889999,40.540001,39.889999,40.48,1106400
4530,2018-01-04,40.560001,41.639999,40.400002,41.029999,1084900
4531,2018-01-05,41.540001,42.290001,41.5,41.799999,1036200
4532,2018-01-08,41.709999,41.880001,41.419998,41.779999,576700
4533,2018-01-09,41.950001,42.360001,41.889999,41.959999,730500
4534,2018-01-10,41.860001,42.0,41.209999,41.299999,858400
4535,2018-01-11,41.41,41.779999,41.259998,41.779999,642400
4536,2018-01-12,42.0,42.07,41.619999,41.75,971200
4537,2018-01-16,41.91,42.009998,41.349998,41.41,627500
4538,2018-01-17,41.580002,41.860001,41.380001,41.650002,462400
4539,2018-01-18,41.560001,41.700001,41.27,41.32,495000
4540,2018-01-19,42.240002,43.740002,41.880001,43.279999,1537100
4541,2018-01-22,43.240002,43.240002,42.25,42.91,1050000
4542,2018-01-23,42.91,43.09,42.389999,42.639999,1220500
4543,2018-01-24,42.830002,43.009998,42.439999,42.790001,1957600
4544,2018-01-25,43.310001,44.34,42.650002,42.990002,2615000
4545,2018-01-26,43.310001,43.880001,42.43,43.689999,1572000
4546,2018-01-29,43.599998,43.869999,43.32,43.470001,1229000
4547,2018-01-30,42.919998,43.299999,42.639999,42.860001,1215000
4548,2018-01-31,43.09,43.130001,42.419998,42.5,1420000
4549,2018-02-01,42.259998,42.77,41.810001,42.439999,1061000
4550,2018-02-02,42.080002,42.080002,41.330002,41.48,1271000
4551,2018-02-05,41.150002,41.389999,40.119999,40.119999,1875600
4552,2018-02-06,39.419998,40.689999,38.630001,40.43,2264800
4553,2018-02-07,40.41,41.389999,40.139999,41.18,1500600
4554,2018-02-08,41.130001,41.330002,39.619999,39.619999,1886800
4555,2018-02-09,40.119999,40.470001,38.549999,39.720001,1021300
4556,2018-02-12,39.970001,40.639999,39.689999,40.299999,541500
4557,2018-02-13,39.950001,40.919998,39.810001,40.799999,969300
4558,2018-02-14,40.759998,41.93,40.470001,41.900002,824100
4559,2018-02-15,42.080002,42.48,41.540001,42.380001,608200
4560,2018-02-16,42.0,42.419998,41.830002,42.259998,642500
4561,2018-02-20,41.939999,42.59,41.700001,42.23,768300
4562,2018-02-21,42.389999,42.619999,41.990002,42.009998,797100
4563,2018-02-22,42.09,42.470001,41.810001,41.84,531200
4564,2018-02-23,42.16,42.630001,42.029999,42.619999,419800
4565,2018-02-26,42.650002,43.139999,42.290001,43.110001,512900
4566,2018-02-27,43.119999,43.599998,42.889999,42.919998,746400
4567,2018-02-28,43.0,43.310001,42.689999,42.700001,846000
4568,2018-03-01,42.740002,43.150002,42.18,42.439999,672400
4569,2018-03-02,42.049999,43.18,41.779999,43.130001,476200
4570,2018-03-05,42.77,43.419998,42.68,43.389999,743600
4571,2018-03-06,43.52,43.98,43.310001,43.790001,546800
4572,2018-03-07,43.419998,43.990002,43.330002,43.790001,663000
4573,2018-03-08,43.77,43.82,43.0,43.400002,884900
4574,2018-03-09,43.619999,44.279999,43.259998,44.02,988200
4575,2018-03-12,43.849998,44.509998,43.619999,44.400002,681300
4576,2018-03-13,44.57,44.82,44.169998,44.209999,722500
4577,2018-03-14,44.400002,44.419998,43.740002,43.919998,606900
4578,2018-03-15,43.939999,44.75,43.860001,44.139999,753700
4579,2018-03-16,44.25,44.849998,44.25,44.709999,905800
4580,2018-03-19,44.560001,44.560001,43.34,43.59,404800
4581,2018-03-20,43.639999,43.849998,43.400002,43.599998,611000
4582,2018-03-21,43.599998,44.220001,43.459999,43.700001,470100
4583,2018-03-22,43.200001,43.650002,42.52,42.529999,487600
4584,2018-03-23,42.52,42.540001,41.009998,41.07,500100
4585,2018-03-26,41.669998,41.950001,41.049999,41.91,354200
4586,2018-03-27,41.939999,42.279999,40.98,41.220001,571500
4587,2018-03-28,41.299999,41.540001,40.84,41.259998,630700
4588,2018-03-29,41.560001,42.02,41.400002,41.759998,902300
4589,2018-04-02,41.470001,41.919998,39.720001,40.209999,857500
4590,2018-04-03,40.549999,41.43,40.380001,41.07,843400
4591,2018-04-04,40.279999,41.580002,40.07,41.419998,560000
4592,2018-04-05,41.77,42.02,41.610001,41.66,767700
4593,2018-04-06,41.290001,41.610001,39.919998,40.34,531600
4594,2018-04-09,40.639999,41.369999,40.610001,40.810001,950200
4595,2018-04-10,41.470001,41.880001,41.240002,41.5,1053000
4596,2018-04-11,41.439999,42.09,41.360001,41.939999,680000
4597,2018-04-12,42.0,42.259998,41.860001,41.939999,703500
4598,2018-04-13,42.110001,42.27,41.57,41.720001,742800
4599,2018-04-16,41.970001,42.18,41.48,42.080002,699800
4600,2018-04-17,42.400002,42.52,41.889999,42.25,685300
4601,2018-04-18,42.400002,42.740002,42.18,42.450001,697900
4602,2018-04-19,42.650002,42.75,41.740002,41.91,814300
4603,2018-04-20,41.849998,42.009998,41.0,41.389999,1031200
4604,2018-04-23,41.43,41.619999,40.720001,40.93,1039300
4605,2018-04-24,41.080002,41.389999,39.73,39.93,1006500
4606,2018-04-25,40.68,40.709999,40.09,40.349998,1375600
4607,2018-04-26,40.68,40.720001,38.330002,39.209999,1150200
4608,2018-04-27,39.029999,39.529999,38.709999,39.27,1251800
4609,2018-04-30,39.279999,39.709999,39.139999,39.23,1228900
4610,2018-05-01,39.080002,39.380001,38.720001,39.330002,887700
4611,2018-05-02,39.459999,39.689999,39.189999,39.209999,642500
4612,2018-05-03,39.16,39.16,38.560001,38.82,908600
4613,2018-05-04,38.650002,39.529999,38.57,39.349998,730600
4614,2018-05-07,39.470001,39.610001,39.209999,39.27,666800
4615,2018-05-08,39.25,40.130001,39.200001,40.060001,907400
4616,2018-05-09,40.200001,40.48,39.860001,40.0,1371800
4617,2018-05-10,40.040001,40.970001,39.959999,40.700001,717100
4618,2018-05-11,40.68,41.09,40.41,40.75,575400
4619,2018-05-14,40.830002,40.880001,40.400002,40.450001,495700
4620,2018-05-15,40.200001,40.470001,40.02,40.43,672800
4621,2018-05-16,39.07,39.52,38.459999,38.93,1707100
4622,2018-05-17,38.799999,39.459999,38.799999,39.18,563800
4623,2018-05-18,39.099998,39.23,38.860001,39.049999,424400
4624,2018-05-21,39.34,39.93,39.23,39.48,632700
4625,2018-05-22,39.77,39.77,38.970001,39.299999,528200
4626,2018-05-23,39.029999,39.220001,38.57,38.709999,490500
4627,2018-05-24,38.689999,38.939999,38.400002,38.75,530500
4628,2018-05-25,38.619999,38.990002,38.509998,38.700001,478700
4629,2018-05-29,38.5,38.84,38.279999,38.610001,517800
4630,2018-05-30,38.880001,39.549999,38.73,39.27,864300
4631,2018-05-31,39.330002,39.459999,38.119999,38.119999,1666900
4632,2018-06-01,38.360001,39.119999,38.330002,38.630001,1118300
4633,2018-06-04,38.639999,38.75,38.41,38.580002,836800
4634,2018-06-05,38.490002,39.459999,38.310001,39.310001,1082000
4635,2018-06-06,39.380001,39.380001,38.810001,39.310001,864200
4636,2018-06-07,39.299999,39.700001,39.189999,39.41,747200
4637,2018-06-08,39.41,39.41,39.41,39.41,0
4638,2018-06-11,39.650002,39.939999,39.349998,39.650002,722700
4639,2018-06-12,39.619999,39.869999,39.43,39.630001,1036300
4640,2018-06-13,39.759998,39.919998,39.419998,39.639999,887500
4641,2018-06-14,39.830002,40.689999,39.400002,40.18,1461200
4642,2018-06-15,40.110001,43.25,40.110001,42.720001,2713000
4643,2018-06-18,42.619999,43.009998,42.009998,42.560001,1797500
4644,2018-06-19,42.369999,42.57,41.560001,42.459999,1279900
4645,2018-06-20,42.689999,42.779999,42.119999,42.290001,813300
4646,2018-06-21,42.279999,42.93,42.16,42.66,1027700
4647,2018-06-22,42.66,43.200001,42.57,43.09,1529900
4648,2018-06-25,42.68,42.950001,42.09,42.880001,1337700
4649,2018-06-26,42.869999,43.73,42.639999,43.52,1398900
4650,2018-06-27,43.43,43.959999,43.209999,43.330002,1170300
4651,2018-06-28,43.240002,43.290001,42.330002,42.73,934100
4652,2018-06-29,42.77,43.150002,42.580002,42.889999,840000
4653,2018-07-02,42.459999,42.880001,42.009998,42.849998,998300
4654,2018-07-03,42.939999,43.540001,42.709999,43.040001,470500
4655,2018-07-05,43.209999,43.77,42.77,43.709999,1668300
4656,2018-07-06,43.599998,44.0,43.189999,43.970001,646700
4657,2018-07-09,44.029999,44.77,43.200001,44.740002,1170300
4658,2018-07-10,44.82,44.830002,44.380001,44.700001,1233700
4659,2018-07-11,44.5,44.5,43.110001,43.939999,591800
4660,2018-07-12,44.23,44.43,43.68,44.290001,761200
4661,2018-07-13,44.169998,44.73,42.619999,44.279999,838200
4662,2018-07-16,44.360001,44.52,43.77,43.93,741200
4663,2018-07-17,43.82,44.150002,43.639999,43.82,622100
4664,2018-07-18,43.799999,44.5,43.5,44.25,830800
4665,2018-07-19,44.240002,44.48,44.0,44.380001,848200
4666,2018-07-20,44.43,44.43,43.59,43.610001,843100
4667,2018-07-23,43.48,43.490002,42.98,43.330002,799500
4668,2018-07-24,43.439999,43.810001,42.939999,43.0,482000
4669,2018-07-25,43.099998,43.529999,42.84,43.52,472800
4670,2018-07-26,43.380001,44.189999,43.32,43.790001,1285400
4671,2018-07-27,43.990002,44.119999,43.310001,43.52,383400
4672,2018-07-30,43.529999,44.029999,43.09,43.130001,604800
4673,2018-07-31,43.25,44.110001,43.110001,43.849998,992300
4674,2018-08-01,43.700001,43.939999,43.5,43.68,477400
4675,2018-08-02,43.439999,44.18,43.349998,44.040001,868100
4676,2018-08-03,43.759998,44.189999,43.450001,43.860001,655300
4677,2018-08-06,43.849998,44.049999,43.360001,43.91,500800
4678,2018-08-07,44.110001,44.369999,44.07,44.27,974400
4679,2018-08-08,44.419998,44.709999,43.900002,44.599998,639400
4680,2018-08-09,45.0,46.84,44.209999,46.41,2363800
4681,2018-08-10,47.0,47.130001,45.830002,46.380001,1127800
4682,2018-08-13,46.529999,46.529999,45.77,45.77,860000
4683,2018-08-14,45.59,46.869999,45.349998,46.740002,1355600
4684,2018-08-15,46.43,46.75,46.130001,46.540001,773000
4685,2018-08-16,46.849998,47.540001,46.639999,47.049999,731300
4686,2018-08-17,47.040001,47.68,46.549999,47.580002,604200
4687,2018-08-20,48.209999,48.209999,47.349998,48.02,1391300
4688,2018-08-21,48.25,49.290001,48.02,49.139999,973100
4689,2018-08-22,49.0,49.330002,48.279999,48.66,722700
4690,2018-08-23,48.52,48.799999,48.380001,48.580002,496200
4691,2018-08-24,48.700001,48.720001,48.049999,48.419998,488000
4692,2018-08-27,48.970001,49.349998,48.5,48.740002,910500
4693,2018-08-28,48.869999,49.029999,48.41,48.619999,860700
4694,2018-08-29,48.919998,49.330002,48.560001,48.939999,1006600
4695,2018-08-30,48.740002,49.41,48.509998,48.709999,1350000
4696,2018-08-31,48.52,48.560001,47.919998,48.400002,1128400
4697,2018-09-04,48.459999,48.73,48.029999,48.220001,1217200
4698,2018-09-05,47.799999,48.299999,47.560001,47.990002,1061700
4699,2018-09-06,48.099998,48.16,47.82,47.950001,929000
4700,2018-09-07,47.389999,47.73,47.139999,47.650002,865700
4701,2018-09-10,47.740002,47.919998,47.419998,47.82,925100
4702,2018-09-11,47.540001,48.27,47.34,47.84,779400
4703,2018-09-12,47.790001,47.84,47.41,47.439999,937800
4704,2018-09-13,47.529999,47.740002,47.459999,47.57,635400
4705,2018-09-14,47.529999,48.060001,47.490002,47.849998,783800
4706,2018-09-17,47.799999,48.029999,47.380001,47.43,606100
4707,2018-09-18,47.509998,47.849998,46.970001,47.299999,755100
4708,2018-09-19,47.349998,47.759998,46.84,47.080002,822900
4709,2018-09-20,47.279999,47.52,46.639999,46.77,1395600
4710,2018-09-21,46.77,47.389999,46.509998,47.110001,2815000
4711,2018-09-24,47.049999,47.209999,46.599998,47.0,965800
4712,2018-09-25,47.07,47.07,46.060001,46.110001,1091200
4713,2018-09-26,46.029999,46.040001,45.419998,45.470001,1027900
4714,2018-09-27,45.5,45.610001,44.610001,44.639999,890500
4715,2018-09-28,44.540001,45.130001,44.43,44.77,1452000
4716,2018-10-01,44.970001,44.970001,43.189999,43.349998,1871000
4717,2018-10-02,43.110001,43.939999,43.040001,43.360001,1509400
4718,2018-10-03,43.560001,43.93,43.330002,43.619999,854500
4719,2018-10-04,43.400002,43.73,42.810001,43.27,1619100
4720,2018-10-05,43.150002,43.48,42.599998,42.75,1259100
4721,2018-10-08,42.5,42.529999,41.419998,41.869999,1472300
4722,2018-10-09,41.709999,41.82,41.290001,41.599998,1401100
4723,2018-10-10,41.669998,41.669998,39.849998,39.900002,1165800
4724,2018-10-11,40.049999,40.310001,39.34,39.48,1130400
4725,2018-10-12,40.209999,40.650002,39.73,40.470001,1384700
4726,2018-10-15,40.400002,41.080002,40.400002,40.790001,1091300
4727,2018-10-16,41.040001,41.869999,40.549999,41.77,1079100
4728,2018-10-17,41.52,41.830002,41.049999,41.799999,851100
4729,2018-10-18,41.52,41.799999,40.939999,41.310001,731500
4730,2018-10-19,41.32,42.0,40.849998,41.029999,976200
4731,2018-10-22,41.240002,41.669998,40.98,41.220001,768500
4732,2018-10-23,40.5,41.060001,39.900002,40.68,611400
4733,2018-10-24,40.419998,40.599998,38.389999,38.419998,1102800
4734,2018-10-25,38.529999,38.779999,38.130001,38.619999,1136100
4735,2018-10-26,39.59,39.59,37.110001,37.299999,1445700
4736,2018-10-29,38.02,39.75,37.68,38.23,1650800
4737,2018-10-30,38.310001,39.34,38.09,39.060001,1159700
4738,2018-10-31,39.57,40.34,39.389999,40.07,1034100
4739,2018-11-01,40.34,41.990002,40.110001,41.82,1130700
4740,2018-11-02,41.939999,43.310001,41.790001,42.919998,1322900
4741,2018-11-05,43.060001,43.549999,42.610001,43.18,1152500
4742,2018-11-06,43.02,43.990002,43.02,43.580002,851700
4743,2018-11-07,43.959999,44.25,43.130001,44.0,1028500
4744,2018-11-08,43.970001,44.380001,43.709999,43.939999,1031100
4745,2018-11-09,43.470001,43.82,42.849998,43.66,813500
4746,2018-11-12,43.610001,43.810001,42.630001,42.759998,953000
4747,2018-11-13,42.98,44.139999,42.98,43.360001,1037800
4748,2018-11-14,43.5,43.869999,41.75,41.91,2167600
4749,2018-11-15,41.740002,42.93,41.32,42.849998,1605600
4750,2018-11-16,42.560001,43.869999,41.799999,43.599998,1422200
4751,2018-11-19,43.419998,43.720001,42.68,42.91,1209500
4752,2018-11-20,41.779999,43.09,41.779999,42.040001,1442100
4753,2018-11-21,42.419998,43.150002,41.959999,42.759998,1292900
4754,2018-11-23,42.509998,43.150002,42.209999,42.77,703600
4755,2018-11-26,43.419998,43.639999,42.93,43.360001,1019400
4756,2018-11-27,42.93,43.23,42.349998,42.369999,1281700
4757,2018-11-28,42.66,43.759998,41.720001,43.32,1202900
4758,2018-11-29,43.09,43.970001,42.790001,43.400002,944800
4759,2018-11-30,43.169998,43.889999,43.07,43.82,6574600
4760,2018-12-03,44.98,45.169998,44.529999,44.639999,1183100
4761,2018-12-04,43.939999,44.080002,42.349998,42.52,946900
4762,2018-12-06,41.720001,43.240002,41.5,42.98,1722000
4763,2018-12-07,42.939999,43.07,41.82,41.990002,1285000
4764,2018-12-10,42.0,42.27,41.09,41.77,976300
4765,2018-12-11,42.369999,42.73,39.509998,39.950001,2222600
4766,2018-12-12,40.66,41.029999,40.259998,40.450001,1092900
4767,2018-12-13,40.549999,40.549999,39.27,39.34,753400
4768,2018-12-14,39.080002,39.560001,38.639999,38.759998,943100
4769,2018-12-17,38.59,38.779999,37.099998,37.34,1830800
4770,2018-12-18,37.75,38.139999,36.970001,37.009998,1658000
4771,2018-12-19,36.950001,37.700001,36.07,36.32,1622000
4772,2018-12-20,36.32,36.57,35.049999,35.549999,1196700
4773,2018-12-21,35.57,35.82,34.529999,34.939999,3200500
4774,2018-12-24,34.630001,35.09,33.889999,34.09,352200
4775,2018-12-26,34.299999,35.540001,33.549999,35.52,1419600
4776,2018-12-27,34.91,35.77,34.509998,35.759998,929000
4777,2018-12-28,35.880001,36.470001,35.630001,35.900002,678400
4778,2018-12-31,36.25,36.360001,34.400002,36.099998,738600
4779,2019-01-02,35.360001,36.84,34.560001,36.57,1023900
4780,2019-01-03,36.0,36.220001,34.580002,35.689999,1279100
4781,2019-01-04,36.049999,37.59,36.049999,37.23,1369300
4782,2019-01-07,37.220001,38.400002,37.060001,38.119999,994000
4783,2019-01-08,38.5,38.75,37.869999,38.209999,1136500
4784,2019-01-09,38.439999,39.669998,38.439999,39.509998,939800
4785,2019-01-10,39.240002,40.669998,39.09,40.669998,1265000
4786,2019-01-11,40.580002,41.34,40.240002,41.029999,1173200
4787,2019-01-14,40.779999,41.349998,40.459999,41.029999,1273800
4788,2019-01-15,41.029999,41.459999,40.57,41.380001,771200
4789,2019-01-16,41.389999,41.77,41.23,41.43,598800
4790,2019-01-17,41.139999,42.060001,41.139999,41.830002,799300
4791,2019-01-18,42.189999,42.880001,40.740002,42.490002,1101000
4792,2019-01-22,42.07,42.459999,40.950001,41.25,1913500
4793,2019-01-23,41.18,41.720001,40.470001,40.529999,1214600
4794,2019-01-24,40.509998,41.93,40.509998,41.650002,1303300
4795,2019-01-25,40.689999,42.400002,40.200001,41.040001,1568900
4796,2019-01-28,40.41,40.82,39.98,40.740002,1125100
4797,2019-01-29,40.799999,40.880001,40.349998,40.369999,694600
4798,2019-01-30,40.650002,41.189999,40.009998,41.169998,636800
4799,2019-01-31,41.080002,41.380001,40.59,41.200001,864400
4800,2019-02-01,41.259998,41.57,40.919998,41.48,658400
4801,2019-02-04,41.470001,41.959999,41.32,41.939999,704700
4802,2019-02-05,42.040001,42.240002,41.18,41.93,516200
4803,2019-02-06,41.889999,42.75,41.389999,42.709999,782900
4804,2019-02-07,42.5,42.98,42.029999,42.450001,579100
4805,2019-02-08,42.169998,42.580002,41.91,42.560001,649100
4806,2019-02-11,42.599998,43.169998,42.360001,43.099998,942000
4807,2019-02-12,43.369999,43.91,43.130001,43.400002,1235300
4808,2019-02-13,43.73,44.200001,43.529999,44.029999,784900
4809,2019-02-14,43.68,44.349998,43.5,44.02,744100
4810,2019-02-15,44.18,44.459999,43.799999,44.119999,806900
4811,2019-02-19,44.029999,44.27,43.82,44.16,516000
4812,2019-02-20,44.07,45.0,44.060001,44.93,810300
4813,2019-02-21,44.889999,44.98,44.48,44.75,515200
4814,2019-02-22,44.93,45.029999,44.57,44.880001,759500
4815,2019-02-25,45.18,45.990002,43.900002,44.900002,523000
4816,2019-02-26,44.77,45.0,44.349998,44.380001,666300
4817,2019-02-27,44.279999,44.279999,43.860001,44.080002,633800
4818,2019-02-28,43.830002,43.830002,43.48,43.490002,614300
4819,2019-03-01,43.860001,44.080002,43.330002,43.919998,616400
4820,2019-03-04,44.07,44.470001,43.43,43.650002,507400
4821,2019-03-05,43.639999,43.689999,43.029999,43.040001,636300
4822,2019-03-06,43.049999,43.990002,42.459999,42.560001,732900
4823,2019-03-07,42.400002,42.470001,41.830002,42.060001,509900
4824,2019-03-08,41.610001,42.290001,40.689999,42.200001,586200
4825,2019-03-11,42.279999,42.84,41.200001,42.799999,734800
4826,2019-03-12,42.939999,43.689999,41.810001,42.889999,472300
4827,2019-03-13,43.099998,43.900002,41.880001,43.450001,861300
4828,2019-03-14,43.529999,43.740002,43.290001,43.5,728600
4829,2019-03-15,43.560001,44.23,42.130001,43.759998,1455400
4830,2019-03-18,43.84,44.279999,43.48,43.830002,618100
4831,2019-03-19,44.049999,44.259998,41.630001,43.75,476700
4832,2019-03-20,43.59,43.860001,42.919998,43.32,474000
4833,2019-03-21,43.110001,44.240002,43.110001,44.080002,418100
4834,2019-03-22,43.790001,43.810001,42.09,42.119999,437700
4835,2019-03-25,41.990002,41.990002,41.310001,41.450001,606300
4836,2019-03-26,41.82,42.150002,40.970001,42.119999,635000
4837,2019-03-27,42.23,42.84,42.09,42.59,749600
4838,2019-03-28,42.75,43.369999,42.450001,42.619999,550800
4839,2019-03-29,42.990002,43.549999,42.93,43.369999,674100
4840,2019-04-01,43.68,44.389999,43.68,44.32,409500
4841,2019-04-02,44.220001,44.259998,43.689999,44.139999,441200
4842,2019-04-03,44.57,45.16,44.23,44.650002,519500
4843,2019-04-04,44.759998,45.540001,44.189999,45.330002,421100
4844,2019-04-05,45.48,45.880001,45.110001,45.759998,479500
4845,2019-04-08,45.650002,46.279999,45.5,46.240002,742900
4846,2019-04-09,46.040001,46.040001,45.43,45.540001,478500
4847,2019-04-10,45.650002,46.450001,45.0,46.310001,471800
4848,2019-04-11,46.470001,46.84,45.57,46.740002,691200
4849,2019-04-12,47.0,47.419998,46.669998,46.860001,492800
4850,2019-04-15,46.98,47.23,46.57,46.959999,359900
4851,2019-04-16,47.0,47.400002,46.98,47.330002,310500
4852,2019-04-17,47.59,47.59,46.290001,46.5,632800
4853,2019-04-18,46.52,46.77,46.139999,46.630001,457000
4854,2019-04-22,46.48,47.0,45.630001,46.049999,464100
4855,2019-04-23,46.16,47.130001,46.110001,46.93,623500
4856,2019-04-24,46.82,47.779999,46.799999,47.490002,595800
4857,2019-04-25,47.43,47.529999,46.380001,46.459999,649600
4858,2019-04-26,46.669998,48.580002,46.5,48.060001,1635300
4859,2019-04-29,48.130001,49.029999,47.990002,48.450001,627100
4860,2019-04-30,48.349998,48.720001,47.810001,48.610001,499300
4861,2019-05-01,48.880001,48.880001,47.310001,47.330002,591400
4862,2019-05-02,47.169998,47.580002,46.389999,46.799999,666300
4863,2019-05-03,46.82,47.27,45.700001,46.82,1011400
4864,2019-05-06,45.93,46.630001,45.779999,46.439999,776800
4865,2019-05-07,46.110001,46.41,45.580002,45.790001,674300
4866,2019-05-08,45.599998,46.009998,45.310001,45.34,334000
4867,2019-05-09,44.82,45.52,44.470001,45.279999,481600
4868,2019-05-10,45.099998,45.630001,44.41,45.369999,497300
4869,2019-05-13,44.240002,44.43,43.150002,43.240002,517900
4870,2019-05-14,43.32,43.889999,43.18,43.630001,508200
4871,2019-05-15,43.5,44.290001,43.439999,44.009998,488200
4872,2019-05-16,44.060001,44.939999,44.009998,44.490002,487300
4873,2019-05-17,43.970001,44.25,43.389999,43.389999,453800
4874,2019-05-20,43.040001,43.700001,42.950001,43.080002,506000
4875,2019-05-21,43.349998,43.970001,43.34,43.93,654000
4876,2019-05-22,43.709999,44.02,42.950001,43.009998,449500
4877,2019-05-23,42.419998,43.150002,41.810001,42.32,489700
4878,2019-05-24,42.580002,42.900002,42.189999,42.419998,318700
4879,2019-05-28,42.540001,42.720001,42.110001,42.110001,518600
4880,2019-05-29,41.759998,42.259998,41.41,41.959999,478800
4881,2019-05-30,42.02,42.52,41.790001,41.93,387300
4882,2019-05-31,41.490002,41.639999,40.549999,40.84,583500
4883,2019-06-03,40.830002,41.759998,40.43,41.18,639200
4884,2019-06-04,41.459999,42.650002,41.459999,42.619999,584800
4885,2019-06-05,42.84,42.880001,41.900002,42.52,385300
4886,2019-06-06,42.580002,42.98,42.110001,42.860001,616100
4887,2019-06-07,43.18,43.73,42.93,43.610001,412900
4888,2019-06-10,44.0,45.0,43.919998,44.310001,534700
4889,2019-06-11,44.759998,45.099998,44.369999,44.57,701400
4890,2019-06-12,44.400002,44.75,43.900002,44.34,422300
4891,2019-06-13,44.5,44.849998,43.990002,44.419998,428800
4892,2019-06-14,44.279999,44.279999,43.259998,43.34,515600
4893,2019-06-17,43.189999,43.48,42.66,42.779999,724300
4894,2019-06-18,43.130001,43.709999,42.790001,43.43,919000
4895,2019-06-19,43.650002,44.060001,43.369999,43.75,481700
4896,2019-06-20,44.18,44.630001,43.630001,43.779999,565400
4897,2019-06-21,43.48,43.48,42.779999,43.0,1349200
4898,2019-06-24,43.099998,43.650002,42.889999,42.900002,478800
4899,2019-06-25,42.880001,43.599998,42.869999,43.119999,565400
4900,2019-06-26,43.18,44.419998,42.970001,43.68,763400
4901,2019-06-27,44.41,44.830002,43.68,44.790001,484000
4902,2019-06-28,45.130001,45.459999,44.720001,45.27,766900
4903,2019-07-01,46.060001,46.18,45.209999,45.59,513500
4904,2019-07-02,45.310001,45.310001,44.23,44.470001,654600
4905,2019-07-03,44.610001,45.650002,44.290001,45.110001,1609800
4906,2019-07-05,44.73,44.990002,44.200001,44.759998,431400
4907,2019-07-08,44.599998,44.869999,43.66,43.91,453300
4908,2019-07-09,43.73,43.950001,43.43,43.889999,463200
4909,2019-07-10,44.049999,44.459999,42.09,43.580002,673800
4910,2019-07-11,43.360001,43.48,42.41,42.68,867200
4911,2019-07-12,42.720001,43.73,42.720001,43.490002,659000
4912,2019-07-15,43.689999,43.880001,43.139999,43.57,472500
4913,2019-07-16,41.990002,43.560001,41.57,43.290001,1209000
4914,2019-07-17,43.189999,43.799999,42.970001,43.080002,480800
4915,2019-07-18,42.98,43.369999,42.75,43.189999,338200
4916,2019-07-19,43.349998,43.93,43.34,43.509998,600900
4917,2019-07-22,43.689999,44.310001,43.669998,44.060001,563800
4918,2019-07-23,44.310001,44.810001,44.169998,44.619999,487200
4919,2019-07-24,44.509998,45.84,44.509998,45.84,373100
4920,2019-07-25,45.709999,45.709999,44.599998,44.830002,539000
4921,2019-07-26,45.09,45.509998,45.040001,45.5,357500
4922,2019-07-29,45.470001,45.830002,45.09,45.790001,468700
4923,2019-07-30,45.509998,45.720001,45.150002,45.720001,411900
4924,2019-07-31,45.84,46.279999,45.41,45.419998,779000
4925,2019-08-01,45.439999,46.41,44.400002,44.790001,1090900
4926,2019-08-02,44.439999,44.439999,43.310001,43.419998,428900
4927,2019-08-05,42.529999,42.529999,40.669998,41.189999,813900
4928,2019-08-06,41.349998,42.040001,41.16,41.799999,576100
4929,2019-08-07,41.259998,41.91,40.869999,41.790001,551300
4930,2019-08-08,41.970001,43.09,41.779999,42.91,975000
4931,2019-08-09,40.060001,42.509998,39.689999,41.32,1435600
4932,2019-08-12,41.009998,41.470001,40.709999,40.720001,753800
4933,2019-08-13,40.669998,42.130001,40.5,41.34,1196400
4934,2019-08-14,40.549999,40.91,39.639999,39.720001,1024900
4935,2019-08-15,39.759998,40.02,39.279999,39.32,915100
4936,2019-08-16,39.720001,41.220001,39.720001,40.990002,990900
4937,2019-08-19,42.009998,42.299999,41.57,41.599998,1093300
4938,2019-08-20,41.529999,41.779999,41.119999,41.150002,701100
4939,2019-08-21,41.689999,41.919998,41.18,41.799999,841300
4940,2019-08-22,41.970001,42.41,41.77,42.209999,671800
4941,2019-08-23,41.73,42.27,40.360001,40.5,701900
4942,2019-08-26,40.849998,41.029999,40.650002,40.84,513100
4943,2019-08-27,41.099998,41.099998,39.93,40.080002,831800
4944,2019-08-28,39.869999,40.169998,39.619999,39.950001,967000
4945,2019-08-29,40.639999,41.919998,40.240002,41.639999,818200
4946,2019-08-30,42.029999,42.139999,41.5,41.889999,597600
4947,2019-09-03,41.610001,41.790001,41.029999,41.669998,651500
4948,2019-09-04,42.43,42.720001,42.220001,42.540001,733200
4949,2019-09-05,43.169998,44.490002,43.169998,44.0,532700
4950,2019-09-06,43.959999,44.290001,43.720001,43.82,601000
4951,2019-09-09,43.959999,44.369999,43.830002,44.23,860000
4952,2019-09-10,44.080002,44.369999,43.580002,44.189999,1244500
4953,2019-09-11,44.490002,44.91,43.740002,44.849998,676600
4954,2019-09-12,44.900002,45.040001,44.130001,44.779999,1183200
4955,2019-09-13,45.16,45.23,44.5,44.689999,552900
4956,2019-09-16,44.349998,44.810001,44.290001,44.470001,499400
4957,2019-09-17,44.130001,44.700001,43.400002,44.02,734000
4958,2019-09-18,43.970001,44.200001,43.349998,44.09,617200
4959,2019-09-19,44.040001,44.310001,43.299999,43.41,879900
4960,2019-09-20,43.639999,44.080002,43.220001,43.299999,1717200
4961,2019-09-23,43.110001,44.470001,42.93,44.189999,907100
4962,2019-09-24,44.560001,44.669998,43.16,43.220001,737200
4963,2019-09-25,43.459999,44.43,43.459999,44.200001,890300
4964,2019-09-26,44.150002,44.389999,43.689999,44.119999,549200
4965,2019-09-27,44.400002,44.77,43.779999,44.099998,580300
4966,2019-09-30,44.32,44.549999,43.84,44.490002,620100
4967,2019-10-01,44.779999,45.16,43.529999,43.709999,538000
4968,2019-10-02,43.400002,43.599998,42.98,43.310001,494000
4969,2019-10-03,43.32,43.830002,42.700001,43.810001,460800
4970,2019-10-04,38.73,40.07,37.889999,39.900002,2841700
4971,2019-10-07,39.68,40.48,39.439999,40.049999,1065900
4972,2019-10-08,39.66,40.169998,39.18,39.209999,1024900
4973,2019-10-09,39.619999,39.91,39.349998,39.560001,731900
4974,2019-10-10,39.669998,40.290001,39.389999,39.830002,1586300
4975,2019-10-11,40.52,41.099998,40.259998,40.34,987100
4976,2019-10-14,40.07,40.700001,40.02,40.48,828700
4977,2019-10-15,40.580002,41.59,40.419998,41.040001,1177600
4978,2019-10-16,41.290001,42.0,41.150002,41.279999,1151400
4979,2019-10-17,41.32,41.779999,41.049999,41.639999,1373400
4980,2019-10-18,41.560001,41.869999,41.299999,41.34,853100
4981,2019-10-21,41.68,42.130001,41.400002,41.509998,1940600
4982,2019-10-22,41.5,41.82,41.049999,41.369999,1069300
4983,2019-10-23,41.27,41.27,40.73,40.889999,1501800
4984,2019-10-24,41.099998,41.18,39.82,40.380001,2030800
4985,2019-10-25,37.0,40.389999,36.82,39.169998,3016000
4986,2019-10-28,39.029999,40.130001,39.029999,39.860001,1609500
4987,2019-10-29,39.889999,40.330002,39.779999,39.970001,953400
4988,2019-10-30,40.119999,40.25,38.810001,39.599998,1529600
4989,2019-10-31,39.549999,39.860001,39.009998,39.560001,1205500
4990,2019-11-01,39.93,40.32,39.459999,40.049999,944000
4991,2019-11-04,40.540001,41.290001,40.419998,41.200001,1225000
4992,2019-11-05,41.290001,42.02,41.279999,41.52,1302900
4993,2019-11-06,41.48,41.580002,40.490002,41.029999,1047400
4994,2019-11-07,41.59,41.939999,41.099998,41.860001,1274200
4995,2019-11-08,41.639999,41.98,41.299999,41.950001,728400
4996,2019-11-11,41.68,42.040001,41.380001,41.400002,1345900
4997,2019-11-12,41.380001,41.560001,40.740002,40.970001,1100500
4998,2019-11-13,40.75,41.290001,40.740002,40.98,676200
4999,2019-11-14,40.459999,40.900002,39.490002,40.560001,832600
5000,2019-11-15,40.93,41.200001,40.57,41.009998,479400
5001,2019-11-18,40.740002,40.950001,40.400002,40.57,417200
5002,2019-11-19,40.790001,41.0,40.279999,40.529999,719500
5003,2019-11-20,40.48,40.759998,39.84,40.419998,888100
5004,2019-11-21,40.400002,40.669998,40.130001,40.619999,886100
5005,2019-11-22,40.700001,40.950001,40.32,40.400002,536800
5006,2019-11-25,40.540001,41.27,40.32,41.07,570300
5007,2019-11-26,41.0,41.400002,40.779999,41.099998,638200
5008,2019-11-27,41.299999,41.48,41.09,41.32,385600
5009,2019-11-29,41.049999,41.259998,40.619999,40.650002,276900
5010,2019-12-02,40.720001,41.110001,40.529999,40.700001,671200
5011,2019-12-03,39.799999,39.970001,39.23,39.5,1202400
5012,2019-12-04,39.790001,40.91,39.790001,40.630001,957200
5013,2019-12-05,40.68,41.150002,40.68,41.080002,707600
5014,2019-12-06,41.549999,41.889999,41.259998,41.369999,752600
5015,2019-12-09,41.380001,41.450001,40.990002,40.990002,633000
5016,2019-12-10,41.049999,41.16,40.75,41.0,1311400
5017,2019-12-11,41.200001,41.73,41.150002,41.700001,565000
5018,2019-12-12,41.639999,42.669998,41.450001,42.619999,444200
5019,2019-12-13,42.619999,42.98,42.130001,42.290001,669900
5020,2019-12-16,42.59,42.84,42.330002,42.779999,1073000
5021,2019-12-17,42.77,43.0,42.139999,42.419998,735600
5022,2019-12-18,42.400002,42.400002,41.830002,41.880001,1003800
5023,2019-12-19,41.84,42.610001,41.52,42.34,897800
5024,2019-12-20,42.439999,42.759998,42.16,42.310001,1494200
5025,2019-12-23,42.509998,42.689999,42.18,42.470001,478600
5026,2019-12-24,42.389999,42.669998,42.34,42.540001,198300
5027,2019-12-26,42.66,42.779999,42.439999,42.59,401400
5028,2019-12-27,42.66,42.709999,42.259998,42.529999,356700
5029,2019-12-30,42.509998,42.630001,42.25,42.419998,505100
5030,2019-12-31,42.34,42.66,42.27,42.439999,433000
5031,2020-01-02,42.98,42.98,42.150002,42.720001,654500
5032,2020-01-03,42.07,42.23,41.650002,42.009998,599100
5033,2020-01-06,41.5,41.84,41.360001,41.549999,1162000
5034,2020-01-07,41.57,42.189999,41.34,42.139999,1092500
5035,2020-01-08,42.150002,42.380001,41.720001,42.119999,1426000
5036,2020-01-09,42.330002,42.650002,42.029999,42.619999,548600
5037,2020-01-10,42.810001,42.830002,42.369999,42.470001,425700
5038,2020-01-13,41.639999,42.57,41.580002,42.560001,577800
5039,2020-01-14,42.5,42.57,41.75,41.98,989200
5040,2020-01-15,41.860001,42.25,41.790001,41.990002,485800
5041,2020-01-16,42.27,42.459999,42.040001,42.189999,650000
5042,2020-01-17,42.290001,42.299999,41.59,41.860001,668000
5043,2020-01-21,41.18,41.689999,41.009998,41.220001,783100
5044,2020-01-22,41.389999,41.700001,41.259998,41.470001,1096500
5045,2020-01-23,41.43,41.689999,40.830002,41.150002,1367000
5046,2020-01-24,41.790001,42.889999,41.200001,41.939999,1536500
5047,2020-01-27,41.18,41.630001,40.130001,40.439999,1291400
5048,2020-01-28,40.779999,41.040001,39.66,39.709999,1142100
5049,2020-01-29,39.790001,40.16,38.560001,38.57,996900
5050,2020-01-30,38.200001,38.740002,37.48,37.84,880000
5051,2020-01-31,37.619999,37.619999,36.259998,36.490002,1290800
5052,2020-02-03,36.52,36.950001,36.48,36.639999,787900
5053,2020-02-04,37.240002,37.369999,36.630001,36.84,812700
5054,2020-02-05,37.200001,37.57,37.060001,37.34,561700
5055,2020-02-06,37.439999,37.77,36.990002,37.139999,705300
5056,2020-02-07,36.869999,37.759998,35.93,35.970001,601200
5057,2020-02-10,35.740002,36.18,35.450001,35.860001,1167700
5058,2020-02-11,36.0,36.619999,35.889999,36.32,517200
5059,2020-02-12,36.529999,37.040001,36.5,36.869999,696800
5060,2020-02-13,36.490002,36.82,36.119999,36.73,708900
5061,2020-02-14,36.779999,36.889999,36.299999,36.369999,535500
5062,2020-02-18,36.110001,36.220001,35.060001,35.450001,922600
5063,2020-02-19,35.630001,35.919998,35.52,35.799999,669200
5064,2020-02-20,35.700001,36.169998,35.66,36.119999,502700
5065,2020-02-21,36.049999,36.07,35.540001,35.580002,1471100
5066,2020-02-24,34.470001,34.91,33.82,33.950001,871500
5067,2020-02-25,34.060001,34.189999,32.630001,32.880001,1152800
5068,2020-02-26,33.23,33.630001,32.450001,32.490002,952200
5069,2020-02-27,31.73,32.169998,31.040001,31.1,1171200
5070,2020-02-28,30.08,31.799999,29.98,30.68,1517800
5071,2020-03-02,30.73,31.540001,30.25,31.52,1037400
5072,2020-03-03,31.299999,32.290001,30.67,30.940001,811100
5073,2020-03-04,31.32,31.4,30.34,31.26,949400
5074,2020-03-05,30.280001,30.610001,29.610001,30.08,850600
5075,2020-03-06,29.09,31.1,29.040001,30.200001,2074100
5076,2020-03-09,28.26,28.75,27.51,27.889999,1625000
5077,2020-03-10,28.719999,29.33,27.889999,29.27,1531700
5078,2020-03-11,28.34,28.799999,27.610001,28.280001,1489300
5079,2020-03-12,26.24,26.27,23.219999,23.440001,1316700
5080,2020-03-13,25.18,26.709999,24.059999,26.700001,1538200
5081,2020-03-16,23.219999,26.65,23.219999,23.559999,1143500
5082,2020-03-17,24.040001,25.0,21.73,24.75,1746800
5083,2020-03-18,22.98,23.91,17.85,19.790001,1527600
5084,2020-03-19,19.719999,22.299999,18.6,21.959999,1087700
5085,2020-03-20,22.950001,24.4,22.23,23.049999,2980700
5086,2020-03-23,23.360001,24.35,22.07,22.99,1339900
5087,2020-03-24,24.219999,25.65,23.93,25.49,941600
5088,2020-03-25,25.68,26.35,23.950001,25.18,1287500
5089,2020-03-26,25.620001,27.059999,24.76,26.870001,905300
5090,2020-03-27,25.77,25.85,24.129999,24.25,856000
5091,2020-03-30,24.690001,25.610001,23.65,25.370001,751800
5092,2020-03-31,25.5,26.23,24.639999,25.1,980500
5093,2020-04-01,24.120001,25.17,23.52,24.65,1102000
5094,2020-04-02,24.629999,25.42,24.389999,25.34,601000
5095,2020-04-03,25.67,25.690001,24.540001,24.959999,1060300
5096,2020-04-06,26.290001,27.17,25.92,27.049999,582500
5097,2020-04-07,28.280001,29.02,26.6,26.99,921100
5098,2020-04-08,27.540001,28.33,27.09,28.040001,1258000
5099,2020-04-09,28.85,29.200001,27.879999,28.219999,731300
5100,2020-04-13,28.379999,28.379999,27.24,27.719999,833700
5101,2020-04-14,28.25,28.620001,27.690001,28.01,831800
5102,2020-04-15,26.91,27.139999,25.93,26.51,1085500
5103,2020-04-16,26.82,27.469999,26.059999,27.42,1045500
5104,2020-04-17,28.040001,28.870001,27.690001,27.92,567400
5105,2020-04-20,28.0,28.0,26.709999,26.870001,496900
5106,2020-04-21,26.15,26.59,25.780001,26.02,923200
5107,2020-04-22,26.450001,27.209999,26.219999,26.870001,434900
5108,2020-04-23,27.059999,27.85,27.059999,27.299999,480300
5109,2020-04-24,27.209999,28.190001,27.200001,28.139999,449400
5110,2020-04-27,28.15,29.809999,28.15,29.52,582200
5111,2020-04-28,30.91,32.040001,28.0,29.129999,1652000
5112,2020-04-29,29.75,30.870001,29.25,30.290001,1174600
5113,2020-04-30,30.049999,30.74,29.540001,30.02,1307500
5114,2020-05-01,29.49,29.950001,29.290001,29.790001,1022100
5115,2020-05-04,29.379999,29.719999,28.5,28.860001,851800
5116,2020-05-05,29.76,29.950001,28.34,28.370001,1054400
5117,2020-05-06,28.709999,28.74,27.870001,28.07,1358100
5118,2020-05-07,28.389999,28.629999,28.040001,28.219999,754900
5119,2020-05-08,28.040001,29.200001,28.040001,28.879999,2398300
5120,2020-05-11,28.620001,28.780001,27.629999,28.299999,1314800
5121,2020-05-12,28.57,28.83,27.35,27.370001,884900
5122,2020-05-13,27.1,27.870001,25.690001,25.92,1363400
5123,2020-05-14,25.559999,26.200001,24.719999,26.139999,1047900
5124,2020-05-15,25.85,26.299999,25.26,25.4,933100
5125,2020-05-18,26.27,27.25,25.92,27.15,1655300
5126,2020-05-19,27.01,27.889999,26.65,27.26,1175300
5127,2020-05-20,27.610001,28.35,27.540001,27.950001,753300
5128,2020-05-21,27.84,28.5,27.610001,27.709999,1412700
5129,2020-05-22,27.610001,27.610001,26.690001,27.370001,1097900
5130,2020-05-26,28.26,29.35,27.75,28.92,763300
5131,2020-05-27,29.389999,29.629999,28.51,28.620001,790900
5132,2020-05-28,28.74,28.799999,27.43,27.58,1087900
5133,2020-05-29,27.34,27.5,26.75,27.24,925000
5134,2020-06-01,27.17,28.040001,27.040001,27.6,737600
5135,2020-06-02,27.559999,28.129999,27.26,28.120001,696100
5136,2020-06-03,28.610001,29.93,28.309999,29.629999,840600
5137,2020-06-04,29.32,30.08,29.26,29.879999,1157200
5138,2020-06-05,30.85,31.309999,29.93,30.049999,1338600
5139,2020-06-08,30.51,31.860001,30.469999,31.75,930200
5140,2020-06-09,31.41,31.41,30.35,30.549999,1095100
5141,2020-06-10,30.66,30.66,28.530001,28.610001,1016300
5142,2020-06-11,27.35,27.459999,26.440001,26.49,1734400
5143,2020-06-12,27.65,27.99,26.59,27.33,804300
5144,2020-06-15,26.290001,27.6,26.18,27.35,1314500
5145,2020-06-16,28.32,28.67,27.4,27.92,771800
5146,2020-06-17,27.93,27.940001,26.91,27.26,717600
5147,2020-06-18,27.01,27.620001,26.549999,27.030001,705200
5148,2020-06-19,27.280001,27.65,26.6,26.93,1195300
5149,2020-06-22,26.84,27.950001,26.1,27.870001,1930000
5150,2020-06-23,28.33,28.790001,28.01,28.25,1333600
5151,2020-06-24,27.98,27.98,26.91,26.950001,2777700
5152,2020-06-25,26.889999,26.889999,25.200001,26.17,1742900
5153,2020-06-26,25.93,26.32,25.77,26.040001,1533600
5154,2020-06-29,26.299999,27.1,26.110001,27.07,816200
5155,2020-06-30,27.08,28.08,26.76,27.889999,958200
5156,2020-07-01,28.01,28.24,26.83,26.9,954200
5157,2020-07-02,27.27,27.57,26.74,26.860001,769900
5158,2020-07-06,27.42,27.68,26.940001,27.209999,1819900
5159,2020-07-07,26.93,27.16,26.379999,26.440001,1293100
5160,2020-07-08,26.309999,26.879999,26.309999,26.549999,1003200
5161,2020-07-09,26.459999,26.73,25.98,26.299999,1420300
5162,2020-07-10,26.360001,26.719999,26.219999,26.459999,771500
5163,2020-07-13,26.450001,26.65,25.98,26.01,1284600
5164,2020-07-14,25.92,25.92,25.16,25.700001,899500
5165,2020-07-15,26.280001,26.67,25.98,26.58,674400
5166,2020-07-16,26.459999,26.66,25.959999,26.09,554100
5167,2020-07-17,26.110001,26.34,25.709999,25.91,964500
5168,2020-07-20,25.790001,26.040001,25.610001,25.91,565200
5169,2020-07-21,25.879999,26.51,25.58,25.74,823100
5170,2020-07-22,25.620001,26.309999,25.620001,25.99,728800
5171,2020-07-23,25.92,26.690001,25.799999,26.52,862200
5172,2020-07-24,26.389999,26.780001,26.030001,26.120001,523200
5173,2020-07-27,26.07,26.75,25.860001,26.719999,1010800
5174,2020-07-28,26.67,26.709999,26.01,26.07,635500
5175,2020-07-29,26.07,26.82,25.93,26.68,682100
5176,2020-07-30,26.110001,26.790001,25.93,26.74,511000
5177,2020-07-31,26.76,26.76,26.26,26.719999,518900
5178,2020-08-03,26.940001,27.870001,26.639999,27.02,542100
5179,2020-08-04,27.92,29.07,27.6,28.799999,1419700
5180,2020-08-05,29.02,29.1,28.540001,28.940001,1482200
5181,2020-08-06,29.1,29.59,28.77,28.92,931800
5182,2020-08-07,30.09,30.09,28.6,29.219999,1059100
5183,2020-08-10,28.969999,29.23,28.34,28.540001,1051500
5184,2020-08-11,28.940001,29.67,28.76,28.85,762600
5185,2020-08-12,29.059999,29.309999,28.52,28.780001,656200
5186,2020-08-13,28.65,28.76,28.02,28.23,602500
5187,2020-08-14,28.110001,28.379999,27.73,28.370001,431800
5188,2020-08-17,28.58,28.809999,28.02,28.059999,1075100
5189,2020-08-18,28.17,28.17,27.1,27.18,706400
5190,2020-08-19,27.110001,27.65,26.950001,27.48,570000
5191,2020-08-20,27.25,27.25,26.629999,26.83,694700
5192,2020-08-21,26.6,26.870001,26.41,26.67,671800
5193,2020-08-24,26.940001,27.9,26.940001,27.9,650400
5194,2020-08-25,27.959999,28.16,27.309999,27.639999,489800
5195,2020-08-26,27.68,27.809999,26.950001,27.51,785700
5196,2020-08-27,27.629999,27.76,27.18,27.450001,339900
5197,2020-08-28,27.389999,28.120001,27.290001,28.120001,524900
5198,2020-08-31,28.190001,28.34,27.51,27.51,561500
5199,2020-09-01,27.41,27.99,27.110001,27.68,450400
5200,2020-09-02,27.73,29.0,27.73,28.93,541800
5201,2020-09-03,29.389999,29.99,28.719999,28.85,1051100
5202,2020-09-04,29.08,29.26,27.84,28.17,676400
5203,2020-09-08,27.66,27.66,26.719999,26.879999,701300
5204,2020-09-09,27.01,27.84,26.950001,27.48,574700
5205,2020-09-10,27.639999,28.110001,27.299999,27.42,594800
5206,2020-09-11,27.620001,27.700001,27.08,27.370001,583800
5207,2020-09-14,28.02,28.34,27.709999,27.93,477400
5208,2020-09-15,28.040001,28.379999,27.540001,27.59,495600
5209,2020-09-16,27.809999,28.110001,27.57,27.620001,601400
5210,2020-09-17,27.18,27.9,27.07,27.52,656100
5211,2020-09-18,27.76,28.030001,26.82,27.059999,1294900
5212,2020-09-21,26.4,26.440001,25.35,25.99,684600
5213,2020-09-22,25.84,26.4,25.84,26.01,672300
5214,2020-09-23,26.0,26.360001,25.030001,25.049999,1099400
5215,2020-09-24,24.870001,25.639999,24.530001,25.43,887700
5216,2020-09-25,25.23,25.610001,24.93,25.48,426100
5217,2020-09-28,26.049999,26.4,25.82,26.290001,454700
5218,2020-09-29,26.16,26.450001,25.68,25.870001,480900
5219,2020-09-30,26.049999,26.459999,25.65,25.84,692700
5220,2020-10-01,25.879999,26.389999,25.77,26.309999,539100
5221,2020-10-02,25.790001,26.299999,25.75,25.969999,742000
5222,2020-10-05,26.16,26.91,26.16,26.469999,1167300
5223,2020-10-06,26.52,27.01,26.200001,26.27,614700
5224,2020-10-07,26.440001,27.92,26.33,27.780001,951500
5225,2020-10-08,28.049999,28.049999,27.34,27.65,470700
5226,2020-10-09,28.02,28.09,27.549999,28.07,479100
5227,2020-10-12,28.09,28.469999,27.98,28.42,779500
5228,2020-10-13,28.139999,28.969999,28.139999,28.719999,1251700
5229,2020-10-14,28.92,29.26,28.65,28.75,598100
5230,2020-10-15,28.889999,28.889999,28.049999,28.73,446500
5231,2020-10-16,28.780001,29.219999,28.610001,28.700001,426900
5232,2020-10-19,28.84,29.110001,28.129999,28.23,378400
5233,2020-10-20,28.34,28.879999,27.879999,28.0,408200
5234,2020-10-21,27.889999,28.17,27.469999,27.49,728800
5235,2020-10-22,27.440001,27.940001,27.33,27.74,661000
5236,2020-10-23,27.76,27.82,27.27,27.719999,485400
5237,2020-10-26,27.370001,27.68,26.049999,26.51,1244300
5238,2020-10-27,26.27,26.610001,25.870001,26.02,1457500
5239,2020-10-28,25.469999,25.75,24.68,24.91,1298500
5240,2020-10-29,24.870001,25.92,24.51,24.66,980300
5241,2020-10-30,24.51,24.959999,24.299999,24.67,811200
5242,2020-11-02,24.959999,25.860001,24.700001,25.780001,770300
5243,2020-11-03,26.219999,26.48,26.049999,26.299999,556800
5244,2020-11-04,26.16,26.450001,25.459999,25.75,697300
5245,2020-11-05,26.09,26.969999,25.799999,26.629999,765000
5246,2020-11-06,26.700001,26.92,26.35,26.74,487500
5247,2020-11-09,27.5,28.82,27.35,28.209999,793900
5248,2020-11-10,28.08,28.6,27.700001,28.27,726200
5249,2020-11-11,28.48,28.629999,27.73,28.549999,740100
5250,2020-11-12,28.280001,28.809999,27.540001,27.809999,539900
5251,2020-11-13,28.200001,28.950001,27.879999,28.75,526900
5252,2020-11-16,28.73,29.950001,28.73,29.85,572200
5253,2020-11-17,29.42,29.65,28.84,29.379999,481800
5254,2020-11-18,29.52,29.76,28.790001,28.809999,420800
5255,2020-11-19,28.67,28.889999,28.190001,28.82,481400
5256,2020-11-20,28.620001,28.860001,28.389999,28.74,473500
5257,2020-11-23,29.33,29.780001,29.09,29.66,482600
5258,2020-11-24,29.950001,31.190001,29.57,31.059999,1103900
5259,2020-11-25,31.02,31.02,30.26,30.49,858900
5260,2020-11-27,30.379999,31.32,30.379999,30.67,588000
5261,2020-11-30,30.690001,30.84,30.309999,30.35,1044900
5262,2020-12-01,30.360001,31.18,30.360001,31.0,782500
5263,2020-12-02,30.83,31.940001,30.530001,31.84,1187400
5264,2020-12-03,31.74,32.5,31.549999,32.32,801200
5265,2020-12-04,32.580002,33.389999,32.580002,32.869999,752800
5266,2020-12-07,32.98,33.139999,32.279999,32.799999,872600
5267,2020-12-08,32.720001,33.110001,32.34,32.509998,699900
5268,2020-12-09,32.509998,32.82,31.77,31.879999,800300
5269,2020-12-10,31.5,32.080002,31.32,31.889999,453600
5270,2020-12-11,31.709999,32.049999,31.16,31.559999,677900
5271,2020-12-14,31.84,32.209999,31.66,31.690001,799200
5272,2020-12-15,31.870001,33.029999,31.719999,33.029999,727300
5273,2020-12-16,33.080002,33.299999,32.560001,33.110001,668600
5274,2020-12-17,33.130001,33.700001,32.900002,33.52,1045000
5275,2020-12-18,33.650002,34.150002,33.299999,33.869999,1618000
5276,2020-12-21,33.18,33.57,32.099998,33.509998,802900
5277,2020-12-22,33.560001,34.259998,33.459999,34.049999,1103700
5278,2020-12-23,35.09,35.09,33.639999,34.860001,1490700
5279,2020-12-24,34.799999,34.93,34.200001,34.470001,472500
5280,2020-12-28,34.849998,35.34,34.439999,35.209999,511700
5281,2020-12-29,35.389999,35.389999,34.66,34.880001,822800
5282,2020-12-30,34.860001,35.369999,34.639999,34.84,528400
5283,2020-12-31,34.68,35.380001,34.360001,35.110001,605100
5284,2021-01-04,35.25,35.630001,34.93,35.369999,1143700
5285,2021-01-05,35.18,36.48,35.18,36.150002,690000
5286,2021-01-06,36.43,37.330002,36.23,37.150002,1931800
5287,2021-01-07,37.48,37.98,36.860001,37.919998,857800
5288,2021-01-08,37.799999,38.48,37.360001,37.959999,750700
5289,2021-01-11,37.27,38.389999,37.060001,38.27,532000
5290,2021-01-12,38.419998,38.82,38.259998,38.470001,710800
5291,2021-01-13,38.189999,38.41,37.75,38.009998,482400
5292,2021-01-14,38.139999,38.93,37.959999,38.540001,567200
5293,2021-01-15,38.450001,38.830002,38.099998,38.610001,847500
5294,2021-01-19,39.0,40.200001,38.860001,39.93,1280400
5295,2021-01-20,41.259998,42.299999,40.189999,40.389999,1363000
5296,2021-01-21,40.34,40.48,39.130001,39.580002,1145300
5297,2021-01-22,39.040001,39.5,38.610001,39.290001,1163200
5298,2021-01-25,39.290001,39.740002,38.82,39.220001,1241600
5299,2021-01-26,39.740002,39.740002,37.93,38.759998,2587200
5300,2021-01-27,37.830002,38.790001,36.799999,37.700001,1749700
5301,2021-01-28,38.110001,38.5,35.599998,35.91,1729700
5302,2021-01-29,36.09,36.639999,34.82,35.310001,2184800
5303,2021-02-01,35.560001,37.060001,35.41,36.830002,694700
5304,2021-02-02,37.389999,37.400002,36.189999,36.57,1179500
5305,2021-02-03,36.450001,37.220001,35.77,36.369999,847700
5306,2021-02-04,37.18,37.57,36.009998,37.099998,749700
5307,2021-02-05,37.5,37.959999,36.68,37.700001,735600
5308,2021-02-08,37.709999,38.549999,37.709999,38.549999,528600
5309,2021-02-09,38.580002,38.740002,38.009998,38.439999,531400
5310,2021-02-10,38.669998,39.0,38.169998,38.490002,594400
5311,2021-02-11,38.540001,38.900002,37.740002,38.849998,628500
5312,2021-02-12,38.759998,39.34,38.279999,38.900002,407800
5313,2021-02-16,38.82,39.580002,38.75,39.330002,513700
5314,2021-02-17,39.240002,39.75,38.5,38.860001,446000
5315,2021-02-18,38.689999,39.029999,37.77,37.810001,398100
5316,2021-02-19,38.049999,38.73,37.75,38.529999,697600
5317,2021-02-22,38.610001,38.610001,37.810001,37.869999,438200
5318,2021-02-23,38.639999,38.639999,36.470001,37.459999,434600
5319,2021-02-24,37.650002,38.459999,37.650002,38.139999,806700
5320,2021-02-25,37.689999,38.07,37.130001,37.330002,3023800
5321,2021-02-26,37.68,38.419998,37.139999,38.07,1424700
5322,2021-03-01,38.990002,39.790001,38.689999,39.439999,787900
5323,2021-03-02,39.290001,39.610001,38.73,38.790001,579800
5324,2021-03-03,38.880001,39.240002,38.18,38.349998,791500
5325,2021-03-04,38.16,38.849998,36.5,37.650002,1071100
5326,2021-03-05,38.169998,39.029999,36.599998,39.0,1598300
5327,2021-03-08,39.380001,39.950001,39.0,39.259998,985800
5328,2021-03-09,39.389999,39.810001,38.799999,38.970001,818600
5329,2021-03-10,39.459999,39.459999,38.540001,38.799999,894900
5330,2021-03-11,39.119999,39.369999,38.150002,39.16,1064500
5331,2021-03-12,39.810001,39.84,39.09,39.389999,624200
5332,2021-03-15,39.48,40.650002,38.990002,40.52,680800
5333,2021-03-16,40.549999,40.98,39.860001,40.23,729200
5334,2021-03-17,40.099998,41.529999,39.139999,41.450001,937900
5335,2021-03-18,41.41,42.490002,40.880001,41.009998,1134200
5336,2021-03-19,40.919998,41.360001,40.32,40.529999,1000400
5337,2021-03-22,40.380001,40.869999,39.939999,40.389999,390800
5338,2021-03-23,40.18,40.759998,38.360001,38.59,736200
5339,2021-03-24,38.959999,39.869999,38.639999,38.68,677500
5340,2021-03-25,38.299999,40.080002,38.040001,39.939999,515000
5341,2021-03-26,40.150002,41.470001,39.779999,41.400002,550700
5342,2021-03-29,40.959999,41.619999,40.23,40.41,700300
5343,2021-03-30,40.41,41.279999,40.32,41.119999,459900
5344,2021-03-31,41.009998,41.869999,41.009998,41.509998,519100
5345,2021-04-01,41.529999,42.029999,41.419998,42.02,382300
5346,2021-04-05,42.549999,43.259998,42.459999,42.98,883100
5347,2021-04-06,42.950001,43.630001,42.599998,43.490002,1376200
5348,2021-04-07,43.439999,43.700001,42.91,42.98,854800
5349,2021-04-08,42.939999,43.240002,42.669998,43.119999,952900
5350,2021-04-09,43.119999,43.32,42.990002,43.259998,802700
5351,2021-04-12,43.34,43.52,43.040001,43.330002,561700
5352,2021-04-13,43.419998,43.889999,43.419998,43.720001,1061900
5353,2021-04-14,43.700001,44.689999,43.540001,44.16,1085800
5354,2021-04-15,44.389999,44.470001,43.84,44.040001,537500
5355,2021-04-16,44.439999,44.610001,43.91,44.25,767000
5356,2021-04-19,44.299999,44.919998,43.700001,43.889999,451400
5357,2021-04-20,43.709999,43.759998,42.799999,43.049999,532600
5358,2021-04-21,43.07,43.799999,42.860001,43.66,701100
5359,2021-04-22,43.43,44.259998,43.189999,43.470001,727300
5360,2021-04-23,43.959999,44.369999,43.48,44.169998,348600
5361,2021-04-26,44.48,44.66,44.189999,44.459999,429000
5362,2021-04-27,44.490002,44.759998,44.16,44.369999,479300
5363,2021-04-28,44.400002,44.400002,43.52,43.650002,704200
5364,2021-04-29,44.169998,44.709999,43.790001,44.169998,787400
5365,2021-04-30,44.549999,44.549999,43.43,43.919998,821900
5366,2021-05-03,44.5,44.630001,43.709999,43.759998,572200
5367,2021-05-04,43.43,43.93,42.450001,42.720001,1072800
5368,2021-05-05,42.959999,43.240002,42.450001,43.060001,1876300
5369,2021-05-06,43.02,43.68,42.369999,43.5,1648800
5370,2021-05-07,43.349998,44.810001,43.18,44.75,1413800
5371,2021-05-10,44.939999,45.32,44.09,44.119999,739300
5372,2021-05-11,43.09,43.349998,42.060001,42.77,1057900
5373,2021-05-12,42.389999,42.580002,41.279999,41.32,841700
5374,2021-05-13,41.540001,42.860001,41.540001,42.450001,777400
5375,2021-05-14,42.75,43.630001,42.459999,43.470001,555200
5376,2021-05-17,43.209999,44.240002,42.700001,44.080002,539900
5377,2021-05-18,44.09,44.290001,43.57,43.650002,553400
5378,2021-05-19,42.810001,43.950001,42.610001,43.91,567900
5379,2021-05-20,43.950001,44.59,43.450001,44.549999,769500
5380,2021-05-21,44.779999,45.0,44.349998,44.580002,327000
5381,2021-05-24,44.779999,45.080002,43.700001,44.860001,473400
5382,2021-05-25,45.09,45.43,44.200001,44.299999,386100
5383,2021-05-26,44.689999,44.880001,44.18,44.450001,442600
5384,2021-05-27,44.84,45.0,44.41,44.470001,685100
5385,2021-05-28,44.59,44.59,43.639999,44.060001,713900
5386,2021-06-01,44.400002,44.630001,43.849998,44.299999,685200
5387,2021-06-02,44.540001,44.59,43.880001,44.189999,541500
5388,2021-06-03,43.830002,44.0,43.560001,43.700001,729900
5389,2021-06-04,43.93,44.049999,43.610001,43.950001,585700
5390,2021-06-07,43.950001,44.040001,43.060001,43.48,622100
5391,2021-06-08,43.279999,44.009998,43.02,43.939999,614400
5392,2021-06-09,44.110001,44.240002,43.799999,43.869999,672700
5393,2021-06-10,44.049999,44.169998,43.419998,43.470001,993800
5394,2021-06-11,43.68,44.029999,43.529999,43.919998,530100
5395,2021-06-14,43.91,43.990002,42.509998,42.540001,432000
5396,2021-06-15,42.630001,42.880001,42.470001,42.560001,564000
5397,2021-06-16,42.43,42.880001,41.84,42.18,614800
5398,2021-06-17,42.189999,42.5,40.459999,40.630001,684900
5399,2021-06-18,39.990002,40.389999,38.830002,38.849998,978300
5400,2021-06-21,39.009998,39.950001,39.0,39.419998,729300
5401,2021-06-22,39.209999,39.290001,38.639999,38.830002,564300
5402,2021-06-23,38.830002,39.740002,38.759998,39.330002,876100
5403,2021-06-24,39.59,39.889999,39.25,39.810001,493300
5404,2021-06-25,39.779999,40.59,39.669998,40.34,1135200
5405,2021-06-28,40.34,40.419998,39.950001,40.240002,751800
5406,2021-06-29,40.25,40.619999,40.060001,40.360001,732400
5407,2021-06-30,40.23,40.369999,39.779999,40.080002,818600
5408,2021-07-01,40.27,40.689999,39.959999,40.240002,433100
5409,2021-07-02,40.049999,40.450001,39.669998,40.029999,675500
5410,2021-07-06,39.98,39.98,38.439999,38.93,1303400
5411,2021-07-07,38.860001,39.490002,38.610001,39.130001,738600
5412,2021-07-08,38.310001,39.220001,37.950001,38.66,598100
5413,2021-07-09,39.040001,39.939999,39.040001,39.57,516700
5414,2021-07-12,39.290001,39.669998,39.209999,39.580002,501300
5415,2021-07-13,39.41,39.630001,39.150002,39.369999,788700
5416,2021-07-14,39.740002,40.189999,39.259998,39.369999,472100
5417,2021-07-15,39.150002,39.75,38.740002,39.75,1596100
5418,2021-07-16,40.080002,40.110001,38.790001,38.939999,942200
5419,2021-07-19,38.040001,38.509998,37.630001,38.23,627600
5420,2021-07-20,38.41,39.549999,38.16,39.27,670600
5421,2021-07-21,39.759998,40.889999,39.75,40.240002,731800
5422,2021-07-22,39.970001,40.279999,39.27,39.330002,659000
5423,2021-07-23,39.490002,40.049999,39.299999,39.990002,332600
5424,2021-07-26,40.130001,40.75,40.130001,40.5,436100
5425,2021-07-27,40.310001,40.52,39.82,40.209999,314100
5426,2021-07-28,40.25,40.720001,39.919998,40.419998,521100
5427,2021-07-29,40.869999,41.32,40.810001,41.060001,326200
5428,2021-07-30,40.759998,41.41,40.720001,41.32,495200
5429,2021-08-02,41.360001,41.98,40.77,40.849998,493300
5430,2021-08-03,40.91,42.040001,40.299999,41.970001,803600
5431,2021-08-04,41.830002,41.830002,41.220001,41.34,462800
5432,2021-08-05,41.560001,41.650002,40.950001,41.150002,503100
5433,2021-08-06,41.549999,42.029999,41.400002,41.799999,419400
5434,2021-08-09,41.849998,41.849998,41.32,41.549999,370500
5435,2021-08-10,41.740002,42.040001,41.139999,41.919998,337600
5436,2021-08-11,41.919998,42.279999,41.5,42.169998,396800
5437,2021-08-12,42.169998,42.360001,40.310001,41.77,840500
5438,2021-08-13,41.57,41.93,40.689999,40.84,722500
5439,2021-08-16,40.330002,40.75,39.939999,40.580002,609100
5440,2021-08-17,40.209999,40.470001,39.779999,40.41,330300
5441,2021-08-18,40.18,40.470001,39.779999,39.84,506600
5442,2021-08-19,39.400002,39.540001,38.82,39.150002,646800
5443,2021-08-20,39.169998,39.639999,39.040001,39.580002,296300
5444,2021-08-23,39.82,39.91,39.18,39.619999,643100
5445,2021-08-24,39.639999,40.130001,39.57,39.639999,399900
5446,2021-08-25,39.700001,40.639999,39.59,40.450001,619700
5447,2021-08-26,40.57,40.799999,40.34,40.459999,434500
5448,2021-08-27,40.25,41.389999,40.150002,41.139999,383900
5449,2021-08-30,41.169998,41.360001,40.84,40.91,305000
5450,2021-08-31,41.009998,41.189999,40.380001,40.459999,562300
5451,2021-09-01,40.580002,40.580002,39.740002,39.810001,333600
5452,2021-09-02,39.849998,40.049999,39.5,39.639999,382000
5453,2021-09-03,39.349998,39.52,39.02,39.220001,517000
5454,2021-09-07,39.119999,39.25,38.849998,38.900002,336700
5455,2021-09-08,38.740002,38.740002,38.119999,38.560001,497000
5456,2021-09-09,38.630001,39.209999,38.48,38.59,407400
5457,2021-09-10,38.68,39.259998,38.68,38.759998,595700
5458,2021-09-13,38.950001,39.060001,37.950001,38.470001,818100
5459,2021-09-14,38.509998,38.509998,37.73,38.099998,456400
5460,2021-09-15,38.060001,38.349998,37.639999,38.150002,675700
5461,2021-09-16,38.150002,38.59,37.759998,37.950001,844300
5462,2021-09-17,37.779999,38.279999,36.720001,37.040001,1726900
5463,2021-09-20,36.639999,37.0,36.060001,36.689999,826500
5464,2021-09-21,36.889999,37.049999,36.279999,36.299999,670100
5465,2021-09-22,36.689999,37.139999,36.439999,36.82,664300
5466,2021-09-23,37.0,37.650002,37.0,37.259998,587400
5467,2021-09-24,37.18,37.790001,37.060001,37.57,462100
5468,2021-09-27,37.610001,38.759998,37.610001,38.279999,463900
5469,2021-09-28,38.049999,38.200001,37.32,37.450001,737800
5470,2021-09-29,37.48,38.029999,37.0,37.470001,751700
5471,2021-09-30,37.529999,37.880001,36.939999,36.970001,562100
5472,2021-10-01,37.25,38.18,36.889999,37.849998,792000
5473,2021-10-04,37.970001,38.380001,37.299999,37.439999,741000
5474,2021-10-05,37.560001,37.91,37.439999,37.73,790400
5475,2021-10-06,37.27,37.669998,36.580002,37.66,737600
5476,2021-10-07,37.580002,37.580002,36.290001,36.41,1456000
5477,2021-10-08,36.57,37.09,36.490002,36.84,757000
5478,2021-10-11,37.0,37.459999,36.75,36.860001,649200
5479,2021-10-12,36.919998,36.959999,36.169998,36.48,569600
5480,2021-10-13,36.32,36.66,36.009998,36.610001,473600
5481,2021-10-14,37.049999,37.82,37.009998,37.689999,549900
5482,2021-10-15,38.029999,38.240002,37.439999,37.48,523300
5483,2021-10-18,37.169998,38.009998,37.09,37.68,474400
5484,2021-10-19,37.93,38.029999,37.48,38.0,428200
5485,2021-10-20,38.0,38.41,37.970001,38.009998,369500
5486,2021-10-21,37.82,38.099998,37.279999,38.049999,884000
5487,2021-10-22,38.130001,38.549999,37.830002,37.84,475700
5488,2021-10-25,37.799999,38.470001,37.669998,38.080002,463300
5489,2021-10-26,38.310001,38.310001,37.610001,37.619999,522300
5490,2021-10-27,37.630001,37.650002,36.48,36.610001,813900
5491,2021-10-28,36.75,37.439999,36.5,37.32,537000
5492,2021-10-29,38.59,39.169998,37.689999,38.110001,840200
5493,2021-11-01,38.34,39.23,38.25,39.130001,949300
5494,2021-11-02,39.279999,39.709999,38.990002,39.599998,546500
5495,2021-11-03,39.599998,40.400002,39.400002,39.900002,584100
5496,2021-11-04,40.119999,40.279999,38.869999,39.099998,628400
5497,2021-11-05,39.389999,40.529999,39.259998,40.299999,767700
5498,2021-11-08,40.34,40.43,39.220001,39.310001,603000
5499,2021-11-09,39.279999,39.400002,38.759998,38.990002,535900
5500,2021-11-10,38.849998,39.560001,38.619999,39.34,669500
5501,2021-11-11,39.470001,39.950001,39.380001,39.84,306600
5502,2021-11-12,39.810001,40.189999,39.43,39.82,391000
5503,2021-11-15,39.990002,40.029999,39.360001,39.740002,387800
5504,2021-11-16,39.880001,40.240002,39.619999,39.799999,429600
5505,2021-11-17,39.689999,39.900002,39.32,39.82,651300
5506,2021-11-18,39.860001,40.200001,38.950001,39.66,329900
5507,2021-11-19,39.360001,39.419998,38.900002,38.959999,850600
5508,2021-11-22,39.23,40.029999,38.939999,39.380001,598400
5509,2021-11-23,39.459999,39.580002,39.09,39.279999,506100
5510,2021-11-24,39.150002,39.330002,38.82,38.889999,577700
5511,2021-11-26,38.119999,38.419998,36.709999,37.150002,489600
5512,2021-11-29,37.669998,37.740002,36.919998,37.189999,589900
5513,2021-11-30,36.59,36.759998,35.709999,36.27,575500
5514,2021-12-01,37.02,37.330002,36.110001,36.110001,610200
5515,2021-12-02,36.23,37.849998,36.110001,37.52,771900
5516,2021-12-03,37.720001,38.48,37.360001,38.049999,1169100
5517,2021-12-06,38.490002,38.939999,37.91,38.25,976100
5518,2021-12-07,38.73,39.240002,38.490002,38.849998,811000
5519,2021-12-08,38.849998,39.419998,38.5,39.0,479300
5520,2021-12-09,38.740002,39.16,38.16,38.84,415800
5521,2021-12-10,39.240002,39.490002,38.529999,38.950001,650400
5522,2021-12-13,38.950001,39.139999,38.459999,38.610001,562400
5523,2021-12-14,38.540001,39.450001,38.330002,38.91,637100
5524,2021-12-15,38.830002,38.91,38.029999,38.82,688400
5525,2021-12-16,39.189999,39.48,38.650002,38.73,586100
5526,2021-12-17,38.790001,39.02,38.09,38.400002,1572900
5527,2021-12-20,37.84,38.0,37.07,37.549999,528800
5528,2021-12-21,37.860001,39.259998,37.740002,39.169998,574600
5529,2021-12-22,38.990002,39.639999,38.990002,39.619999,354300
5530,2021-12-23,39.759998,40.599998,39.689999,40.25,418300
5531,2021-12-27,40.389999,41.330002,40.32,41.299999,365700
5532,2021-12-28,41.360001,41.66,41.200001,41.290001,396600
5533,2021-12-29,41.18,41.93,41.18,41.790001,367100
5534,2021-12-30,41.490002,42.060001,41.259998,41.310001,284200
5535,2021-12-31,41.330002,41.529999,41.099998,41.23,247000
5536,2022-01-03,41.419998,41.919998,41.060001,41.099998,584500
5537,2022-01-04,41.459999,42.810001,41.189999,42.299999,631600
5538,2022-01-05,42.48,42.84,41.709999,41.740002,616500
5539,2022-01-06,42.040001,42.150002,41.439999,41.830002,342900
5540,2022-01-07,42.060001,42.470001,41.310001,41.32,655700
5541,2022-01-10,41.07,41.110001,40.0,40.689999,640300
5542,2022-01-11,40.880001,41.549999,40.450001,41.540001,506700
5543,2022-01-12,41.599998,41.830002,41.060001,41.610001,857100
5544,2022-01-13,41.84,42.240002,41.619999,42.040001,336800
5545,2022-01-14,41.630001,42.220001,41.360001,42.18,383200
5546,2022-01-18,42.080002,42.450001,41.529999,42.09,798100
5547,2022-01-19,42.110001,42.23,40.799999,40.82,671900
5548,2022-01-20,41.029999,41.470001,40.009998,40.189999,700800
5549,2022-01-21,40.0,40.119999,38.860001,39.169998,919000
5550,2022-01-24,38.82,39.919998,38.18,39.869999,795800
5551,2022-01-25,39.52,40.360001,38.189999,38.669998,957600
5552,2022-01-26,38.869999,39.91,38.549999,39.220001,1277500
5553,2022-01-27,42.09,42.650002,39.740002,39.950001,1214500
5554,2022-01-28,40.0,40.439999,38.470001,39.450001,829200
5555,2022-01-31,39.299999,40.41,39.09,40.360001,969500
5556,2022-02-01,40.43,40.759998,39.91,40.610001,609800
5557,2022-02-02,40.900002,41.630001,40.5,41.549999,769300
5558,2022-02-03,41.0,41.689999,40.779999,41.169998,1011200
5559,2022-02-04,40.98,41.369999,39.939999,40.099998,656600
5560,2022-02-07,40.32,40.509998,39.889999,40.130001,489700
5561,2022-02-08,40.310001,41.27,40.259998,41.189999,686400
5562,2022-02-09,41.32,41.599998,40.84,41.110001,511200
5563,2022-02-10,40.720001,41.34,40.400002,40.610001,463900
5564,2022-02-11,40.48,41.23,40.310001,40.630001,737500
5565,2022-02-14,40.580002,41.049999,40.389999,40.919998,746100
5566,2022-02-15,41.43,41.91,41.189999,41.869999,482500
5567,2022-02-16,41.73,42.450001,41.560001,42.330002,386900
5568,2022-02-17,42.0,42.02,41.349998,41.459999,522800
5569,2022-02-18,41.580002,41.580002,40.759998,41.279999,499600
5570,2022-02-22,41.259998,41.82,40.43,40.830002,741800
5571,2022-02-23,41.130001,41.41,40.169998,40.25,568300
5572,2022-02-24,40.009998,41.02,39.119999,40.880001,984700
5573,2022-02-25,41.080002,42.32,40.73,42.189999,502000
5574,2022-02-28,41.549999,42.349998,41.41,42.07,1016100
5575,2022-03-01,41.529999,41.810001,40.23,40.66,623900
5576,2022-03-02,40.75,42.880001,40.669998,42.669998,654600
5577,2022-03-03,42.790001,42.91,41.57,41.919998,585000
5578,2022-03-04,41.490002,41.490002,40.639999,41.099998,582800
5579,2022-03-07,40.860001,40.919998,38.599998,38.709999,660000
5580,2022-03-08,38.939999,39.59,38.349998,38.540001,777800
5581,2022-03-09,39.349998,39.990002,39.32,39.830002,401300
5582,2022-03-10,39.150002,40.040001,38.93,40.02,427500
5583,2022-03-11,40.369999,41.099998,40.060001,40.790001,619800
5584,2022-03-14,41.099998,41.91,41.07,41.73,820500
5585,2022-03-15,41.84,42.599998,41.560001,42.52,716600
5586,2022-03-16,42.869999,43.709999,42.169998,43.130001,773200
5587,2022-03-17,42.759998,43.549999,42.509998,43.369999,832400
5588,2022-03-18,42.900002,43.52,42.509998,43.310001,878700
5589,2022-03-21,43.459999,43.889999,42.869999,43.040001,575800
5590,2022-03-22,43.290001,43.639999,42.830002,43.060001,562100
5591,2022-03-23,42.84,42.849998,41.84,41.91,556400
5592,2022-03-24,42.27,42.709999,41.810001,42.619999,379200
5593,2022-03-25,42.619999,43.209999,42.459999,42.939999,359500
5594,2022-03-28,43.099998,43.099998,41.709999,42.150002,484900
5595,2022-03-29,42.25,42.889999,42.119999,42.470001,412700
5596,2022-03-30,42.240002,42.389999,41.5,41.720001,516800
5597,2022-03-31,41.720001,41.720001,40.580002,40.59,505800
5598,2022-04-01,40.810001,40.93,39.389999,39.880001,573600
5599,2022-04-04,39.880001,40.32,39.400002,40.290001,664700
5600,2022-04-05,39.93,40.169998,39.23,39.32,794700
5601,2022-04-06,39.099998,39.150002,38.009998,38.099998,986300
5602,2022-04-07,38.240002,38.41,37.09,37.700001,786700
5603,2022-04-08,37.439999,37.59,36.860001,37.119999,620200
5604,2022-04-11,36.939999,37.880001,36.849998,37.119999,443200
5605,2022-04-12,37.490002,37.869999,36.66,36.709999,506900
5606,2022-04-13,36.66,37.549999,36.66,37.389999,432700
5607,2022-04-14,37.41,37.799999,37.110001,37.130001,389500
5608,2022-04-18,37.240002,37.869999,37.09,37.720001,388200
5609,2022-04-19,37.790001,38.380001,37.75,38.369999,392000
5610,2022-04-20,38.779999,39.619999,38.75,39.52,462800
5611,2022-04-21,39.919998,40.529999,39.73,39.799999,510500
5612,2022-04-22,39.689999,39.720001,38.990002,39.139999,384800
5613,2022-04-25,38.84,39.75,37.959999,39.66,634800
5614,2022-04-26,39.32,39.799999,38.91,38.970001,715000
5615,2022-04-27,38.990002,39.709999,38.439999,39.119999,727800
5616,2022-04-28,41.360001,44.209999,40.310001,43.82,2047500
5617,2022-04-29,43.369999,45.509998,43.369999,43.66,1323500
5618,2022-05-02,43.650002,44.150002,42.939999,44.09,1132500
5619,2022-05-03,44.380001,45.669998,44.040001,45.07,1481600
5620,2022-05-04,45.279999,46.849998,44.900002,46.790001,1149800
5621,2022-05-05,46.560001,47.299999,46.189999,47.099998,1347500
5622,2022-05-06,47.130001,47.73,46.259998,47.02,1256800
5623,2022-05-09,46.400002,48.220001,46.290001,46.830002,1283400
5624,2022-05-10,47.18,47.419998,46.009998,46.529999,1007300
5625,2022-05-11,46.619999,47.490002,45.549999,45.73,779400
5626,2022-05-12,45.68,46.02,44.68,45.419998,719000
5627,2022-05-13,45.939999,47.220001,45.139999,46.900002,600100
5628,2022-05-16,46.849998,47.66,46.310001,47.150002,447300
5629,2022-05-17,47.790001,48.75,47.700001,48.439999,1178800
5630,2022-05-18,48.200001,48.34,46.880001,47.060001,708400
5631,2022-05-19,46.549999,47.279999,46.360001,46.57,612600
5632,2022-05-20,46.970001,47.110001,45.389999,46.299999,1330100
5633,2022-05-23,46.529999,47.560001,45.91,46.23,712500
5634,2022-05-24,45.849998,46.220001,44.459999,45.389999,920600
5635,2022-05-25,45.880001,46.369999,45.23,46.18,1102100
5636,2022-05-26,46.439999,47.799999,46.41,47.580002,511300
5637,2022-05-27,47.52,48.299999,47.52,48.279999,645800
5638,2022-05-31,48.130001,48.900002,47.439999,48.450001,745200
5639,2022-06-01,48.700001,48.849998,47.580002,47.77,1020300
5640,2022-06-02,47.77,48.959999,47.599998,48.919998,959300
5641,2022-06-03,48.580002,48.59,47.450001,48.09,849100
5642,2022-06-06,48.689999,50.189999,48.439999,48.959999,841000
5643,2022-06-07,48.59,49.669998,48.400002,49.07,826400
5644,2022-06-08,49.150002,49.369999,48.279999,48.400002,547900
5645,2022-06-09,48.330002,48.380001,47.18,47.290001,705300
5646,2022-06-10,46.34,47.169998,45.990002,46.349998,796500
