,Date,Open,High,Low,Close,Volume
0,2000-01-03,9.03125,9.46875,9.03125,9.3125,535200
1,2000-01-04,9.265625,9.265625,9.046875,9.125,290800
2,2000-01-05,9.15625,9.5,9.15625,9.5,532000
3,2000-01-06,9.46875,10.234375,9.453125,10.203125,1078400
4,2000-01-07,10.25,11.25,10.25,11.046875,1452400
5,2000-01-10,11.15625,11.75,11.15625,11.578125,1233600
6,2000-01-11,11.546875,11.546875,11.125,11.125,1100400
7,2000-01-12,11.140625,11.171875,11.0,11.078125,360400
8,2000-01-13,11.0625,11.5,11.0625,11.5,556800
9,2000-01-14,11.5,11.671875,11.34375,11.453125,858800
10,2000-01-18,11.515625,11.625,11.40625,11.4375,230400
11,2000-01-19,11.40625,11.421875,10.875,11.140625,782800
12,2000-01-20,12.0,12.140625,11.875,12.0,1220800
13,2000-01-21,12.015625,12.28125,11.96875,12.0,1683600
14,2000-01-24,11.96875,12.046875,11.9375,12.0,1110400
15,2000-01-25,12.015625,12.25,11.84375,11.859375,998400
16,2000-01-26,11.859375,11.984375,11.640625,11.640625,775200
17,2000-01-27,11.640625,11.875,11.5,11.5,813200
18,2000-01-28,11.5,11.640625,11.1875,11.25,526800
19,2000-01-31,11.28125,11.390625,11.0625,11.171875,377600
20,2000-02-01,11.203125,11.296875,10.9375,11.265625,574800
21,2000-02-02,11.265625,11.59375,11.21875,11.5,538000
22,2000-02-03,11.5,12.09375,11.5,12.015625,812000
23,2000-02-04,11.984375,12.359375,11.984375,12.125,808800
24,2000-02-07,12.125,12.125,11.875,11.9375,238000
25,2000-02-08,11.9375,12.234375,11.765625,11.78125,426400
26,2000-02-09,11.8125,11.984375,11.46875,11.5,371600
27,2000-02-10,11.4375,11.4375,10.828125,11.390625,766800
28,2000-02-11,11.359375,11.515625,11.25,11.3125,342400
29,2000-02-14,11.21875,11.25,11.015625,11.046875,300800
30,2000-02-15,11.0,11.75,10.90625,11.5625,1029200
31,2000-02-16,11.546875,11.546875,10.78125,10.78125,565600
32,2000-02-17,10.84375,10.84375,10.546875,10.625,774000
33,2000-02-18,10.625,10.625,10.140625,10.21875,958400
34,2000-02-22,10.21875,10.21875,9.8125,10.078125,1105600
35,2000-02-23,10.078125,10.078125,9.8125,9.96875,770000
36,2000-02-24,10.0,10.0,9.546875,9.71875,694400
37,2000-02-25,9.75,9.875,9.625,9.875,568400
38,2000-02-28,9.84375,9.859375,9.578125,9.578125,874400
39,2000-02-29,9.578125,9.921875,9.5625,9.71875,568400
40,2000-03-01,9.734375,10.0625,9.734375,10.015625,452800
41,2000-03-02,10.078125,10.484375,10.078125,10.4375,520800
42,2000-03-03,10.46875,10.46875,10.296875,10.34375,584800
43,2000-03-06,10.3125,10.34375,10.046875,10.078125,392000
44,2000-03-07,10.109375,10.109375,9.78125,9.78125,443200
45,2000-03-08,9.8125,9.8125,9.59375,9.78125,510800
46,2000-03-09,9.84375,10.0625,9.734375,10.03125,545200
47,2000-03-10,10.0,10.0,9.84375,9.875,250800
48,2000-03-13,9.90625,9.90625,9.78125,9.859375,413600
49,2000-03-14,9.875,10.0625,9.875,9.921875,345600
50,2000-03-15,9.9375,9.96875,9.828125,9.953125,475200
51,2000-03-16,10.015625,10.5,10.015625,10.4375,1466400
52,2000-03-17,10.4375,10.578125,10.234375,10.421875,433200
53,2000-03-20,10.421875,10.53125,10.34375,10.46875,408400
54,2000-03-21,10.59375,10.734375,10.546875,10.6875,198000
55,2000-03-22,10.75,11.15625,10.75,11.046875,788000
56,2000-03-23,11.03125,11.03125,10.9375,10.96875,220800
57,2000-03-24,10.9375,11.140625,10.921875,11.125,442000
58,2000-03-27,11.09375,11.09375,10.8125,10.921875,489600
59,2000-03-28,10.890625,10.90625,10.78125,10.796875,423600
60,2000-03-29,10.8125,10.984375,10.78125,10.84375,548000
61,2000-03-30,10.875,11.328125,10.875,11.328125,429200
62,2000-03-31,11.296875,12.53125,11.296875,12.25,1278000
63,2000-04-03,12.21875,12.25,12.125,12.25,462000
64,2000-04-04,12.15625,12.59375,12.15625,12.375,1647200
65,2000-04-05,12.3125,12.546875,12.3125,12.515625,906400
66,2000-04-06,12.640625,12.6875,12.59375,12.6875,758400
67,2000-04-07,12.6875,12.6875,12.5625,12.671875,389600
68,2000-04-10,12.640625,12.984375,12.625,12.921875,765200
69,2000-04-11,12.875,13.015625,12.8125,13.0,532000
70,2000-04-12,12.90625,13.53125,12.890625,13.484375,1599600
71,2000-04-13,13.5625,13.625,13.234375,13.28125,610000
72,2000-04-14,13.25,13.25,12.625,12.796875,821600
73,2000-04-17,12.78125,13.046875,12.53125,12.59375,1036000
74,2000-04-18,12.59375,13.0,12.25,13.0,1206800
75,2000-04-19,13.03125,13.140625,12.9375,13.109375,616800
76,2000-04-20,13.234375,13.5625,13.234375,13.46875,944400
77,2000-04-24,13.4375,13.453125,13.21875,13.421875,637600
78,2000-04-25,13.40625,14.078125,13.40625,13.984375,975600
79,2000-04-26,14.4375,14.4375,13.609375,13.71875,972400
80,2000-04-27,13.734375,13.734375,13.140625,13.296875,643600
81,2000-04-28,13.328125,13.6875,13.1875,13.6875,499600
82,2000-05-01,13.65625,13.859375,13.515625,13.75,914800
83,2000-05-02,13.6875,13.9375,13.671875,13.796875,502800
84,2000-05-03,13.859375,13.859375,13.1875,13.203125,374400
85,2000-05-04,13.171875,13.84375,13.15625,13.71875,921200
86,2000-05-05,13.65625,13.9375,13.59375,13.625,287600
87,2000-05-08,13.6875,13.6875,13.421875,13.65625,190400
88,2000-05-09,13.6875,13.90625,13.6875,13.875,243600
89,2000-05-10,13.84375,13.859375,13.109375,13.1875,456000
90,2000-05-11,13.21875,13.9375,13.21875,13.90625,493200
91,2000-05-12,13.875,14.125,13.390625,13.5625,360000
92,2000-05-15,13.5,14.046875,13.5,13.953125,388800
93,2000-05-16,14.046875,14.078125,13.703125,13.765625,391200
94,2000-05-17,13.578125,13.921875,13.3125,13.40625,576800
95,2000-05-18,13.421875,13.671875,13.234375,13.65625,565600
96,2000-05-19,13.75,13.84375,13.28125,13.4375,469200
97,2000-05-22,13.375,13.4375,12.9375,13.21875,367600
98,2000-05-23,13.25,13.8125,13.234375,13.734375,726800
99,2000-05-24,13.734375,14.125,13.734375,13.890625,930000
100,2000-05-25,13.9375,14.140625,13.890625,13.96875,1070800
101,2000-05-26,13.96875,14.0,13.75,13.8125,196800
102,2000-05-30,13.875,14.09375,13.75,14.0,596800
103,2000-05-31,14.0,14.0,13.28125,13.28125,995600
104,2000-06-01,13.328125,13.84375,13.328125,13.6875,575600
105,2000-06-02,13.75,14.21875,13.71875,14.109375,782400
106,2000-06-05,14.203125,14.265625,14.0,14.125,823200
107,2000-06-06,14.109375,14.15625,14.015625,14.046875,447600
108,2000-06-07,14.140625,14.140625,14.0,14.0625,534800
109,2000-06-08,14.125,14.25,14.015625,14.046875,508400
110,2000-06-09,14.0625,14.171875,14.0625,14.0625,465600
111,2000-06-12,14.15625,14.75,14.15625,14.75,399200
112,2000-06-13,14.75,14.75,13.796875,14.109375,1762800
113,2000-06-14,14.109375,14.9375,14.109375,14.859375,2845600
114,2000-06-15,14.796875,16.28125,14.765625,16.28125,3612400
115,2000-06-16,16.28125,16.53125,15.84375,16.0625,3242800
116,2000-06-19,15.9375,15.9375,15.25,15.578125,4560400
117,2000-06-20,15.640625,16.15625,15.625,16.125,4123200
118,2000-06-21,16.21875,16.28125,16.015625,16.015625,2325200
119,2000-06-22,15.953125,17.015625,15.859375,16.78125,3348400
120,2000-06-23,16.640625,16.65625,16.265625,16.515625,2262000
121,2000-06-26,16.640625,17.171875,16.640625,16.65625,1531600
122,2000-06-27,16.953125,17.375,16.953125,17.25,1161200
123,2000-06-28,17.3125,17.5,17.015625,17.484375,1740000
124,2000-06-29,17.359375,17.5625,17.25,17.515625,1351600
125,2000-06-30,17.453125,17.46875,16.375,16.375,2407600
126,2000-07-03,16.4375,16.6875,16.390625,16.65625,728000
127,2000-07-05,16.40625,17.015625,16.296875,17.0,1144000
128,2000-07-06,17.0625,17.171875,16.9375,17.03125,1083200
129,2000-07-07,17.09375,17.1875,16.875,16.953125,428800
130,2000-07-10,16.921875,17.0625,16.859375,16.96875,1042000
131,2000-07-11,16.953125,17.0,16.859375,16.953125,754800
132,2000-07-12,16.984375,17.0,16.859375,16.984375,623200
133,2000-07-13,16.921875,16.96875,16.4375,16.46875,631600
134,2000-07-14,16.53125,16.5625,16.234375,16.234375,412800
135,2000-07-17,16.234375,17.0625,16.234375,16.953125,986000
136,2000-07-18,16.53125,17.25,15.84375,17.1875,3308800
137,2000-07-19,17.1875,17.1875,16.828125,16.859375,822800
138,2000-07-20,16.828125,17.0625,16.78125,16.859375,674000
139,2000-07-21,16.828125,16.828125,16.703125,16.765625,624800
140,2000-07-24,16.796875,17.0625,16.625,16.625,991200
141,2000-07-25,16.640625,16.640625,16.0625,16.078125,728800
142,2000-07-26,16.109375,16.59375,16.109375,16.53125,719600
143,2000-07-27,16.515625,16.71875,16.421875,16.578125,488000
144,2000-07-28,16.546875,16.84375,16.53125,16.828125,729200
145,2000-07-31,16.859375,17.0625,16.421875,16.84375,1265200
146,2000-08-01,17.0,17.171875,16.859375,17.015625,2878800
147,2000-08-02,17.0,17.0,16.78125,16.96875,319200
148,2000-08-03,16.90625,17.09375,16.8125,16.984375,1192800
149,2000-08-04,16.984375,17.0625,16.921875,17.03125,2444400
150,2000-08-07,17.0,17.0,16.859375,16.921875,348400
151,2000-08-08,16.890625,17.0625,16.546875,16.75,597600
152,2000-08-09,16.71875,16.734375,16.65625,16.65625,185600
153,2000-08-10,16.625,16.953125,16.625,16.78125,500000
154,2000-08-11,16.8125,17.078125,16.8125,16.9375,1174400
155,2000-08-14,16.984375,17.0625,16.9375,17.0,1044800
156,2000-08-15,17.03125,17.203125,16.359375,16.359375,688000
157,2000-08-16,16.359375,16.859375,16.25,16.796875,594800
158,2000-08-17,16.78125,16.796875,16.296875,16.40625,355600
159,2000-08-18,16.375,16.484375,16.25,16.351563,654400
160,2000-08-21,16.375,16.375,15.8125,16.015625,772000
161,2000-08-22,16.078125,16.09375,15.859375,15.953125,414400
162,2000-08-23,15.953125,16.03125,15.875,15.96875,190800
163,2000-08-24,15.9375,16.28125,15.90625,16.15625,328400
164,2000-08-25,16.125,16.59375,16.125,16.53125,373200
165,2000-08-28,16.46875,16.75,16.4375,16.53125,326000
166,2000-08-29,16.5,16.53125,16.34375,16.53125,471600
167,2000-08-30,16.5625,17.171875,16.5,17.03125,554800
168,2000-08-31,17.09375,18.0,17.09375,17.6875,1042400
169,2000-09-01,17.6875,17.6875,17.109375,17.46875,503200
170,2000-09-05,17.4375,17.4375,17.234375,17.390625,379200
171,2000-09-06,17.234375,17.5,17.234375,17.296875,353200
172,2000-09-07,17.296875,17.296875,16.75,16.78125,449200
173,2000-09-08,16.8125,17.015625,16.8125,16.984375,366000
174,2000-09-11,16.890625,17.109375,16.890625,16.984375,342000
175,2000-09-12,17.203125,18.09375,17.1875,17.1875,1034800
176,2000-09-13,17.125,18.03125,17.125,18.0,1009600
177,2000-09-14,18.015625,18.40625,17.859375,18.0,892800
178,2000-09-15,18.0625,18.546875,17.953125,18.546875,1182400
179,2000-09-18,18.515625,19.125,18.4375,19.046875,1715200
180,2000-09-19,19.53125,21.203125,19.375,20.25,5589200
181,2000-09-20,20.3125,20.3125,19.640625,20.0,2308000
182,2000-09-21,19.96875,20.578125,19.96875,20.5,1028800
183,2000-09-22,20.46875,21.71875,20.46875,21.125,1593600
184,2000-09-25,21.15625,21.1875,20.6875,20.875,668400
185,2000-09-26,20.96875,21.5,20.9375,21.34375,1355600
186,2000-09-27,21.34375,21.5625,21.171875,21.21875,1212000
187,2000-09-28,21.21875,21.6875,21.125,21.125,1253600
188,2000-09-29,21.25,22.375,21.25,21.40625,2450000
189,2000-10-02,21.375,21.625,21.078125,21.34375,1852000
190,2000-10-03,21.6875,21.96875,21.40625,21.4375,2253200
191,2000-10-04,21.15625,21.734375,21.0,21.640625,1909600
192,2000-10-05,21.6875,22.3125,21.59375,22.21875,1799200
193,2000-10-06,22.234375,22.5,21.9375,21.96875,1010000
194,2000-10-09,22.0625,22.125,21.71875,21.765625,644800
195,2000-10-10,21.671875,22.4375,21.59375,21.8125,1526800
196,2000-10-11,21.75,21.8125,21.21875,21.640625,1280400
197,2000-10-12,21.546875,21.625,20.8125,21.5,1498400
198,2000-10-13,21.5,21.875,21.1875,21.390625,2215600
199,2000-10-16,21.390625,22.484375,21.203125,22.375,3070800
200,2000-10-17,22.515625,22.90625,20.28125,21.375,4174000
201,2000-10-18,21.28125,21.5,20.65625,20.8125,2199600
202,2000-10-19,21.1875,21.8125,21.125,21.390625,1482400
203,2000-10-20,21.453125,21.5625,21.21875,21.3125,1260400
204,2000-10-23,21.21875,21.390625,20.9375,21.015625,562800
205,2000-10-24,21.015625,21.34375,20.875,21.03125,741600
206,2000-10-25,21.09375,21.90625,21.09375,21.71875,826400
207,2000-10-26,21.703125,21.875,21.359375,21.578125,853600
208,2000-10-27,21.609375,21.75,20.53125,20.6875,1392000
209,2000-10-30,20.59375,20.84375,20.125,20.71875,2988400
210,2000-10-31,20.78125,21.234375,20.75,20.96875,1256800
211,2000-11-01,20.0,20.015625,19.3125,19.3125,3442000
212,2000-11-02,19.375,20.28125,19.21875,20.203125,2117600
213,2000-11-03,20.328125,20.328125,19.859375,20.1875,1240800
214,2000-11-06,20.21875,20.25,19.53125,20.171875,1650000
215,2000-11-07,20.3125,21.640625,20.25,21.640625,1380800
216,2000-11-08,21.609375,22.40625,21.296875,21.390625,2026000
217,2000-11-09,21.421875,21.78125,20.75,21.734375,1838400
218,2000-11-10,21.734375,22.625,21.546875,21.625,3374400
219,2000-11-13,21.671875,21.875,21.21875,21.71875,1251600
220,2000-11-14,21.6875,22.0,21.5,21.609375,2155200
221,2000-11-15,22.25,23.03125,22.1875,22.8125,3065600
222,2000-11-16,22.8125,22.8125,22.375,22.40625,1366400
223,2000-11-17,22.46875,22.796875,22.40625,22.4375,1030400
224,2000-11-20,22.1875,22.3125,21.8125,21.96875,840000
225,2000-11-21,21.96875,22.640625,21.96875,22.25,858400
226,2000-11-22,22.1875,22.1875,21.375,22.0625,1021200
227,2000-11-24,22.109375,22.109375,21.90625,22.046875,185600
228,2000-11-27,22.109375,23.0625,22.078125,22.96875,1429200
229,2000-11-28,24.125,24.890625,23.0625,23.125,3865600
230,2000-11-29,23.28125,24.34375,23.1875,24.21875,1548800
231,2000-11-30,24.0,26.0,23.9375,25.609375,2792000
232,2000-12-01,25.640625,26.5625,25.640625,25.921875,2598400
233,2000-12-04,25.890625,25.890625,25.25,25.25,1323200
234,2000-12-05,25.5,25.875,25.09375,25.125,1332400
235,2000-12-06,25.0625,26.15625,24.9375,25.53125,1116400
236,2000-12-07,25.25,26.234375,25.234375,25.75,826800
237,2000-12-08,25.765625,26.25,25.75,26.09375,1082800
238,2000-12-11,26.3125,26.5,25.75,26.109375,828800
239,2000-12-12,26.109375,26.5,24.9375,24.9375,1117600
240,2000-12-13,25.0,25.75,23.53125,24.125,2400800
241,2000-12-14,23.9375,24.203125,23.375,23.984375,1271600
242,2000-12-15,23.921875,25.5,23.75,25.40625,1421600
243,2000-12-18,25.40625,26.75,25.140625,26.25,1507200
244,2000-12-19,26.40625,26.875,26.234375,26.3125,1121600
245,2000-12-20,26.3125,26.8125,25.78125,26.8125,900400
246,2000-12-21,26.65625,26.65625,25.75,26.0,1103600
247,2000-12-22,26.03125,26.4375,25.875,25.96875,416800
248,2000-12-26,26.03125,27.75,26.0,26.921875,1026000
249,2000-12-27,26.984375,28.234375,26.9375,27.9375,1224400
250,2000-12-28,28.0,28.015625,27.5,27.84375,742000
251,2000-12-29,27.859375,27.9375,26.5,27.9375,1396400
252,2001-01-02,27.5,27.5,24.875,25.171875,1878400
253,2001-01-03,25.109375,27.25,24.9375,25.34375,2271600
254,2001-01-04,25.3125,25.5,20.671875,22.1875,6584000
255,2001-01-05,22.15625,23.359375,21.53125,22.03125,3984800
256,2001-01-08,22.015625,22.71875,21.71875,22.1875,2031600
257,2001-01-09,22.34375,22.46875,21.09375,21.09375,1933600
258,2001-01-10,21.875,23.625,21.75,22.921875,3023600
259,2001-01-11,23.125,23.328125,22.59375,22.78125,1950800
260,2001-01-12,22.78125,22.78125,21.6875,22.28125,1388800
261,2001-01-16,22.34375,22.75,21.5,21.8125,2137600
262,2001-01-17,21.8125,21.828125,20.75,21.203125,2511600
263,2001-01-18,21.703125,22.078125,20.375,20.5,3098000
264,2001-01-19,19.96875,20.15625,18.625,19.4375,6615600
265,2001-01-22,19.515625,21.0625,19.515625,20.40625,3137600
266,2001-01-23,20.4375,21.3125,20.4375,20.5,2856000
267,2001-01-24,20.625,20.625,19.46875,19.671875,3516400
268,2001-01-25,19.859375,20.0625,19.625,19.984375,3050400
269,2001-01-26,19.859375,21.375,19.859375,20.921875,2214000
270,2001-01-29,20.924999,20.924999,19.8125,20.3125,1892000
271,2001-01-30,20.3125,20.6875,20.1,20.35,1271600
272,2001-01-31,20.35,20.745001,20.174999,20.475,1528800
273,2001-02-01,20.475,20.950001,20.465,20.497499,1206000
274,2001-02-02,20.684999,21.184999,20.530001,20.7125,1364800
275,2001-02-05,20.9625,21.9375,20.842501,21.112499,1585200
276,2001-02-06,21.25,21.5,21.165001,21.5,1135200
277,2001-02-07,21.7075,22.525,21.7075,22.3125,1920800
278,2001-02-08,22.3125,22.4125,21.700001,21.827499,1419200
279,2001-02-09,21.549999,22.067499,21.4,22.004999,1652800
280,2001-02-12,22.0075,23.0,21.575001,22.775,1192800
281,2001-02-13,22.775,22.9375,22.375,22.764999,1010800
282,2001-02-14,22.887501,22.987499,22.15,22.252501,736000
283,2001-02-15,22.4125,22.475,21.1625,21.1625,993600
284,2001-02-16,20.9375,21.674999,20.9375,21.2875,1204400
285,2001-02-20,21.290001,21.6875,21.200001,21.6875,906000
286,2001-02-21,21.8125,21.8125,20.8125,20.8125,830000
287,2001-02-22,20.815001,21.15,20.5,20.514999,961200
288,2001-02-23,20.475,20.625,20.075001,20.475,906400
289,2001-02-26,20.487499,21.5,20.450001,21.3025,1613200
290,2001-02-27,21.25,21.875,21.25,21.825001,1371600
291,2001-02-28,21.825001,22.92,21.825001,22.4375,2164800
292,2001-03-01,22.440001,22.592501,22.272499,22.549999,1302000
293,2001-03-02,22.549999,24.012501,22.450001,23.200001,1812000
294,2001-03-05,23.450001,23.450001,22.262501,22.4025,1009200
295,2001-03-06,22.575001,22.6175,21.8125,22.16,1309600
296,2001-03-07,22.2225,22.5,21.5,21.612499,1209200
297,2001-03-08,21.737499,21.7875,21.1875,21.25,1752400
298,2001-03-09,21.225,21.407499,20.875,20.934999,1407200
299,2001-03-12,20.934999,21.4575,20.0,20.014999,2083200
300,2001-03-13,20.125,20.4375,19.3325,20.0275,2084400
301,2001-03-14,19.9025,20.532499,19.9025,20.530001,2849600
302,2001-03-15,20.674999,20.987499,20.674999,20.875,1149600
303,2001-03-16,20.877501,21.25,20.75,21.092501,882000
304,2001-03-19,21.094999,21.5,20.5,21.23,1389200
305,2001-03-20,21.23,21.612499,20.897499,20.897499,672800
306,2001-03-21,21.002501,21.122499,20.647499,21.122499,1047600
307,2001-03-22,21.25,21.25,20.360001,20.512501,2656400
308,2001-03-23,20.612499,20.91,20.612499,20.7125,1354400
309,2001-03-26,21.0,21.8375,20.940001,21.18,950400
310,2001-03-27,21.18,21.1875,20.5,20.772499,1280400
311,2001-03-28,20.725,20.75,20.2875,20.6875,1931600
312,2001-03-29,20.8125,21.747499,20.8125,21.747499,2272400
313,2001-03-30,22.2425,22.5625,21.7425,22.075001,2526800
314,2001-04-02,22.075001,22.3375,21.575001,21.58,728000
315,2001-04-03,21.6,21.725,21.1,21.387501,1014400
316,2001-04-04,21.75,22.7125,21.637501,22.7125,1854800
317,2001-04-05,22.775,22.9,22.262501,22.6075,1199200
318,2001-04-06,22.605,22.9375,22.415001,22.629999,1722800
319,2001-04-09,22.817499,23.112499,22.6875,22.975,660000
320,2001-04-10,22.725,23.25,22.4,23.075001,1803600
321,2001-04-11,23.012501,23.0375,21.9375,22.1,1060000
322,2001-04-12,22.1875,22.75,22.0,22.602501,704800
323,2001-04-16,22.625,23.0,22.252501,22.282499,923600
324,2001-04-17,22.4,23.1525,22.282499,23.1175,849200
325,2001-04-18,23.612499,24.0,22.0625,22.387501,2632800
326,2001-04-19,22.174999,22.237499,21.375,21.375,1664400
327,2001-04-20,21.0,21.3375,20.57,21.245001,2116000
328,2001-04-23,21.3025,21.5375,20.75,20.9,1149600
329,2001-04-24,21.125,21.549999,21.0,21.17,868800
330,2001-04-25,21.225,22.1525,21.225,21.924999,1051600
331,2001-04-26,22.049999,22.112499,21.6,21.690001,641600
332,2001-04-27,21.627501,21.997499,21.5875,21.8225,475200
333,2001-04-30,21.75,22.625,21.75,22.440001,1133600
334,2001-05-01,22.4025,22.41,21.4625,21.887501,1428000
335,2001-05-02,21.75,21.75,20.8125,21.0,1877200
336,2001-05-03,21.15,21.549999,20.375,21.41,1910000
337,2001-05-04,21.25,21.424999,20.25,20.575001,2548000
338,2001-05-07,20.637501,20.887501,20.424999,20.647499,994400
339,2001-05-08,20.647499,20.875,20.0625,20.075001,2170000
340,2001-05-09,20.200001,20.4125,20.0,20.174999,1327600
341,2001-05-10,20.1775,20.422501,20.040001,20.299999,862800
342,2001-05-11,20.15,20.870001,20.15,20.262501,649600
343,2001-05-14,20.4375,20.7125,20.219999,20.375,532000
344,2001-05-15,20.375,20.5,20.184999,20.5,487200
345,2001-05-16,20.4375,20.9125,20.362499,20.9125,603200
346,2001-05-17,20.85,20.852501,20.709999,20.75,844400
347,2001-05-18,20.745001,20.747499,20.309999,20.3125,1059200
348,2001-05-21,20.309999,20.3125,19.125,19.3125,2711200
349,2001-05-22,19.3125,19.9375,19.125,19.85,1719600
350,2001-05-23,19.612499,19.875,18.905001,18.907499,2314400
351,2001-05-24,19.025,19.737499,19.025,19.725,2054000
352,2001-05-25,19.725,20.3125,19.725,20.237499,1405600
353,2001-05-29,20.135,20.135,19.375,19.450001,1168400
354,2001-05-30,19.924999,19.924999,19.612499,19.6625,1551200
355,2001-05-31,20.025,20.25,19.9375,20.0,1159200
356,2001-06-01,20.025,20.049999,19.549999,19.6875,1047200
357,2001-06-04,20.450001,20.450001,20.0,20.15,790000
358,2001-06-05,20.35,21.25,20.245001,21.059999,1622400
359,2001-06-06,21.375,21.9,21.139999,21.655001,1320600
360,2001-06-07,21.655001,22.01,21.514999,21.75,1149600
361,2001-06-08,21.75,21.91,21.6,21.6,646400
362,2001-06-11,21.605,21.950001,21.0,21.440001,684000
363,2001-06-12,21.700001,22.299999,21.4,22.25,1318800
364,2001-06-13,22.125,22.5,21.799999,22.225,639800
365,2001-06-14,22.219999,22.219999,21.6,21.92,362400
366,2001-06-15,22.125,22.875,22.0,22.299999,901400
367,2001-06-18,22.625,23.525,22.6,23.375,1569400
368,2001-06-19,23.375,23.475,22.950001,23.0,441400
369,2001-06-20,23.0,23.375,22.924999,23.375,1069000
370,2001-06-21,23.5,23.65,23.200001,23.200001,789000
371,2001-06-22,23.075001,23.075001,22.325001,22.5,488600
372,2001-06-25,22.625,22.924999,22.254999,22.299999,313800
373,2001-06-26,22.299999,22.424999,21.75,22.385,634800
374,2001-06-27,22.389999,23.195,22.34,23.01,401000
375,2001-06-28,23.01,23.1,22.745001,22.815001,1069600
376,2001-06-29,22.93,23.625,22.75,22.75,1854400
377,2001-07-02,22.85,22.950001,22.174999,22.295,843600
378,2001-07-03,22.35,22.469999,22.125,22.25,201000
379,2001-07-05,22.375,22.775,21.875,22.0,938800
380,2001-07-06,22.125,22.85,22.125,22.799999,471200
381,2001-07-09,22.799999,24.25,22.799999,24.129999,1987000
382,2001-07-10,24.174999,24.5,23.74,24.120001,1107200
383,2001-07-11,24.25,25.35,24.25,24.885,1842800
384,2001-07-12,25.0,25.0,24.65,24.99,983600
385,2001-07-13,25.0,25.0,24.655001,24.889999,669200
386,2001-07-16,24.889999,26.299999,24.889999,26.299999,1997200
387,2001-07-17,26.299999,26.700001,25.4,25.950001,2835800
388,2001-07-18,26.450001,26.6,25.280001,25.5,3770000
389,2001-07-19,25.375,25.4,24.700001,24.844999,1541600
390,2001-07-20,25.0,25.200001,24.690001,24.924999,816200
391,2001-07-23,24.924999,25.174999,23.5,24.35,1940800
392,2001-07-24,24.799999,25.0,24.125,24.5,2309400
393,2001-07-25,24.75,24.75,23.455,23.825001,1562200
394,2001-07-26,23.825001,24.870001,23.825001,24.42,731000
395,2001-07-27,24.424999,24.799999,24.275,24.275,800800
396,2001-07-30,24.4,24.865,24.325001,24.700001,788000
397,2001-07-31,24.825001,24.855,24.33,24.75,787200
398,2001-08-01,24.875,24.905001,24.375,24.695,848200
399,2001-08-02,24.795,24.855,23.299999,24.52,1065200
400,2001-08-03,24.525,24.525,23.475,24.275,509400
401,2001-08-06,24.4,24.5,23.875,24.26,487600
402,2001-08-07,24.209999,24.85,24.004999,24.65,635000
403,2001-08-08,24.65,24.825001,24.0,24.254999,851800
404,2001-08-09,24.254999,24.625,24.219999,24.219999,667400
405,2001-08-10,24.25,24.674999,24.25,24.674999,1038800
406,2001-08-13,24.674999,25.35,24.66,24.825001,582600
407,2001-08-14,24.9,25.1,24.125,24.225,676600
408,2001-08-15,24.275,24.639999,24.275,24.42,492400
409,2001-08-16,24.4,24.85,24.25,24.6,498200
410,2001-08-17,24.605,24.635,24.325001,24.4,398200
411,2001-08-20,24.4,24.799999,24.4,24.74,900600
412,2001-08-21,24.674999,24.725,24.23,24.25,536200
413,2001-08-22,24.225,24.65,24.174999,24.575001,485800
414,2001-08-23,24.6,24.875,24.5,24.5,1037800
415,2001-08-24,24.525,24.525,24.094999,24.15,698200
416,2001-08-27,24.075001,24.674999,24.0,24.120001,675800
417,2001-08-28,24.245001,24.25,23.59,24.025,825400
418,2001-08-29,24.375,24.5,24.0,24.08,803000
419,2001-08-30,24.049999,24.5,23.934999,24.004999,632200
420,2001-08-31,24.049999,24.049999,23.549999,23.65,984400
421,2001-09-04,23.575001,24.15,23.525,24.0,808200
422,2001-09-05,23.950001,24.15,23.9,23.99,452800
423,2001-09-06,23.875,24.525,23.825001,24.049999,601800
424,2001-09-07,24.0,24.0,23.6,23.844999,479600
425,2001-09-10,23.799999,23.825001,23.35,23.35,382000
426,2001-09-17,22.799999,23.4,22.434999,22.434999,552200
427,2001-09-18,22.434999,22.475,21.275,21.325001,1087400
428,2001-09-19,21.35,22.5,21.299999,22.5,1594200
429,2001-09-20,22.625,23.799999,22.625,23.254999,1279400
430,2001-09-21,22.9,23.25,22.775,22.950001,1065200
431,2001-09-24,23.125,23.25,22.9,22.955,862200
432,2001-09-25,23.055,23.465,22.975,23.440001,620200
433,2001-09-26,23.5,24.110001,23.4,23.9,647400
434,2001-09-27,23.950001,24.85,23.875,24.815001,965200
435,2001-09-28,24.940001,25.875,24.18,24.4,1209400
436,2001-10-01,24.450001,24.745001,24.049999,24.225,525600
437,2001-10-02,24.225,24.950001,24.075001,24.299999,454600
438,2001-10-03,24.495001,25.235001,23.0,23.709999,1224400
439,2001-10-04,23.834999,24.125,23.0,23.959999,1241000
440,2001-10-05,24.084999,24.25,23.254999,23.625,472000
441,2001-10-08,23.174999,23.75,22.799999,23.445,631400
442,2001-10-09,23.450001,23.475,22.35,22.74,702800
443,2001-10-10,22.74,22.75,22.125,22.610001,1190200
444,2001-10-11,23.004999,23.125,21.200001,21.705,2534000
445,2001-10-12,21.705,22.875,21.605,22.225,1769600
446,2001-10-15,22.225,23.094999,21.950001,22.945,751600
447,2001-10-16,23.25,23.6,23.1,23.25,1057200
448,2001-10-17,21.25,22.735001,20.0,22.049999,5548400
449,2001-10-18,21.924999,22.549999,21.4,21.950001,1781200
450,2001-10-19,21.975,22.495001,21.625,22.01,1425000
451,2001-10-22,21.885,22.645,21.834999,22.58,764400
452,2001-10-23,22.455,22.469999,21.555,21.565001,721600
453,2001-10-24,21.565001,21.57,20.5,20.959999,1120200
454,2001-10-25,20.25,21.0,20.15,20.5,2286800
455,2001-10-26,20.625,20.959999,20.4,20.65,679200
456,2001-10-29,20.65,20.75,19.5,20.09,2307000
457,2001-10-30,20.215,20.4,19.0,20.190001,1642600
458,2001-10-31,20.190001,20.950001,19.870001,20.195,1013400
459,2001-11-01,20.32,20.32,19.950001,19.98,967600
460,2001-11-02,20.0,20.174999,19.85,20.075001,842200
461,2001-11-05,19.825001,19.9,19.4,19.594999,1214400
462,2001-11-06,19.594999,20.575001,19.4,20.575001,1477800
463,2001-11-07,20.25,20.355,19.85,19.924999,1128200
464,2001-11-08,19.9,20.1,19.0,19.125,2076200
465,2001-11-09,19.129999,19.5,19.004999,19.450001,988000
466,2001-11-12,19.5,20.15,19.375,20.0,1191000
467,2001-11-13,20.0,20.290001,19.959999,20.15,835400
468,2001-11-14,20.1,20.525,20.0,20.5,1438800
469,2001-11-15,20.375,20.674999,20.375,20.6,1116000
470,2001-11-16,20.725,20.799999,20.540001,20.674999,921800
471,2001-11-19,20.67,21.280001,20.67,21.209999,1163600
472,2001-11-20,21.16,22.125,20.825001,21.67,6813200
473,2001-11-21,21.719999,22.0,21.445,21.74,891000
474,2001-11-23,21.75,21.885,21.555,21.615,126200
475,2001-11-26,21.5,21.924999,21.379999,21.559999,1167800
476,2001-11-27,21.5,21.695,21.370001,21.370001,1258800
477,2001-11-28,21.6,21.975,21.15,21.285,920400
478,2001-11-29,21.299999,21.725,21.094999,21.575001,871000
479,2001-11-30,21.575001,21.700001,20.9,20.955,1409600
480,2001-12-03,21.0,21.325001,20.915001,21.045,1226400
481,2001-12-04,21.5,21.75,21.174999,21.5,1070000
482,2001-12-05,21.5,21.99,21.5,21.865,1281000
483,2001-12-06,21.75,21.975,21.43,21.549999,1086400
484,2001-12-07,21.625,21.625,20.885,21.225,1477600
485,2001-12-10,21.35,21.575001,21.129999,21.27,684200
486,2001-12-11,21.5,22.799999,21.35,21.99,2043000
487,2001-12-12,22.15,22.424999,21.27,21.325001,1248200
488,2001-12-13,21.299999,21.549999,21.0,21.275,718600
489,2001-12-14,21.375,21.565001,20.924999,21.475,1329800
490,2001-12-17,21.549999,22.125,21.25,21.48,998800
491,2001-12-18,21.6,21.85,21.25,21.424999,1201000
492,2001-12-19,20.875,20.875,19.75,20.51,7193800
493,2001-12-20,20.514999,21.0,20.514999,20.799999,2024200
494,2001-12-21,20.75,20.950001,20.6,20.76,645200
495,2001-12-24,20.66,21.025,20.66,20.975,452400
496,2001-12-26,21.1,21.375,20.865,20.9,719000
497,2001-12-27,20.950001,21.25,20.91,20.924999,904600
498,2001-12-28,21.025,21.344999,21.025,21.125,826600
499,2001-12-31,21.174999,21.549999,20.834999,21.389999,782800
500,2002-01-02,21.264999,21.379999,20.73,21.25,488200
501,2002-01-03,21.25,21.299999,20.549999,20.75,1014800
502,2002-01-04,21.200001,21.299999,20.440001,20.48,1314800
503,2002-01-07,20.549999,20.549999,19.549999,19.9,2819400
504,2002-01-08,19.99,19.99,19.235001,19.5,2366600
505,2002-01-09,19.549999,19.74,19.35,19.485001,1618400
506,2002-01-10,19.434999,19.525,19.290001,19.290001,1214800
507,2002-01-11,19.415001,20.0,19.33,19.725,1546000
508,2002-01-14,20.0,20.375,19.865,19.92,2370000
509,2002-01-15,20.045,20.125,19.635,19.754999,1668000
510,2002-01-16,19.805,20.174999,19.775,20.004999,1649400
511,2002-01-17,20.379999,20.379999,19.450001,19.655001,2685200
512,2002-01-18,19.4,19.83,19.0,19.0,4143400
513,2002-01-22,19.875,20.299999,19.504999,19.98,2942600
514,2002-01-23,20.635,20.940001,20.174999,20.940001,3004800
515,2002-01-24,21.225,21.225,20.625,20.844999,1171600
516,2002-01-25,20.92,21.0,20.700001,20.875,664400
517,2002-01-28,21.0,21.125,20.75,20.950001,1204000
518,2002-01-29,20.799999,21.360001,20.290001,21.360001,1261800
519,2002-01-30,21.0,21.0,20.235001,20.825001,939200
520,2002-01-31,20.825001,21.125,20.65,20.924999,756600
521,2002-02-01,21.174999,21.174999,20.85,20.950001,345800
522,2002-02-04,20.950001,21.0,20.615,20.77,437000
523,2002-02-05,20.775,21.209999,20.715,21.059999,909400
524,2002-02-06,21.25,21.525,21.0,21.5,622200
525,2002-02-07,21.375,21.475,21.049999,21.24,622000
526,2002-02-08,21.115,21.309999,20.825001,21.275,668000
527,2002-02-11,21.4,21.504999,21.09,21.254999,569000
528,2002-02-12,21.26,21.309999,21.0,21.254999,358200
529,2002-02-13,21.254999,21.32,21.049999,21.055,269600
530,2002-02-14,21.0,21.25,20.795,21.129999,629200
531,2002-02-15,20.0,20.75,20.0,20.475,2168600
532,2002-02-19,20.0,20.299999,19.85,19.915001,735200
533,2002-02-20,20.040001,20.125,19.85,19.934999,1000200
534,2002-02-21,19.934999,20.545,19.934999,20.334999,844000
535,2002-02-22,20.35,20.65,20.1,20.565001,578000
536,2002-02-25,20.625,20.625,20.0,20.09,525200
537,2002-02-26,20.0,20.120001,19.870001,19.950001,1011200
538,2002-02-27,19.950001,19.950001,19.65,19.75,1179600
539,2002-02-28,19.799999,19.895,19.049999,19.245001,2149400
540,2002-03-01,19.325001,19.450001,18.950001,19.299999,1170400
541,2002-03-04,19.424999,19.504999,18.450001,18.9,2492800
542,2002-03-05,19.15,19.5,19.049999,19.299999,1893600
543,2002-03-06,19.4,19.674999,19.25,19.514999,1205000
544,2002-03-07,19.639999,19.684999,19.475,19.5,629200
545,2002-03-08,19.6,19.924999,19.5,19.870001,823600
546,2002-03-11,19.99,20.049999,19.645,19.715,626600
547,2002-03-12,19.719999,19.975,19.6,19.85,973200
548,2002-03-13,19.844999,20.379999,19.705,20.365,1324600
549,2002-03-14,20.35,20.549999,20.325001,20.445,393200
550,2002-03-15,20.445,21.219999,20.445,20.934999,938600
551,2002-03-18,21.025,21.049999,20.125,20.52,526000
552,2002-03-19,20.57,20.57,19.674999,20.26,881600
553,2002-03-20,20.549999,20.555,19.975,20.455,592600
554,2002-03-21,20.455,20.5,19.9,20.290001,593800
555,2002-03-22,20.24,20.344999,20.15,20.25,316000
556,2002-03-25,20.125,20.125,19.775,19.924999,688800
557,2002-03-26,19.9,20.035,19.6,19.75,602000
558,2002-03-27,19.875,20.125,19.815001,20.1,883200
559,2002-03-28,20.129999,20.65,20.129999,20.625,1271000
560,2002-04-01,20.625,21.16,20.344999,21.155001,1433600
561,2002-04-02,21.0,21.639999,21.0,21.325001,1172200
562,2002-04-03,21.875,21.875,21.235001,21.35,1274600
563,2002-04-04,20.975,21.42,20.950001,21.25,616400
564,2002-04-05,21.200001,22.125,21.200001,21.975,1401800
565,2002-04-08,21.959999,22.25,21.895,22.120001,693000
566,2002-04-09,22.495001,22.495001,22.040001,22.07,1262400
567,2002-04-10,22.120001,22.49,22.120001,22.225,682400
568,2002-04-11,22.225,22.49,22.215,22.325001,1535600
569,2002-04-12,22.325001,22.545,22.25,22.365,830200
570,2002-04-15,22.26,22.4,22.135,22.15,662800
571,2002-04-16,22.16,22.334999,22.15,22.225,763800
572,2002-04-17,22.23,22.65,22.225,22.57,1459200
573,2002-04-18,22.85,22.950001,22.325001,22.33,1614000
574,2002-04-19,22.924999,23.495001,22.799999,23.299999,2740200
575,2002-04-22,23.700001,24.025,23.35,23.385,2377200
576,2002-04-23,23.424999,23.475,23.1,23.125,1213600
577,2002-04-24,23.25,23.745001,23.25,23.450001,802800
578,2002-04-25,23.450001,23.775,23.325001,23.725,1767200
579,2002-04-26,23.775,24.09,23.615,23.950001,1278600
580,2002-04-29,24.25,24.25,22.875,22.875,1121400
581,2002-04-30,23.0,23.5,22.995001,23.275,1964400
582,2002-05-01,23.299999,23.415001,23.025,23.025,3558400
583,2002-05-02,23.0,23.174999,22.674999,23.174999,1412400
584,2002-05-03,23.125,23.129999,22.575001,22.75,1070200
585,2002-05-06,22.745001,23.325001,22.745001,22.965,745600
586,2002-05-07,22.975,23.15,22.200001,22.525,1181800
587,2002-05-08,22.625,22.65,21.855,22.49,1652800
588,2002-05-09,22.49,22.695,22.295,22.325001,1211200
589,2002-05-10,22.355,22.540001,22.125,22.24,769400
590,2002-05-13,22.25,22.25,21.565001,22.055,1322600
591,2002-05-14,21.975,22.0,21.285,21.75,1652600
592,2002-05-15,22.5,22.969999,22.25,22.950001,2861400
593,2002-05-16,23.049999,23.059999,22.445,22.559999,1979200
594,2002-05-17,22.75,22.875,22.35,22.76,907600
595,2002-05-20,22.76,22.76,22.434999,22.525,1098400
596,2002-05-21,22.549999,22.77,22.424999,22.75,1127400
597,2002-05-22,22.700001,22.705,22.1,22.32,1010600
598,2002-05-23,22.375,22.950001,22.375,22.924999,640400
599,2002-05-24,22.889999,23.25,22.85,23.200001,1199600
600,2002-05-28,23.375,23.475,23.120001,23.365,716200
601,2002-05-29,23.370001,23.99,23.35,23.9,952800
602,2002-05-30,23.99,24.365,23.9,24.264999,1574800
603,2002-05-31,24.475,24.879999,24.35,24.809999,2096400
604,2002-06-03,24.809999,24.809999,24.424999,24.49,1138800
605,2002-06-04,24.459999,24.514999,23.860001,23.92,685000
606,2002-06-05,24.025,24.725,24.0,24.695,1214800
607,2002-06-06,24.725,24.75,24.375,24.415001,1013800
608,2002-06-07,24.475,25.025,24.459999,24.945,891400
609,2002-06-10,25.049999,25.325001,24.85,24.85,1300600
610,2002-06-11,25.4,25.575001,25.209999,25.334999,1761600
611,2002-06-12,25.0,25.0,24.360001,24.635,1237200
612,2002-06-13,24.615,25.25,24.525,24.995001,841200
613,2002-06-14,24.775,25.1,24.625,24.844999,831400
614,2002-06-17,24.924999,25.575001,24.924999,25.530001,1176000
615,2002-06-18,25.475,25.799999,25.475,25.49,763200
616,2002-06-19,25.475,25.965,25.469999,25.860001,806200
617,2002-06-20,25.799999,26.07,25.5,25.950001,2243400
618,2002-06-21,25.924999,26.0,25.215,25.215,1320200
619,2002-06-24,25.225,25.325001,23.799999,24.450001,1983400
620,2002-06-25,24.4,24.4,23.549999,23.75,1643600
621,2002-06-26,23.299999,24.35,23.25,24.09,1078600
622,2002-06-27,24.25,24.549999,24.110001,24.174999,705800
623,2002-06-28,24.200001,24.66,24.045,24.5,1376400
624,2002-07-01,24.475,24.700001,23.75,23.754999,799400
625,2002-07-02,23.725,23.785,22.559999,23.08,1407400
626,2002-07-03,23.049999,23.514999,22.5,23.5,1015200
627,2002-07-05,23.6,24.290001,23.504999,24.254999,388200
628,2002-07-08,24.225,24.424999,23.59,23.605,915000
629,2002-07-09,23.605,23.85,22.950001,22.950001,868400
630,2002-07-10,22.825001,22.825001,21.625,21.725,1820800
631,2002-07-11,21.375,22.434999,21.125,22.375,1532400
632,2002-07-12,22.700001,23.35,22.334999,22.639999,1262200
633,2002-07-15,22.625,22.629999,21.25,22.25,1553000
634,2002-07-16,22.200001,22.674999,21.85,22.200001,1131600
635,2002-07-17,22.875,23.125,22.700001,22.985001,1668000
636,2002-07-18,23.475,23.625,22.475,22.625,4431200
637,2002-07-19,22.5,22.504999,21.58,21.889999,1520800
638,2002-07-22,22.0,22.334999,20.325001,20.975,2790800
639,2002-07-23,21.15,21.17,20.700001,20.950001,1098600
640,2002-07-24,20.575001,22.049999,20.43,22.0,1945000
641,2002-07-25,21.799999,22.4,21.775,22.040001,1628400
642,2002-07-26,22.040001,22.440001,21.82,21.889999,1125600
643,2002-07-29,21.799999,22.684999,21.799999,22.665001,1154000
644,2002-07-30,22.549999,23.334999,22.200001,22.6,1379600
645,2002-07-31,22.584999,23.639999,22.5,23.639999,1293200
646,2002-08-01,23.625,23.799999,23.02,23.695,1197400
647,2002-08-02,23.674999,23.695,22.799999,22.875,1121600
648,2002-08-05,22.879999,23.0,22.4,22.485001,935200
649,2002-08-06,22.799999,23.15,22.475,22.575001,969400
650,2002-08-07,22.700001,23.35,22.625,23.225,960800
651,2002-08-08,23.15,24.305,23.049999,24.225,1180000
652,2002-08-09,23.975,24.004999,22.875,23.09,1928000
653,2002-08-12,22.975,23.155001,22.450001,22.49,1561200
654,2002-08-13,22.540001,22.540001,21.950001,21.950001,1038200
655,2002-08-14,22.0,22.879999,21.775,22.870001,964200
656,2002-08-15,22.875,23.305,22.41,22.450001,672600
657,2002-08-16,22.450001,22.9,22.299999,22.690001,546600
658,2002-08-19,22.75,23.174999,22.725,23.129999,629000
659,2002-08-20,23.125,23.209999,23.035,23.09,847600
660,2002-08-21,23.125,23.41,23.125,23.225,1134200
661,2002-08-22,23.275,23.549999,23.26,23.5,1096600
662,2002-08-23,23.5,23.52,23.275,23.280001,749000
663,2002-08-26,23.375,23.674999,23.25,23.545,746200
664,2002-08-27,23.549999,23.6,22.85,23.195,1443400
665,2002-08-28,23.195,23.200001,22.65,22.68,637600
666,2002-08-29,22.65,23.215,22.575001,23.174999,632200
667,2002-08-30,23.174999,23.174999,22.860001,22.860001,418600
668,2002-09-03,22.735001,22.754999,22.34,22.565001,845400
669,2002-09-04,22.125,22.57,21.91,22.545,891000
670,2002-09-05,22.545,23.355,22.299999,23.254999,1223800
671,2002-09-06,23.450001,23.73,23.375,23.695,770600
672,2002-09-09,23.695,23.975,23.450001,23.950001,659800
673,2002-09-10,23.955,24.209999,23.764999,23.799999,890800
674,2002-09-11,23.924999,24.174999,23.924999,24.15,1157800
675,2002-09-12,24.135,24.455,23.940001,24.08,971400
676,2002-09-13,23.875,24.424999,23.865,24.290001,987200
677,2002-09-16,24.25,24.75,24.165001,24.700001,711200
678,2002-09-17,24.799999,24.92,24.200001,24.25,695600
679,2002-09-18,24.125,24.465,24.065001,24.4,715000
680,2002-09-19,24.299999,24.4,23.85,24.0,355200
681,2002-09-20,24.049999,24.25,23.799999,23.940001,657600
682,2002-09-23,23.815001,24.049999,23.385,23.639999,662800
683,2002-09-24,23.6,23.92,23.465,23.49,775000
684,2002-09-25,23.615,24.455,23.615,24.450001,1092400
685,2002-09-26,24.455,25.09,24.325001,25.059999,1095000
686,2002-09-27,25.025,25.85,24.870001,25.700001,1474400
687,2002-09-30,25.65,25.775,25.26,25.575001,1265800
688,2002-10-01,25.674999,25.75,25.475,25.545,1629400
689,2002-10-02,25.545,26.25,25.545,26.0,1608400
690,2002-10-03,25.875,26.440001,25.875,26.190001,1024800
691,2002-10-04,26.315001,26.4,25.52,25.525,1274600
692,2002-10-07,25.514999,26.365,25.495001,25.775,1231000
693,2002-10-08,25.885,25.924999,25.58,25.65,1152200
694,2002-10-09,25.65,26.155001,25.65,26.0,1395800
695,2002-10-10,26.125,26.5,25.825001,26.125,1954000
696,2002-10-11,26.125,26.6,25.950001,26.5,1147400
697,2002-10-14,26.434999,27.405001,26.434999,27.375,1607000
698,2002-10-15,27.875,27.924999,27.424999,27.915001,1747800
699,2002-10-16,27.799999,28.1,27.6,28.1,1326000
700,2002-10-17,28.6,28.75,26.995001,27.15,3336200
701,2002-10-18,26.5,27.799999,26.26,26.66,3752000
702,2002-10-21,26.66,27.74,26.1,27.459999,2190600
703,2002-10-22,27.475,27.795,27.1,27.4,1666600
704,2002-10-23,27.5,27.85,26.825001,27.174999,8020200
705,2002-10-24,27.200001,27.25,26.565001,26.700001,2180600
706,2002-10-25,26.705,26.705,25.74,26.465,1695200
707,2002-10-28,26.190001,26.190001,25.23,26.105,2700800
708,2002-10-29,26.035,26.225,25.475,25.514999,2208800
709,2002-10-30,25.5,26.075001,25.375,25.549999,1586000
710,2002-10-31,25.555,25.775,23.5,24.24,8075400
711,2002-11-01,24.625,25.49,23.875,24.924999,5114000
712,2002-11-04,24.93,26.18,24.93,25.415001,2559200
713,2002-11-05,25.290001,25.290001,24.225,24.75,3063200
714,2002-11-06,24.5,25.545,24.450001,24.785,1642000
715,2002-11-07,24.709999,25.700001,24.504999,24.85,1642000
716,2002-11-08,22.375,23.5,22.35,22.860001,10010400
717,2002-11-11,22.860001,22.860001,20.450001,21.5,7859400
718,2002-11-12,21.549999,22.1,21.129999,21.85,5234800
719,2002-11-13,21.9,22.65,21.9,21.965,1946800
720,2002-11-14,22.375,22.85,22.275,22.6,2172600
721,2002-11-15,22.58,23.434999,22.51,23.35,1036800
722,2002-11-18,24.0,24.65,23.75,24.125,3286600
723,2002-11-19,23.700001,23.905001,23.33,23.4,1431400
724,2002-11-20,23.275,24.025,23.15,23.85,1796600
725,2002-11-21,23.975,24.075001,22.16,22.25,3662800
726,2002-11-22,22.4,23.065001,21.875,22.424999,2660600
727,2002-11-25,22.43,22.43,21.700001,22.0,2676400
728,2002-11-26,22.0,22.700001,21.895,22.075001,1952400
729,2002-11-27,22.5,22.549999,22.125,22.535,834800
730,2002-11-29,22.525,22.690001,22.370001,22.375,239400
731,2002-12-02,22.575001,22.674999,21.860001,22.01,1728800
732,2002-12-03,21.950001,22.25,21.85,21.889999,1703600
733,2002-12-04,21.575001,22.99,21.575001,22.735001,2337000
734,2002-12-05,22.825001,22.895,22.275,22.495001,1440400
735,2002-12-06,22.475,23.045,22.4,22.825001,1158200
736,2002-12-09,22.815001,23.125,22.225,22.385,1669200
737,2002-12-10,22.5,22.754999,22.195,22.370001,1278400
738,2002-12-11,22.35,22.639999,22.299999,22.455,1031800
739,2002-12-12,22.4,22.625,22.125,22.309999,1027600
740,2002-12-13,22.26,22.35,21.754999,22.315001,1395800
741,2002-12-16,22.299999,22.415001,22.1,22.370001,1339200
742,2002-12-17,22.495001,22.799999,22.415001,22.700001,1769800
743,2002-12-18,22.674999,23.065001,22.665001,22.99,1366800
744,2002-12-19,23.0,23.174999,22.424999,22.584999,1160400
745,2002-12-20,22.549999,22.575001,22.0,22.549999,1480200
746,2002-12-23,22.549999,22.815001,22.395,22.775,719600
747,2002-12-24,22.775,22.825001,22.559999,22.635,232200
748,2002-12-26,22.665001,22.924999,22.665001,22.76,551200
749,2002-12-27,22.700001,22.775,22.504999,22.540001,456000
750,2002-12-30,22.525,22.700001,22.424999,22.674999,559400
751,2002-12-31,22.65,22.75,22.299999,22.549999,904800
752,2003-01-02,22.674999,23.275,22.665001,23.275,793000
753,2003-01-03,23.275,23.275,22.709999,22.975,916000
754,2003-01-06,23.1,23.424999,22.99,23.254999,833600
755,2003-01-07,23.25,23.254999,22.73,22.809999,839800
756,2003-01-08,22.725,22.834999,22.360001,22.610001,1209600
757,2003-01-09,22.639999,22.959999,22.639999,22.924999,751800
758,2003-01-10,22.93,22.93,22.34,22.35,2793800
759,2003-01-13,22.525,22.629999,22.139999,22.165001,1510800
760,2003-01-14,22.15,22.299999,21.790001,22.174999,1207600
761,2003-01-15,22.209999,22.424999,21.959999,22.025,852800
762,2003-01-16,22.049999,22.215,21.945,22.18,1218000
763,2003-01-17,22.18,23.275,22.125,23.049999,1916000
764,2003-01-21,23.15,23.205,22.264999,22.264999,1224400
765,2003-01-22,22.5,22.75,22.275,22.535,1858600
766,2003-01-23,22.700001,22.995001,22.700001,22.985001,1101800
767,2003-01-24,22.950001,22.959999,22.455,22.66,893600
768,2003-01-27,22.6,22.6,21.975,22.125,586600
769,2003-01-28,22.075001,22.76,22.075001,22.74,794200
770,2003-01-29,22.715,22.860001,22.43,22.790001,976200
771,2003-01-30,22.799999,23.245001,22.775,22.93,1473000
772,2003-01-31,22.9,23.4,22.9,23.290001,702400
773,2003-02-03,23.34,23.4,22.629999,22.870001,1295600
774,2003-02-04,22.799999,22.865,22.325001,22.379999,1357800
775,2003-02-05,22.504999,22.68,22.155001,22.219999,746600
776,2003-02-06,22.219999,22.295,21.85,21.879999,1622800
777,2003-02-07,22.065001,22.245001,21.905001,21.945,706200
778,2003-02-10,22.0,22.139999,21.93,22.040001,611600
779,2003-02-11,22.1,22.17,21.610001,21.625,883600
780,2003-02-12,21.625,21.655001,21.299999,21.365,2011800
781,2003-02-13,21.365,21.485001,20.825001,20.975,1160000
782,2003-02-14,16.575001,17.565001,16.025,17.495001,35134000
783,2003-02-18,17.895,18.98,17.875,18.5,11208600
784,2003-02-19,18.68,19.225,18.68,18.889999,5066600
785,2003-02-20,18.9,19.365,18.9,19.299999,3351200
786,2003-02-21,18.059999,19.530001,18.049999,19.525,5772600
787,2003-02-24,19.525,20.07,19.155001,19.26,2059800
788,2003-02-25,19.25,19.58,19.075001,19.57,1602200
789,2003-02-26,19.49,19.525,19.309999,19.315001,1898600
790,2003-02-27,19.375,19.635,19.35,19.540001,1042400
791,2003-02-28,19.559999,19.93,19.4,19.42,818200
792,2003-03-03,19.6,19.775,19.1,19.299999,1898800
793,2003-03-04,19.305,19.465,19.004999,19.02,1007800
794,2003-03-05,19.02,19.35,19.01,19.309999,811000
795,2003-03-06,19.285,19.285,18.965,19.025,1466600
796,2003-03-07,19.0,19.215,18.855,19.004999,1758600
797,2003-03-10,19.0,19.049999,18.610001,18.700001,1264600
798,2003-03-11,18.745001,18.91,18.450001,18.52,2024600
799,2003-03-12,18.5,18.690001,18.200001,18.549999,1813400
800,2003-03-13,18.725,18.82,18.475,18.809999,1460000
801,2003-03-14,18.809999,19.190001,18.504999,18.615,1233600
802,2003-03-17,18.5,19.375,18.5,19.295,1801600
803,2003-03-18,19.309999,19.74,19.200001,19.225,1849800
804,2003-03-19,19.275,19.290001,18.955,19.25,1956800
805,2003-03-20,19.25,19.5,18.799999,19.325001,1470200
806,2003-03-21,19.450001,19.530001,19.26,19.4,1052600
807,2003-03-24,19.25,19.344999,19.084999,19.190001,877200
808,2003-03-25,19.225,19.555,19.219999,19.535,1338400
809,2003-03-26,19.450001,19.715,19.4,19.440001,1160200
810,2003-03-27,19.389999,19.695,19.125,19.540001,1407600
811,2003-03-28,19.549999,20.35,19.475,20.16,1508600
812,2003-03-31,20.125,20.549999,19.934999,20.385,1478400
813,2003-04-01,20.360001,20.395,19.875,20.059999,1345800
814,2003-04-02,20.25,20.5,20.155001,20.16,968200
815,2003-04-03,20.16,20.73,20.08,20.17,1116400
816,2003-04-04,20.219999,20.25,19.355,19.6,2353800
817,2003-04-07,19.75,20.120001,19.700001,19.705,1450800
818,2003-04-08,19.75,19.775,19.379999,19.674999,1442600
819,2003-04-09,19.725,19.940001,19.575001,19.58,1132800
820,2003-04-10,19.58,19.58,19.0,19.195,2319000
821,2003-04-11,19.25,19.725,19.25,19.575001,2411200
822,2003-04-14,19.700001,20.200001,19.655001,20.0,1969800
823,2003-04-15,19.33,19.355,18.334999,18.475,5362800
824,2003-04-16,18.48,18.645,17.385,17.385,4399200
825,2003-04-17,18.25,19.325001,18.209999,19.25,4480200
826,2003-04-21,19.225,19.325001,18.625,18.75,2295000
827,2003-04-22,18.700001,19.1,18.674999,19.0,1539600
828,2003-04-23,19.049999,19.365,18.83,19.25,1248800
829,2003-04-24,19.254999,19.455,19.059999,19.35,1416400
830,2003-04-25,19.375,19.51,19.280001,19.325001,892400
831,2003-04-28,19.299999,19.475,19.055,19.120001,978200
832,2003-04-29,19.165001,19.245001,18.945,18.985001,1204600
833,2003-04-30,18.98,19.459999,18.855,19.334999,1764200
834,2003-05-01,19.25,19.65,19.01,19.5,1163000
835,2003-05-02,19.5,19.975,19.35,19.705,1529400
836,2003-05-05,20.25,20.625,19.85,20.004999,1090400
837,2003-05-06,20.0,20.305,20.0,20.27,904600
838,2003-05-07,20.07,20.290001,20.0,20.125,758400
839,2003-05-08,20.125,20.525,20.125,20.325001,1043600
840,2003-05-09,20.450001,20.625,20.375,20.575001,630000
841,2003-05-12,20.475,20.559999,20.35,20.559999,495600
842,2003-05-13,20.870001,21.85,20.870001,21.805,3784400
843,2003-05-14,21.9,22.07,21.75,21.934999,1347400
844,2003-05-15,21.879999,21.9,21.575001,21.700001,1243600
845,2003-05-16,21.799999,22.4,21.73,22.16,1190000
846,2003-05-19,22.16,22.280001,21.93,22.025,1287000
847,2003-05-20,21.950001,22.0,21.68,21.815001,1030400
848,2003-05-21,21.799999,21.93,21.5,21.725,1041000
849,2003-05-22,21.75,22.049999,21.65,21.945,610400
850,2003-05-23,21.975,22.15,21.9,21.945,678800
851,2003-05-27,21.85,22.200001,21.799999,22.200001,835200
852,2003-05-28,22.225,22.495001,22.225,22.43,774400
853,2003-05-29,22.375,22.785,22.25,22.5,1156000
854,2003-05-30,22.475,22.77,22.475,22.705,815400
855,2003-06-02,22.75,22.99,22.635,22.74,833200
856,2003-06-03,22.615,22.889999,22.110001,22.375,1202400
857,2003-06-04,22.184999,22.200001,21.674999,21.775,1882000
858,2003-06-05,21.780001,21.84,21.299999,21.545,1728400
859,2003-06-06,21.6,21.844999,21.25,21.57,1518200
860,2003-06-09,21.57,21.799999,21.5,21.605,644400
861,2003-06-10,21.5,21.525,21.245001,21.440001,1121800
862,2003-06-11,21.475,21.635,21.040001,21.635,1288000
863,2003-06-12,21.735001,21.799999,21.075001,21.24,1244800
864,2003-06-13,21.24,21.24,19.940001,20.190001,3159400
865,2003-06-16,20.315001,20.799999,20.315001,20.785,1597600
866,2003-06-17,20.709999,20.995001,20.610001,20.969999,1138600
867,2003-06-18,20.965,20.965,20.280001,20.59,2718200
868,2003-06-19,20.775,20.905001,20.525,20.639999,1780800
869,2003-06-20,20.65,20.83,20.565001,20.665001,1436600
870,2003-06-23,20.665001,20.665001,19.625,19.965,2522800
871,2003-06-24,19.965,20.209999,19.695,19.9,1548000
872,2003-06-25,19.799999,19.965,19.365,19.49,1654200
873,2003-06-26,19.549999,20.01,19.475,19.93,1371600
874,2003-06-27,20.030001,20.07,19.715,19.809999,661200
875,2003-06-30,19.875,19.950001,19.4,19.809999,1432600
876,2003-07-01,19.825001,19.91,19.58,19.879999,1478200
877,2003-07-02,19.92,20.445,19.85,20.379999,1337200
878,2003-07-03,20.379999,20.844999,20.33,20.75,1258200
879,2003-07-07,21.25,21.555,21.245001,21.415001,1874400
880,2003-07-08,21.315001,21.35,20.975,21.25,1102600
881,2003-07-09,21.125,21.334999,20.875,21.174999,779400
882,2003-07-10,21.200001,21.370001,21.105,21.35,709400
883,2003-07-11,21.525,21.84,21.34,21.775,1395800
884,2003-07-14,21.775,22.645,21.775,22.35,2252000
885,2003-07-15,22.4,23.424999,22.4,23.040001,3237600
886,2003-07-16,23.09,23.120001,22.530001,22.635,1630200
887,2003-07-17,22.635,22.875,22.51,22.84,1086000
888,2003-07-18,22.84,23.440001,22.84,23.4,1507200
889,2003-07-21,23.275,23.33,22.799999,22.975,1464000
890,2003-07-22,22.975,23.15,22.25,23.15,2395200
891,2003-07-23,23.35,24.02,23.344999,24.02,2125400
892,2003-07-24,23.924999,23.924999,23.375,23.41,934400
893,2003-07-25,23.475,23.950001,23.325001,23.915001,665000
894,2003-07-28,24.025,24.635,24.025,24.549999,1301800
895,2003-07-29,24.75,26.35,24.735001,25.875,3769800
896,2003-07-30,26.0,26.045,25.58,26.0,2439000
897,2003-07-31,25.99,25.99,25.200001,25.625,1486800
898,2003-08-01,25.584999,25.684999,25.25,25.295,1201000
899,2003-08-04,25.295,25.295,24.02,25.165001,1162200
900,2003-08-05,25.165001,25.174999,24.344999,24.389999,1024600
901,2003-08-06,24.424999,24.424999,23.219999,23.975,2015200
902,2003-08-07,24.1,24.445,24.004999,24.395,1084000
903,2003-08-08,24.504999,25.125,24.504999,24.915001,1115200
904,2003-08-11,24.865,25.15,24.709999,25.030001,958400
905,2003-08-12,25.045,25.110001,24.709999,24.965,479200
906,2003-08-13,24.965,25.08,24.615,24.799999,870000
907,2003-08-14,24.799999,24.799999,24.295,24.315001,997000
908,2003-08-15,24.299999,24.299999,23.9,24.1,640400
909,2003-08-18,24.1,24.514999,23.92,24.51,785200
910,2003-08-19,24.504999,25.049999,24.504999,24.83,866400
911,2003-08-20,24.790001,24.875,24.610001,24.665001,920200
912,2003-08-21,24.700001,24.82,24.629999,24.75,406200
913,2003-08-22,24.825001,24.879999,24.174999,24.219999,657200
914,2003-08-25,24.125,24.295,24.035,24.225,551200
915,2003-08-26,24.209999,24.27,24.055,24.25,522200
916,2003-08-27,24.24,24.42,24.139999,24.385,556400
917,2003-08-28,24.424999,24.620001,24.295,24.575001,323600
918,2003-08-29,24.6,24.889999,24.475,24.889999,384200
919,2003-09-02,24.950001,25.469999,24.870001,25.445,660200
920,2003-09-03,25.450001,25.549999,25.26,25.299999,447600
921,2003-09-04,25.305,25.43,25.174999,25.325001,329800
922,2003-09-05,24.18,25.700001,24.18,25.584999,1133800
923,2003-09-08,25.75,26.055,25.709999,25.9,754800
924,2003-09-09,25.9,25.9,25.299999,25.385,642200
925,2003-09-10,25.35,25.395,25.120001,25.15,338400
926,2003-09-11,25.225,25.645,25.225,25.584999,591200
927,2003-09-12,25.549999,25.594999,25.375,25.525,515400
928,2003-09-15,25.475,25.559999,25.205,25.525,897600
929,2003-09-16,25.559999,25.799999,25.35,25.639999,738600
930,2003-09-17,25.690001,25.700001,25.35,25.5,713000
931,2003-09-18,25.625,25.674999,25.450001,25.535,1434400
932,2003-09-19,25.6,25.625,25.459999,25.575001,857400
933,2003-09-22,25.51,25.58,25.115,25.26,578600
934,2003-09-23,25.200001,25.325001,24.6,24.924999,1231600
935,2003-09-24,24.99,24.995001,24.75,24.75,721800
936,2003-09-25,24.65,24.975,24.625,24.639999,1159800
937,2003-09-26,24.625,24.645,24.165001,24.215,701400
938,2003-09-29,24.299999,24.799999,24.209999,24.74,609000
939,2003-09-30,24.674999,24.895,24.424999,24.725,772400
940,2003-10-01,24.799999,25.125,24.785,24.875,756000
941,2003-10-02,24.875,25.125,24.700001,24.995001,744600
942,2003-10-03,25.15,25.290001,25.025,25.105,572400
943,2003-10-06,25.129999,25.27,24.985001,24.99,598000
944,2003-10-07,24.9,24.9,24.485001,24.645,1747000
945,2003-10-08,24.674999,24.780001,24.49,24.65,947800
946,2003-10-09,24.700001,25.08,24.66,24.715,534800
947,2003-10-10,24.924999,25.075001,24.65,24.719999,574200
948,2003-10-13,24.825001,25.18,24.825001,24.975,477200
949,2003-10-14,24.9,25.125,24.85,25.125,524400
950,2003-10-15,24.25,24.82,24.25,24.525,1921200
951,2003-10-16,24.475,24.855,24.275,24.83,626600
952,2003-10-17,24.85,24.945,24.475,24.65,775600
953,2003-10-20,24.65,24.75,24.145,24.34,1999200
954,2003-10-21,23.025,23.18,22.700001,23.075001,7129200
955,2003-10-22,23.075001,23.075001,22.25,22.355,2977400
956,2003-10-23,22.355,22.365,21.950001,22.17,2175200
957,2003-10-24,22.200001,22.485001,22.075001,22.459999,1127200
958,2003-10-27,22.51,22.625,22.299999,22.475,926400
959,2003-10-28,22.575001,22.940001,22.575001,22.84,830000
960,2003-10-29,22.889999,23.504999,22.870001,22.975,1258200
961,2003-10-30,23.01,23.125,22.625,22.639999,1112600
962,2003-10-31,22.639999,23.594999,22.639999,23.525,1328200
963,2003-11-03,24.6,24.690001,23.584999,23.584999,1350000
964,2003-11-04,23.555,23.77,23.33,23.365,716000
965,2003-11-05,23.264999,23.525,23.195,23.355,548000
966,2003-11-06,23.48,23.584999,23.299999,23.525,647600
967,2003-11-07,23.5,24.055,23.43,23.945,828400
968,2003-11-10,23.924999,24.0,23.674999,23.74,438400
969,2003-11-11,23.575001,23.825001,23.525,23.584999,706200
970,2003-11-12,23.625,24.4,23.625,24.395,1360400
971,2003-11-13,24.424999,25.155001,24.375,24.99,1354400
972,2003-11-14,25.115,25.469999,25.065001,25.15,807400
973,2003-11-17,25.125,25.26,25.084999,25.190001,581600
974,2003-11-18,25.315001,25.58,25.135,25.35,611600
975,2003-11-19,25.355,26.360001,25.225,26.09,2155400
976,2003-11-20,26.0,26.125,25.84,25.860001,818200
977,2003-11-21,25.985001,25.985001,25.725,25.860001,672600
978,2003-11-24,25.985001,26.43,25.975,26.34,813400
979,2003-11-25,26.34,26.375,26.184999,26.325001,987800
980,2003-11-26,26.25,26.735001,26.225,26.6,837400
981,2003-11-28,26.674999,26.915001,26.674999,26.885,237600
982,2003-12-01,26.775,26.93,26.584999,26.93,1071200
983,2003-12-02,26.825001,27.16,26.825001,27.15,872800
984,2003-12-03,27.25,27.375,26.65,26.65,780000
985,2003-12-04,26.4,26.6,26.35,26.58,522000
986,2003-12-05,26.58,27.1,26.465,26.950001,924800
987,2003-12-08,26.85,26.85,26.209999,26.535,1280400
988,2003-12-09,26.625,26.889999,26.405001,26.795,1033200
989,2003-12-10,26.725,26.76,26.25,26.299999,613800
990,2003-12-11,26.15,26.6,26.15,26.4,819400
991,2003-12-12,26.375,26.375,25.549999,25.934999,1039400
992,2003-12-15,26.0,26.125,25.434999,25.49,783600
993,2003-12-16,25.6,25.9,25.475,25.9,712800
994,2003-12-17,25.9,25.9,25.459999,25.625,1369400
995,2003-12-18,25.66,26.4,25.66,26.379999,1111600
996,2003-12-19,26.424999,26.424999,26.01,26.174999,657000
997,2003-12-22,26.200001,26.450001,26.125,26.365,650600
998,2003-12-23,26.299999,26.475,26.23,26.415001,360400
999,2003-12-24,26.385,26.535,26.360001,26.504999,102400
1000,2003-12-26,26.549999,26.879999,26.545,26.754999,372800
1001,2003-12-29,26.754999,27.125,26.584999,27.08,432800
1002,2003-12-30,27.059999,27.174999,26.834999,26.940001,353800
1003,2003-12-31,26.975,27.1,26.540001,26.860001,694400
1004,2004-01-02,26.775,27.030001,26.75,26.805,481200
1005,2004-01-05,26.700001,26.799999,26.184999,26.264999,1196600
1006,2004-01-06,26.0,26.405001,26.0,26.200001,1068200
1007,2004-01-07,26.24,26.290001,26.025,26.125,800000
1008,2004-01-08,26.125,26.625,25.75,25.82,2439000
1009,2004-01-09,25.754999,25.754999,25.16,25.695,2388800
1010,2004-01-12,25.450001,25.584999,25.155001,25.495001,2024000
1011,2004-01-13,25.625,25.65,25.200001,25.459999,2024600
1012,2004-01-14,25.525,26.139999,25.434999,26.139999,1055600
1013,2004-01-15,26.25,26.6,26.055,26.370001,1052200
1014,2004-01-16,26.434999,26.75,26.299999,26.32,903400
1015,2004-01-20,26.375,27.440001,26.325001,27.440001,1736400
1016,2004-01-21,27.440001,27.440001,26.924999,27.110001,763800
1017,2004-01-22,27.135,27.290001,26.674999,27.280001,1499400
1018,2004-01-23,27.275,27.67,27.165001,27.415001,897200
1019,2004-01-26,27.4,27.405001,26.93,27.065001,1346800
1020,2004-01-27,27.065001,27.065001,26.285,26.465,2373800
1021,2004-01-28,26.469999,26.469999,25.924999,26.200001,1927400
1022,2004-01-29,26.205,26.25,25.805,26.125,1255000
1023,2004-01-30,26.125,27.475,26.105,27.459999,5252000
1024,2004-02-02,27.459999,27.84,27.075001,27.66,1704800
1025,2004-02-03,27.610001,27.65,27.23,27.530001,1103800
1026,2004-02-04,27.530001,27.74,27.375,27.68,1102600
1027,2004-02-05,27.68,27.68,26.9,27.184999,1085200
1028,2004-02-06,27.190001,27.860001,27.075001,27.6,1089600
1029,2004-02-09,27.6,27.825001,27.459999,27.5,863400
1030,2004-02-10,27.5,27.75,27.5,27.700001,711800
1031,2004-02-11,27.700001,27.975,27.555,27.940001,1123800
1032,2004-02-12,28.0,28.299999,27.99,28.254999,1320800
1033,2004-02-13,28.285,28.475,28.049999,28.075001,509600
1034,2004-02-17,28.125,28.200001,27.950001,28.065001,858400
1035,2004-02-18,28.075001,28.15,27.665001,27.68,780200
1036,2004-02-19,27.5,28.030001,27.225,27.59,1604800
1037,2004-02-20,27.125,27.125,26.35,26.68,2292000
1038,2004-02-23,26.805,27.055,26.625,26.645,839000
1039,2004-02-24,26.695,27.245001,26.525,26.969999,1501600
1040,2004-02-25,26.975,27.325001,26.834999,27.254999,780400
1041,2004-02-26,27.219999,27.415001,27.1,27.135,573600
1042,2004-02-27,27.125,27.235001,26.9,26.965,579400
1043,2004-03-01,22.5,23.525,22.014999,22.440001,13512200
1044,2004-03-02,22.35,22.85,22.205,22.725,4719800
1045,2004-03-03,22.68,23.125,22.605,23.0,2433200
1046,2004-03-04,23.049999,24.049999,23.049999,23.875,3163000
1047,2004-03-05,23.875,23.975,23.5,23.605,1465400
1048,2004-03-08,23.629999,23.690001,23.059999,23.059999,1506800
1049,2004-03-09,23.084999,23.084999,22.59,22.709999,1726600
1050,2004-03-10,22.715,22.715,22.15,22.49,1984400
1051,2004-03-11,22.424999,22.674999,22.360001,22.389999,681000
1052,2004-03-12,22.450001,22.959999,22.4,22.6,1117000
1053,2004-03-15,22.65,22.775,22.58,22.6,666200
1054,2004-03-16,22.6,22.75,22.355,22.379999,1077400
1055,2004-03-17,22.485001,22.799999,22.48,22.75,1135600
1056,2004-03-18,22.725,22.865,22.459999,22.82,1000600
1057,2004-03-19,22.85,23.225,22.65,23.004999,1221600
1058,2004-03-22,22.924999,22.950001,22.4,22.5,843800
1059,2004-03-23,22.5,22.575001,22.254999,22.4,815200
1060,2004-03-24,22.35,22.385,21.975,21.985001,734200
1061,2004-03-25,22.125,22.360001,22.084999,22.200001,1601400
1062,2004-03-26,22.25,22.465,22.094999,22.4,1149000
1063,2004-03-29,22.424999,22.66,22.424999,22.594999,1030000
1064,2004-03-30,22.575001,22.955,22.555,22.950001,1068000
1065,2004-03-31,22.950001,23.035,22.709999,23.035,731400
1066,2004-04-01,23.0,23.219999,22.950001,23.0,1225800
1067,2004-04-02,23.450001,23.559999,23.0,23.025,1129200
1068,2004-04-05,23.15,23.4,23.15,23.275,1041200
1069,2004-04-06,23.280001,23.4,23.02,23.040001,633800
1070,2004-04-07,23.025,23.120001,23.0,23.025,947600
1071,2004-04-08,23.040001,23.15,22.6,22.799999,1732600
1072,2004-04-12,22.674999,22.780001,22.545,22.6,1386400
1073,2004-04-13,22.65,22.66,22.15,22.174999,1336600
1074,2004-04-14,21.625,21.85,21.075001,21.525,3119200
1075,2004-04-15,21.59,21.625,21.35,21.584999,1703800
1076,2004-04-16,21.65,21.895,21.475,21.895,937200
1077,2004-04-19,21.85,21.85,21.48,21.584999,1190400
1078,2004-04-20,21.549999,21.775,21.190001,21.264999,1366000
1079,2004-04-21,21.325001,22.200001,21.325001,22.135,2100600
1080,2004-04-22,22.155001,22.76,22.155001,22.76,1455200
1081,2004-04-23,23.299999,23.445,22.455,22.725,1518600
1082,2004-04-26,23.1,23.174999,22.35,22.389999,1621400
1083,2004-04-27,22.445,22.795,22.375,22.465,814000
1084,2004-04-28,22.5,22.525,21.865,22.055,1327800
1085,2004-04-29,22.08,22.235001,21.82,21.865,1038400
1086,2004-04-30,21.950001,22.075001,21.735001,21.950001,833400
1087,2004-05-03,21.940001,22.215,21.875,22.145,1046400
1088,2004-05-04,22.145,22.215,21.975,22.084999,579200
1089,2004-05-05,22.049999,22.325001,22.030001,22.200001,814200
1090,2004-05-06,22.15,22.15,21.674999,21.815001,1032600
1091,2004-05-07,21.82,22.09,21.705,21.735001,1037000
1092,2004-05-10,21.725,21.725,21.129999,21.299999,960000
1093,2004-05-11,21.424999,21.775,21.42,21.65,1337000
1094,2004-05-12,21.665001,21.9,21.584999,21.825001,1077000
1095,2004-05-13,21.799999,22.165001,21.775,21.975,736400
1096,2004-05-14,21.950001,22.110001,21.690001,21.934999,416800
1097,2004-05-17,21.825001,21.825001,21.415001,21.6,665400
1098,2004-05-18,21.639999,21.690001,21.5,21.540001,414800
1099,2004-05-19,21.700001,21.725,21.325001,21.360001,541400
1100,2004-05-20,21.365,21.475,21.045,21.4,599600
1101,2004-05-21,21.375,21.65,21.360001,21.450001,449400
1102,2004-05-24,21.5,21.735001,21.315001,21.440001,488800
1103,2004-05-25,21.475,21.665001,21.35,21.615,582600
1104,2004-05-26,21.799999,21.815001,21.51,21.715,612800
1105,2004-05-27,21.66,21.875,21.629999,21.75,789000
1106,2004-05-28,21.889999,22.09,21.745001,22.004999,705800
1107,2004-06-01,21.924999,22.264999,21.895,22.02,802800
1108,2004-06-02,22.200001,22.49,22.16,22.365,847800
1109,2004-06-03,22.325001,22.424999,22.125,22.174999,776600
1110,2004-06-04,22.225,22.34,22.145,22.174999,273200
1111,2004-06-07,22.18,22.445,22.07,22.370001,312200
1112,2004-06-08,22.25,22.25,22.055,22.25,673200
1113,2004-06-09,22.245001,22.325001,22.225,22.290001,773200
1114,2004-06-10,22.275,22.445,22.059999,22.09,719200
1115,2004-06-14,22.049999,22.215,21.959999,22.045,962600
1116,2004-06-15,22.1,22.264999,21.940001,22.059999,521000
1117,2004-06-16,22.0,22.245001,21.940001,22.165001,465400
1118,2004-06-17,22.125,22.525,22.049999,22.504999,645600
1119,2004-06-18,22.625,22.625,22.450001,22.575001,913600
1120,2004-06-21,22.525,22.525,22.155001,22.209999,525000
1121,2004-06-22,22.200001,22.295,21.950001,22.115,556800
1122,2004-06-23,22.139999,22.200001,21.99,22.084999,539200
1123,2004-06-24,22.075001,22.16,22.02,22.15,700800
1124,2004-06-25,22.1,22.424999,22.1,22.290001,641400
1125,2004-06-28,22.35,22.35,21.950001,22.049999,614200
1126,2004-06-29,22.049999,22.299999,22.030001,22.275,647800
1127,2004-06-30,22.299999,22.975,22.299999,22.945,1351000
1128,2004-07-01,22.945,23.065001,22.475,22.74,617800
1129,2004-07-02,22.725,22.73,22.49,22.584999,237000
1130,2004-07-06,22.559999,22.559999,22.105,22.184999,606400
1131,2004-07-07,22.184999,22.49,22.184999,22.309999,449600
1132,2004-07-08,22.280001,22.285,21.98,22.1,540600
1133,2004-07-09,22.120001,22.344999,22.08,22.215,355800
1134,2004-07-12,22.190001,22.225,21.875,21.924999,970600
1135,2004-07-13,21.85,22.0,21.85,21.91,693200
1136,2004-07-14,22.030001,22.715,22.030001,22.535,1449800
1137,2004-07-15,22.5,22.540001,22.35,22.475,536200
1138,2004-07-16,22.525,22.559999,22.360001,22.49,922200
1139,2004-07-19,22.475,22.615,22.360001,22.57,590000
1140,2004-07-20,22.674999,22.674999,22.440001,22.57,531800
1141,2004-07-21,22.5,22.5,22.18,22.34,1064800
1142,2004-07-22,22.290001,22.605,22.165001,22.48,963800
1143,2004-07-23,22.605,22.9,21.9,22.535,2527000
1144,2004-07-26,23.075001,23.195,22.6,22.995001,2255200
1145,2004-07-27,23.375,23.375,22.85,23.049999,1379000
1146,2004-07-28,23.15,23.16,22.355,22.785,1170200
1147,2004-07-29,22.785,22.885,22.525,22.85,619800
1148,2004-07-30,22.775,22.85,22.555,22.754999,337800
1149,2004-08-02,22.6,23.014999,22.41,22.934999,570600
1150,2004-08-03,22.934999,23.174999,22.620001,22.674999,553000
1151,2004-08-04,22.6,22.719999,22.440001,22.629999,395000
1152,2004-08-05,22.575001,22.799999,22.35,22.360001,354600
1153,2004-08-06,22.235001,22.235001,21.725,21.77,593000
1154,2004-08-09,21.799999,21.924999,21.605,21.825001,697800
1155,2004-08-10,21.875,22.040001,21.75,22.01,539200
1156,2004-08-11,21.85,22.245001,21.700001,22.139999,552200
1157,2004-08-12,22.115,22.115,21.475,21.535,1060400
1158,2004-08-13,21.540001,21.700001,21.33,21.379999,927400
1159,2004-08-16,21.5,22.014999,21.5,21.860001,956200
1160,2004-08-17,21.865,22.045,21.809999,21.879999,519200
1161,2004-08-18,21.799999,22.07,21.655001,22.014999,678400
1162,2004-08-19,21.700001,21.795,21.415001,21.559999,1565400
1163,2004-08-20,21.59,21.815001,21.525,21.540001,469800
1164,2004-08-23,21.665001,22.219999,21.639999,22.145,1262800
1165,2004-08-24,22.35,22.440001,21.91,21.91,665400
1166,2004-08-25,21.950001,22.045,21.825001,21.98,428000
1167,2004-08-26,22.02,22.559999,22.02,22.395,1088200
1168,2004-08-27,22.375,22.4,22.235001,22.254999,406000
1169,2004-08-30,22.15,22.245001,22.055,22.075001,378200
1170,2004-08-31,22.174999,22.555,22.174999,22.525,707600
1171,2004-09-01,22.459999,22.68,22.450001,22.57,660800
1172,2004-09-02,22.58,22.625,22.415001,22.6,326000
1173,2004-09-03,22.6,22.825001,22.424999,22.684999,303400
1174,2004-09-07,22.799999,23.040001,22.775,22.834999,511000
1175,2004-09-08,22.825001,22.84,22.325001,22.365,685600
1176,2004-09-09,22.375,22.6,22.375,22.43,899800
1177,2004-09-10,22.450001,22.485001,22.290001,22.440001,509600
1178,2004-09-13,22.5,22.705,22.334999,22.49,521000
1179,2004-09-14,22.424999,22.424999,21.690001,21.834999,1825600
1180,2004-09-15,21.725,22.030001,21.655001,21.809999,1106200
1181,2004-09-16,21.809999,21.879999,21.719999,21.77,554800
1182,2004-09-17,21.75,21.825001,21.5,21.74,595800
1183,2004-09-20,21.74,21.875,21.48,21.57,552600
1184,2004-09-21,21.620001,21.695,21.41,21.504999,480600
1185,2004-09-22,21.469999,21.6,21.285,21.389999,804400
1186,2004-09-23,21.389999,21.530001,21.370001,21.455,567400
1187,2004-09-24,21.525,21.594999,21.43,21.459999,713800
1188,2004-09-27,21.459999,21.459999,20.969999,21.02,896200
1189,2004-09-28,21.1,21.58,21.025,21.52,724200
1190,2004-09-29,21.52,21.705,21.4,21.51,1043800
1191,2004-09-30,21.51,21.85,21.51,21.75,948800
1192,2004-10-01,21.875,21.9,21.68,21.76,975400
1193,2004-10-04,21.799999,21.815001,21.445,21.485001,718200
1194,2004-10-05,21.485001,21.74,21.370001,21.67,1193600
1195,2004-10-06,21.67,22.0,21.620001,21.995001,844600
1196,2004-10-07,22.014999,22.280001,21.905001,22.125,680600
1197,2004-10-08,22.125,22.35,21.959999,22.09,378200
1198,2004-10-11,22.09,22.23,21.9,21.969999,260600
1199,2004-10-12,21.924999,22.0,21.665001,21.809999,487800
1200,2004-10-13,21.299999,21.65,21.225,21.275,985600
1201,2004-10-14,21.35,21.440001,20.959999,21.0,1184400
1202,2004-10-15,21.075001,21.395,20.82,21.23,1248400
1203,2004-10-18,21.23,21.32,21.139999,21.25,534000
1204,2004-10-19,21.254999,21.254999,20.35,20.605,2045200
1205,2004-10-20,20.625,20.695,20.299999,20.445,2127600
1206,2004-10-21,20.445,20.450001,19.775,19.934999,1481000
1207,2004-10-22,19.940001,20.815001,19.940001,20.59,4099000
1208,2004-10-25,20.559999,20.559999,20.205,20.25,1226800
1209,2004-10-26,20.299999,20.450001,20.225,20.275,1344000
1210,2004-10-27,20.305,21.025,20.305,21.004999,2275000
1211,2004-10-28,20.950001,21.07,20.705,20.77,1530800
1212,2004-10-29,20.75,20.91,20.615,20.780001,742200
1213,2004-11-01,20.809999,21.02,20.775,20.905001,711400
1214,2004-11-02,20.91,21.24,20.83,20.879999,923800
1215,2004-11-03,21.15,21.58,21.15,21.549999,1488400
1216,2004-11-04,21.549999,22.110001,21.475,21.905001,1185200
1217,2004-11-05,21.975,22.275,21.855,22.24,788800
1218,2004-11-08,22.325001,22.385,22.110001,22.375,908400
1219,2004-11-09,22.549999,22.690001,22.299999,22.5,1865400
1220,2004-11-10,22.5,22.67,22.35,22.4,1289800
1221,2004-11-11,22.395,22.74,22.1,22.68,936600
1222,2004-11-12,22.684999,22.700001,22.465,22.65,805400
1223,2004-11-15,22.625,22.674999,22.475,22.620001,660800
1224,2004-11-16,22.700001,22.75,22.264999,22.309999,766800
1225,2004-11-17,22.355,22.49,22.075001,22.235001,1192400
1226,2004-11-18,22.325001,22.625,22.245001,22.59,796200
1227,2004-11-19,22.59,23.145,22.41,22.885,1448600
1228,2004-11-22,22.76,22.975,22.525,22.690001,762600
1229,2004-11-23,22.625,22.924999,22.504999,22.790001,685200
1230,2004-11-24,22.825001,23.040001,22.725,22.9,470400
1231,2004-11-26,22.875,23.075001,22.875,22.975,64400
1232,2004-11-29,22.969999,23.025,22.665001,22.825001,283600
1233,2004-11-30,22.825001,22.825001,22.645,22.76,844400
1234,2004-12-01,22.76,22.905001,22.6,22.780001,1478000
1235,2004-12-02,22.725,22.825001,22.575001,22.674999,1309000
1236,2004-12-03,22.625,22.85,22.51,22.82,989800
1237,2004-12-06,22.775,22.775,22.540001,22.725,352800
1238,2004-12-07,22.725,22.9,22.705,22.745001,663800
1239,2004-12-08,22.775,23.355,22.73,23.355,1250200
1240,2004-12-09,23.355,23.9,23.33,23.895,1486600
1241,2004-12-10,23.895,24.254999,23.674999,24.254999,846000
1242,2004-12-13,24.25,24.25,23.719999,24.0,1764400
1243,2004-12-14,23.975,24.17,23.9,24.155001,975800
1244,2004-12-15,24.129999,24.16,23.965,23.975,803400
1245,2004-12-16,23.85,23.924999,23.424999,23.459999,1528200
1246,2004-12-17,23.35,23.35,22.965,23.155001,1886400
1247,2004-12-20,23.125,23.125,22.6,22.674999,1143600
1248,2004-12-21,22.75,23.200001,22.75,23.125,1007800
1249,2004-12-22,23.075001,23.200001,22.924999,22.945,569800
1250,2004-12-23,22.945,22.975,22.825001,22.9,565000
1251,2004-12-27,22.975,23.025,22.75,22.844999,661600
1252,2004-12-28,21.844999,22.26,21.625,22.254999,6381800
1253,2004-12-29,22.049999,22.280001,21.959999,22.235001,2324800
1254,2004-12-30,22.184999,22.365,22.030001,22.33,975600
1255,2004-12-31,22.299999,22.385,22.110001,22.25,843000
1256,2005-01-03,22.25,22.275,21.855,22.0,1409000
1257,2005-01-04,22.0,22.075001,21.75,21.860001,1010400
1258,2005-01-05,21.865,22.049999,21.690001,22.0,1859600
1259,2005-01-06,21.975,22.065001,21.700001,22.0,993800
1260,2005-01-07,22.0,22.02,21.885,22.0,734400
1261,2005-01-10,21.924999,22.200001,21.9,21.995001,599200
1262,2005-01-11,21.975,21.975,21.684999,21.709999,814200
1263,2005-01-12,22.25,22.875,22.25,22.695,3267200
1264,2005-01-13,22.65,23.049999,22.325001,22.344999,1695800
1265,2005-01-14,22.35,22.485001,22.16,22.165001,1799800
1266,2005-01-18,22.174999,22.35,22.040001,22.139999,1159400
1267,2005-01-19,22.174999,22.495001,22.135,22.209999,746400
1268,2005-01-20,22.200001,22.43,22.025,22.26,1119000
1269,2005-01-21,22.385,22.385,21.924999,21.924999,1289600
1270,2005-01-24,21.450001,21.709999,21.325001,21.549999,1466200
1271,2005-01-25,21.555,21.735001,21.315001,21.389999,1333200
1272,2005-01-26,21.450001,21.6,21.275,21.370001,1297000
1273,2005-01-27,21.370001,21.610001,21.35,21.385,1130000
1274,2005-01-28,21.405001,21.465,21.1,21.209999,1676000
1275,2005-01-31,21.275,21.665001,21.275,21.52,1315000
1276,2005-02-01,21.57,21.875,21.545,21.85,878000
1277,2005-02-02,21.85,21.905001,21.690001,21.780001,504200
1278,2005-02-03,21.725,21.75,21.545,21.735001,588600
1279,2005-02-04,21.74,22.365,21.74,22.33,1202200
1280,2005-02-07,22.33,22.5,22.174999,22.4,1117600
1281,2005-02-08,22.395,22.440001,21.889999,21.975,1122800
1282,2005-02-09,22.049999,22.120001,21.889999,21.895,602400
1283,2005-02-10,22.1,22.1,21.875,22.025,370000
1284,2005-02-11,22.025,22.4,21.969999,22.4,744600
1285,2005-02-14,22.5,23.059999,22.5,23.01,2410200
1286,2005-02-15,23.014999,23.135,22.85,22.85,2003400
1287,2005-02-16,22.879999,22.879999,22.51,22.57,720400
1288,2005-02-17,22.51,22.52,22.084999,22.43,1265400
1289,2005-02-18,22.415001,22.625,22.155001,22.264999,732200
1290,2005-02-22,22.15,22.15,21.915001,22.014999,1181200
1291,2005-02-23,22.035,22.23,21.855,22.15,1693000
1292,2005-02-24,22.25,22.485001,21.945,22.43,2488000
1293,2005-02-25,22.139999,23.559999,21.875,23.365,4591400
1294,2005-02-28,23.315001,23.684999,23.190001,23.6,1699000
1295,2005-03-01,23.605,23.83,23.5,23.785,1673800
1296,2005-03-02,23.875,24.360001,23.875,24.215,1986000
1297,2005-03-03,24.215,24.285,24.120001,24.200001,1539400
1298,2005-03-04,24.25,24.575001,24.24,24.545,1968400
1299,2005-03-07,24.545,24.684999,24.445,24.639999,944600
1300,2005-03-08,24.639999,24.690001,24.415001,24.5,881400
1301,2005-03-09,24.5,24.5,24.02,24.09,1553800
1302,2005-03-10,24.094999,24.41,24.094999,24.344999,608600
1303,2005-03-11,24.75,24.93,24.575001,24.59,1130800
1304,2005-03-14,24.65,25.0,24.6,24.700001,1442200
1305,2005-03-15,24.799999,24.885,24.41,24.424999,1186400
1306,2005-03-16,24.43,24.674999,24.355,24.65,1049800
1307,2005-03-17,24.655001,24.940001,24.635,24.9,1256000
1308,2005-03-18,25.0,25.0,24.67,24.915001,983000
1309,2005-03-21,24.9,24.98,24.049999,24.5,1052400
1310,2005-03-22,24.549999,25.075001,24.549999,24.74,1424400
1311,2005-03-23,24.615,24.76,24.405001,24.59,1338200
1312,2005-03-24,24.625,25.139999,24.549999,25.0,1266400
1313,2005-03-28,25.0,25.120001,24.9,25.059999,1237200
1314,2005-03-29,26.125,26.424999,25.77,25.795,3276000
1315,2005-03-30,25.745001,26.17,25.59,26.17,729800
1316,2005-03-31,26.17,26.405001,26.075001,26.200001,1300800
1317,2005-04-01,26.23,26.415001,26.014999,26.17,1119400
1318,2005-04-04,26.055,26.32,25.995001,26.1,843400
1319,2005-04-05,26.1,26.1,25.715,25.805,1446800
1320,2005-04-06,25.73,26.004999,25.700001,25.83,1278800
1321,2005-04-07,25.950001,26.1,25.879999,26.075001,1243600
1322,2005-04-08,26.139999,26.23,25.934999,26.030001,925800
1323,2005-04-11,26.155001,26.535,26.129999,26.525,1340200
1324,2005-04-12,26.49,26.65,26.209999,26.475,1067800
1325,2005-04-13,26.48,27.209999,26.32,27.105,1969600
1326,2005-04-14,27.205,27.26,26.700001,26.754999,1288600
1327,2005-04-15,26.700001,26.825001,26.450001,26.65,1451200
1328,2005-04-18,26.6,26.74,25.965,26.370001,1335600
1329,2005-04-19,26.49,26.49,26.174999,26.389999,747800
1330,2005-04-20,26.455,26.455,26.035,26.1,1131400
1331,2005-04-21,26.365,26.51,25.85,25.969999,1429600
1332,2005-04-22,25.844999,26.235001,25.65,25.969999,876800
1333,2005-04-25,26.135,26.575001,26.094999,26.395,2356200
1334,2005-04-26,26.424999,26.629999,26.045,26.4,1975000
1335,2005-04-27,26.375,26.73,26.155001,26.615,1677200
1336,2005-04-28,28.0,28.635,27.17,27.700001,6967200
1337,2005-04-29,27.825001,28.445,27.754999,28.370001,3405800
1338,2005-05-02,28.465,28.85,28.33,28.549999,1830000
1339,2005-05-03,28.700001,29.0,28.370001,28.610001,2409000
1340,2005-05-04,28.825001,29.195,28.825001,29.075001,2566600
1341,2005-05-05,29.145,29.145,28.73,28.959999,974800
1342,2005-05-06,29.084999,29.215,28.915001,29.1,991000
1343,2005-05-09,29.094999,29.575001,28.885,29.514999,2964000
1344,2005-05-10,29.4,29.57,29.219999,29.549999,1371600
1345,2005-05-11,29.57,29.77,29.434999,29.57,1679200
1346,2005-05-12,29.65,29.870001,29.264999,29.555,1571000
1347,2005-05-13,29.545,29.545,28.485001,28.879999,1820800
1348,2005-05-16,28.950001,29.57,28.93,29.57,1507000
1349,2005-05-17,29.57,29.99,29.155001,29.885,1394400
1350,2005-05-18,29.934999,30.0,29.51,29.690001,1993000
1351,2005-05-19,29.764999,29.855,29.555,29.620001,1343400
1352,2005-05-20,29.635,29.785,29.459999,29.75,1609200
1353,2005-05-23,29.785,29.905001,29.49,29.9,1279800
1354,2005-05-24,29.75,29.924999,29.549999,29.59,1252800
1355,2005-05-25,29.615,29.615,28.965,29.075001,1577600
1356,2005-05-26,29.174999,29.465,29.055,29.174999,1067200
1357,2005-05-27,29.155001,29.285,28.735001,29.215,1163800
1358,2005-05-31,29.195,29.415001,29.195,29.215,1005200
1359,2005-06-01,29.219999,29.280001,28.950001,29.280001,1909600
1360,2005-06-02,29.280001,29.719999,29.129999,29.615,853400
1361,2005-06-03,29.795,30.285,29.780001,30.125,1814400
1362,2005-06-06,30.16,30.575001,29.955,30.49,1376000
1363,2005-06-07,30.49,30.525,30.305,30.4,1717800
1364,2005-06-08,30.49,30.655001,30.405001,30.57,953800
1365,2005-06-09,30.575001,30.924999,30.459999,30.83,1510200
1366,2005-06-10,30.860001,31.299999,30.799999,31.25,1800000
1367,2005-06-13,31.254999,31.58,31.25,31.57,1286200
1368,2005-06-14,31.5,31.870001,31.4,31.6,1016200
1369,2005-06-15,31.275,31.549999,30.895,31.4,2337000
1370,2005-06-16,31.450001,31.525,30.965,31.459999,1627600
1371,2005-06-17,31.25,31.299999,30.65,30.690001,2785000
1372,2005-06-20,30.674999,30.865,30.415001,30.700001,1697400
1373,2005-06-21,30.780001,30.924999,30.625,30.745001,1216000
1374,2005-06-22,31.0,31.045,30.635,30.684999,1665800
1375,2005-06-23,30.68,31.025,30.620001,30.799999,1618400
1376,2005-06-24,30.77,31.155001,30.665001,30.665001,828400
1377,2005-06-27,30.615,30.875,30.450001,30.635,705400
1378,2005-06-28,30.594999,31.190001,30.584999,31.135,848200
1379,2005-06-29,31.174999,31.52,31.15,31.459999,1208800
1380,2005-06-30,31.530001,31.57,31.09,31.09,1003400
1381,2005-07-01,31.09,31.094999,30.465,30.690001,1190400
1382,2005-07-05,30.75,31.094999,30.75,31.02,662600
1383,2005-07-06,30.950001,30.950001,30.075001,30.389999,1718800
1384,2005-07-07,30.16,30.485001,30.0,30.344999,729800
1385,2005-07-08,30.075001,30.16,29.85,29.975,1987000
1386,2005-07-11,29.975,30.049999,29.77,30.049999,1243800
1387,2005-07-12,30.045,30.045,29.57,29.825001,1554000
1388,2005-07-13,29.825001,29.825001,28.625,28.700001,5622200
1389,2005-07-14,28.605,28.74,28.360001,28.559999,2318800
1390,2005-07-15,28.565001,29.23,28.565001,28.92,891800
1391,2005-07-18,28.92,29.129999,28.620001,28.905001,1032600
1392,2005-07-19,28.98,29.02,28.620001,28.745001,805800
1393,2005-07-20,28.745001,28.889999,28.584999,28.785,685800
1394,2005-07-21,28.785,28.785,27.895,28.205,1609400
1395,2005-07-22,28.205,28.605,28.129999,28.594999,840800
1396,2005-07-25,29.245001,29.43,28.5,28.530001,2306800
1397,2005-07-26,28.445,28.950001,28.445,28.860001,1430000
1398,2005-07-27,28.870001,29.01,28.695,28.93,1397200
1399,2005-07-28,25.525,26.915001,25.445,26.51,12428800
1400,2005-07-29,26.495001,26.58,25.865,26.02,2542400
1401,2005-08-01,25.905001,26.120001,25.625,26.059999,1993800
1402,2005-08-02,26.059999,26.25,25.735001,26.200001,1788000
1403,2005-08-03,26.025,26.115,25.809999,26.094999,1379000
1404,2005-08-04,26.030001,26.5,25.959999,26.389999,1799200
1405,2005-08-05,26.389999,26.635,26.375,26.51,1910200
1406,2005-08-08,26.51,26.690001,26.51,26.549999,939400
1407,2005-08-09,26.549999,26.735001,26.504999,26.555,1055200
1408,2005-08-10,26.555,26.565001,26.254999,26.450001,2929000
1409,2005-08-11,26.445,26.5,26.295,26.4,1811800
1410,2005-08-12,26.309999,26.325001,26.025,26.25,1351400
1411,2005-08-15,26.195,26.469999,25.924999,26.450001,1157400
1412,2005-08-16,26.65,27.32,26.65,27.110001,1843000
1413,2005-08-17,27.16,27.254999,27.02,27.174999,1172200
1414,2005-08-18,26.975,27.035,26.549999,26.799999,1539800
1415,2005-08-19,26.77,26.83,26.555,26.665001,489800
1416,2005-08-22,26.594999,26.6,26.235001,26.275,877200
1417,2005-08-23,26.165001,26.455,26.165001,26.385,613800
1418,2005-08-24,26.299999,26.68,26.275,26.555,744600
1419,2005-08-25,26.450001,26.735001,26.4,26.700001,747800
1420,2005-08-26,26.625,26.77,26.360001,26.5,938000
1421,2005-08-29,26.200001,26.33,25.895,26.27,1555000
1422,2005-08-30,26.27,26.549999,26.02,26.125,1307400
1423,2005-08-31,25.424999,25.68,24.9,25.555,3208400
1424,2005-09-01,25.620001,25.620001,25.040001,25.165001,1606400
1425,2005-09-02,25.094999,25.25,24.875,25.17,1853400
1426,2005-09-06,25.375,25.375,25.139999,25.299999,1160600
1427,2005-09-07,25.25,25.379999,25.075001,25.309999,1030800
1428,2005-09-08,25.235001,25.24,24.799999,25.025,1601200
1429,2005-09-09,25.059999,25.264999,24.75,24.844999,2576000
1430,2005-09-12,24.844999,24.875,24.605,24.76,1627400
1431,2005-09-13,24.700001,24.700001,24.295,24.530001,1582400
1432,2005-09-14,24.6,24.605,24.33,24.495001,737800
1433,2005-09-15,24.445,25.040001,24.445,24.695,1113400
1434,2005-09-16,24.674999,24.799999,24.334999,24.549999,1153000
1435,2005-09-19,24.555,24.59,24.389999,24.535,862000
1436,2005-09-20,24.535,24.615,23.84,24.084999,1472000
1437,2005-09-21,24.035,24.035,23.525,23.68,1614800
1438,2005-09-22,23.65,23.76,23.190001,23.719999,1230400
1439,2005-09-23,23.745001,24.264999,23.745001,24.18,1255400
1440,2005-09-26,24.18,24.209999,23.895,23.915001,712800
1441,2005-09-27,23.92,24.174999,23.84,23.9,993400
1442,2005-09-28,23.895,24.145,23.68,24.055,829600
1443,2005-09-29,23.93,23.934999,23.610001,23.700001,1195400
1444,2005-09-30,23.705,24.014999,23.65,23.815001,1060200
1445,2005-10-03,23.815001,23.834999,23.465,23.625,981800
1446,2005-10-04,23.645,23.700001,23.290001,23.295,1344400
1447,2005-10-05,23.33,23.35,22.825001,22.844999,1947800
1448,2005-10-06,22.85,23.049999,22.635,22.77,2111200
1449,2005-10-07,22.795,23.145,22.754999,23.09,1252600
1450,2005-10-10,23.5,24.379999,23.25,23.445,3165400
1451,2005-10-11,23.625,24.295,23.58,24.27,3794600
1452,2005-10-12,24.225,24.6,23.74,23.834999,2588800
1453,2005-10-13,23.844999,24.030001,23.615,23.67,2559800
1454,2005-10-14,23.805,24.155001,23.75,24.01,1367200
1455,2005-10-17,24.07,24.285,23.775,24.225,728000
1456,2005-10-18,24.275,24.5,24.09,24.325001,661600
1457,2005-10-19,24.24,24.370001,24.045,24.34,596600
1458,2005-10-20,24.26,24.325001,23.940001,24.075001,625600
1459,2005-10-21,24.105,24.4,24.01,24.34,1185000
1460,2005-10-24,24.365,24.540001,23.629999,24.110001,1778200
1461,2005-10-25,24.07,24.07,23.235001,23.549999,1737000
1462,2005-10-26,23.525,23.545,22.74,22.799999,2137200
1463,2005-10-27,22.809999,23.01,22.535,22.77,2103400
1464,2005-10-28,22.25,23.530001,22.25,22.975,3197800
1465,2005-10-31,23.049999,23.700001,23.01,23.57,2017800
1466,2005-11-01,23.52,23.76,23.4,23.535,1760800
1467,2005-11-02,23.475,23.68,23.32,23.475,1459000
1468,2005-11-03,23.48,23.5,23.145,23.35,1416400
1469,2005-11-04,23.35,23.5,22.825001,22.98,1552000
1470,2005-11-07,22.870001,23.26,22.870001,23.195,1877200
1471,2005-11-08,23.25,23.360001,23.129999,23.215,1512400
1472,2005-11-09,23.25,23.315001,22.955,23.16,1483600
1473,2005-11-10,23.195,23.469999,23.135,23.424999,709600
1474,2005-11-11,23.4,23.9,23.299999,23.9,1308600
1475,2005-11-14,23.9,24.1,23.795,24.08,1386400
1476,2005-11-15,24.07,24.955,24.025,24.639999,2418800
1477,2005-11-16,24.74,24.75,24.245001,24.334999,709600
1478,2005-11-17,24.34,24.51,24.254999,24.370001,711600
1479,2005-11-18,24.424999,24.43,24.1,24.370001,763600
1480,2005-11-21,24.4,24.49,24.165001,24.344999,525400
1481,2005-11-22,24.344999,24.4,24.16,24.25,582800
1482,2005-11-23,24.25,24.360001,24.094999,24.25,902400
1483,2005-11-25,24.25,24.25,24.139999,24.245001,264400
1484,2005-11-28,24.245001,24.25,24.025,24.035,933800
1485,2005-11-29,24.049999,24.174999,23.915001,23.915001,1166800
1486,2005-11-30,23.975,24.105,23.799999,23.959999,1747600
1487,2005-12-01,23.995001,24.145,23.93,24.0,1571400
1488,2005-12-02,24.025,24.225,24.004999,24.09,985000
1489,2005-12-05,24.09,24.565001,24.02,24.540001,2173400
1490,2005-12-06,24.57,24.879999,24.565001,24.75,2049200
1491,2005-12-07,24.735001,24.855,24.535,24.690001,1405200
1492,2005-12-08,24.535,24.809999,24.5,24.674999,706000
1493,2005-12-09,24.674999,24.809999,24.575001,24.764999,837600
1494,2005-12-12,24.865,24.870001,24.665001,24.834999,716600
1495,2005-12-13,24.795,25.110001,24.645,24.775,660000
1496,2005-12-14,24.780001,24.780001,24.299999,24.514999,678400
1497,2005-12-15,24.5,24.575001,24.195,24.219999,555200
1498,2005-12-16,24.125,24.25,23.9,23.924999,925800
1499,2005-12-19,23.860001,23.945,23.5,23.76,997600
1500,2005-12-20,23.885,24.145,23.67,23.725,636000
1501,2005-12-21,23.735001,23.975,23.700001,23.74,878600
1502,2005-12-22,23.84,23.975,23.780001,23.790001,623600
1503,2005-12-23,23.795,23.895,23.700001,23.825001,578200
1504,2005-12-27,23.85,24.08,23.6,23.705,726600
1505,2005-12-28,23.709999,23.879999,23.395,23.440001,834800
1506,2005-12-29,23.49,23.625,23.475,23.525,431200
1507,2005-12-30,23.475,23.475,23.325001,23.370001,514000
1508,2006-01-03,23.375,23.455,23.094999,23.450001,1183200
1509,2006-01-04,23.450001,23.725,23.215,23.525,1324200
1510,2006-01-05,23.525,23.615,23.35,23.57,1180600
1511,2006-01-06,23.625,23.77,23.525,23.66,606000
1512,2006-01-09,23.66,23.77,23.525,23.58,739200
1513,2006-01-10,23.434999,23.440001,22.535,22.665001,3326400
1514,2006-01-11,22.665001,22.875,22.610001,22.785,1339600
1515,2006-01-12,22.705,23.065001,22.549999,22.635,1228400
1516,2006-01-13,24.0,24.02,22.98,23.299999,1480800
1517,2006-01-17,23.309999,23.434999,22.985001,23.385,990000
1518,2006-01-18,23.385,23.645,23.205,23.215,1122600
1519,2006-01-19,23.25,23.325001,22.959999,23.139999,894000
1520,2006-01-20,23.004999,23.219999,22.85,23.0,1621400
1521,2006-01-23,23.5,23.6,23.09,23.264999,1629000
1522,2006-01-24,23.389999,23.555,23.219999,23.475,1000200
1523,2006-01-25,23.635,23.639999,23.01,23.075001,2490600
1524,2006-01-26,23.125,23.545,23.125,23.440001,1197400
1525,2006-01-27,23.565001,24.275,23.48,24.02,1581800
1526,2006-01-30,24.0,24.049999,23.75,23.799999,849600
1527,2006-01-31,23.174999,24.264999,23.15,23.754999,5789000
1528,2006-02-01,24.190001,24.934999,24.035,24.844999,3294600
1529,2006-02-02,24.65,24.959999,24.625,24.75,2821000
1530,2006-02-03,24.75,24.75,24.325001,24.334999,1752600
1531,2006-02-06,24.365,24.93,24.094999,24.85,2051800
1532,2006-02-07,24.799999,25.195,24.764999,24.879999,1295000
1533,2006-02-08,24.885,25.025,24.65,24.945,1590400
1534,2006-02-09,24.93,25.1,24.785,24.834999,1048200
1535,2006-02-10,24.834999,24.84,24.4,24.77,1421600
1536,2006-02-13,24.799999,24.799999,24.465,24.674999,1171400
1537,2006-02-14,24.605,24.780001,24.525,24.705,1053800
1538,2006-02-15,24.775,25.469999,24.75,25.469999,1517000
1539,2006-02-16,25.465,25.674999,25.35,25.58,1409200
1540,2006-02-17,25.615,25.709999,25.455,25.59,880400
1541,2006-02-21,25.594999,25.66,25.275,25.52,903400
1542,2006-02-22,25.52,25.684999,25.254999,25.4,878000
1543,2006-02-23,25.360001,25.49,25.014999,25.459999,880400
1544,2006-02-24,25.450001,25.450001,25.07,25.375,911400
1545,2006-02-27,25.375,25.66,25.299999,25.655001,1018800
1546,2006-02-28,25.655001,25.83,24.940001,25.115,1713200
1547,2006-03-01,25.094999,25.465,25.075001,25.275,1078000
1548,2006-03-02,25.174999,25.27,25.0,25.16,754200
1549,2006-03-03,25.135,25.370001,24.865,25.02,764400
1550,2006-03-06,25.01,25.040001,24.805,24.959999,906400
1551,2006-03-07,24.775,24.924999,24.535,24.639999,1045400
1552,2006-03-08,24.68,25.115,24.52,25.004999,695200
1553,2006-03-09,25.004999,25.02,24.285,24.370001,1301200
1554,2006-03-10,24.415001,24.73,24.290001,24.555,657000
1555,2006-03-13,24.620001,24.799999,24.469999,24.565001,798600
1556,2006-03-14,24.6,24.719999,24.455,24.645,566600
1557,2006-03-15,24.655001,24.780001,24.025,24.025,3512200
1558,2006-03-16,24.049999,24.610001,23.945,24.295,1015800
1559,2006-03-17,24.295,24.415001,24.094999,24.290001,699600
1560,2006-03-20,24.290001,24.594999,24.25,24.34,966000
1561,2006-03-21,24.360001,24.535,24.17,24.26,862400
1562,2006-03-22,24.264999,24.745001,24.264999,24.66,1034800
1563,2006-03-23,24.66,24.705,24.440001,24.559999,1413600
1564,2006-03-24,24.620001,24.99,24.620001,24.93,1170000
1565,2006-03-27,24.985001,25.040001,24.855,24.975,601400
1566,2006-03-28,24.9,25.030001,24.709999,24.73,926400
1567,2006-03-29,24.67,25.16,24.67,25.125,1185800
1568,2006-03-30,25.049999,25.76,24.93,25.514999,2636200
1569,2006-03-31,25.555,25.594999,25.299999,25.395,1343200
1570,2006-04-03,25.33,25.605,25.075001,25.174999,1458600
1571,2006-04-04,25.15,25.219999,24.860001,25.0,989200
1572,2006-04-05,24.995001,25.09,24.85,24.985001,617000
1573,2006-04-06,24.950001,25.25,24.695,24.805,493000
1574,2006-04-07,24.905001,25.225,24.58,24.59,1085600
1575,2006-04-10,24.6,24.629999,24.165001,24.365,1335400
1576,2006-04-11,24.5,24.545,24.139999,24.25,887800
1577,2006-04-12,24.275,24.6,24.275,24.6,646200
1578,2006-04-13,24.629999,24.76,24.495001,24.545,771800
1579,2006-04-17,24.42,24.49,24.145,24.355,664000
1580,2006-04-18,24.360001,24.625,24.200001,24.5,966800
1581,2006-04-19,24.530001,24.605,24.365,24.57,892000
1582,2006-04-20,24.540001,24.75,24.42,24.625,871800
1583,2006-04-21,24.655001,24.725,24.389999,24.559999,476200
1584,2006-04-24,25.495001,25.5,25.15,25.365,2312400
1585,2006-04-25,25.34,25.535,25.084999,25.245001,1018600
1586,2006-04-26,25.295,25.445,25.075001,25.309999,738400
1587,2006-04-27,25.1,25.424999,24.865,25.290001,1337000
1588,2006-04-28,25.375,25.549999,25.195,25.395,1562800
1589,2006-05-01,25.475,25.65,25.18,25.215,1554600
1590,2006-05-02,25.405001,25.780001,25.290001,25.43,1552000
1591,2006-05-03,25.379999,25.495001,25.135,25.165001,1133400
1592,2006-05-04,25.209999,25.879999,25.209999,25.549999,1814200
1593,2006-05-05,25.575001,25.945,25.450001,25.844999,968800
1594,2006-05-08,25.795,26.045,25.785,25.93,751400
1595,2006-05-09,25.889999,26.035,25.77,25.955,1084600
1596,2006-05-10,25.93,26.264999,25.92,26.08,1067600
1597,2006-05-11,26.049999,26.235001,25.9,26.059999,892800
1598,2006-05-12,25.975,26.25,25.805,26.049999,759600
1599,2006-05-15,25.950001,26.35,25.945,26.285,887000
1600,2006-05-16,26.24,26.355,26.129999,26.200001,940400
1601,2006-05-17,26.075001,26.325001,26.040001,26.200001,1059400
1602,2006-05-18,26.254999,26.434999,26.084999,26.305,787200
1603,2006-05-19,26.325001,26.325001,26.030001,26.184999,1061000
1604,2006-05-22,26.094999,26.485001,25.945,26.424999,1240400
1605,2006-05-23,26.4,26.440001,25.725,25.76,824200
1606,2006-05-24,25.67,25.809999,25.24,25.764999,1730800
1607,2006-05-25,25.745001,25.860001,25.530001,25.58,828400
1608,2006-05-26,25.620001,25.73,25.459999,25.57,683200
1609,2006-05-30,25.459999,25.635,25.299999,25.34,1271000
1610,2006-05-31,25.465,25.584999,25.200001,25.379999,1690800
1611,2006-06-01,25.389999,25.805,25.389999,25.75,938000
1612,2006-06-02,25.745001,25.924999,25.629999,25.83,1142000
1613,2006-06-05,25.83,25.83,25.469999,25.514999,743800
1614,2006-06-06,25.514999,25.6,25.35,25.445,957000
1615,2006-06-07,25.445,25.77,25.415001,25.58,761000
1616,2006-06-08,25.48,25.780001,25.370001,25.6,818400
1617,2006-06-09,25.57,25.625,25.299999,25.299999,635000
1618,2006-06-12,25.299999,25.375,25.030001,25.174999,755800
1619,2006-06-13,25.125,25.225,24.76,24.844999,1088400
1620,2006-06-14,24.799999,24.799999,24.415001,24.725,1102800
1621,2006-06-15,24.74,24.865,24.5,24.82,986800
1622,2006-06-16,24.915001,25.094999,24.655001,24.73,1032400
1623,2006-06-19,24.68,24.75,24.565001,24.655001,1554800
1624,2006-06-20,24.58,24.700001,24.549999,24.665001,1230800
1625,2006-06-21,24.66,24.725,24.549999,24.639999,635400
1626,2006-06-22,24.57,24.57,24.309999,24.379999,661400
1627,2006-06-23,24.32,24.375,24.135,24.235001,1683400
1628,2006-06-26,24.205,24.59,24.105,24.35,1081800
1629,2006-06-27,24.325001,24.555,24.325001,24.434999,1107600
1630,2006-06-28,24.434999,24.49,24.035,24.325001,1190600
1631,2006-06-29,24.4,24.51,24.275,24.445,1064600
1632,2006-06-30,24.48,25.235001,24.48,25.129999,2517000
1633,2006-07-03,25.110001,25.275,25.040001,25.174999,588800
1634,2006-07-05,25.1,25.184999,25.004999,25.059999,922200
1635,2006-07-06,25.02,25.445,25.02,25.205,903800
1636,2006-07-07,25.155001,25.514999,25.155001,25.27,891200
1637,2006-07-10,25.344999,25.450001,25.209999,25.325001,1479000
1638,2006-07-11,25.299999,25.655001,25.275,25.549999,1459800
1639,2006-07-12,25.495001,25.655001,25.49,25.584999,878800
1640,2006-07-13,25.49,25.815001,25.48,25.610001,1127200
1641,2006-07-14,25.610001,25.725,25.504999,25.6,1024600
1642,2006-07-17,25.605,25.875,25.58,25.709999,983600
1643,2006-07-18,25.58,25.690001,25.280001,25.355,1049600
1644,2006-07-19,25.860001,25.9,25.504999,25.610001,861800
1645,2006-07-20,25.58,26.610001,25.530001,25.945,1864000
1646,2006-07-21,26.059999,26.115,25.844999,25.959999,693200
1647,2006-07-24,26.125,26.325001,26.004999,26.195,842200
1648,2006-07-25,26.184999,26.5,26.145,26.245001,1098800
1649,2006-07-26,26.25,26.315001,26.1,26.23,835000
1650,2006-07-27,26.200001,26.245001,25.805,25.9,863600
1651,2006-07-28,27.18,28.309999,26.945,28.145,5183800
1652,2006-07-31,28.075001,28.91,27.9,28.0,2585400
1653,2006-08-01,28.0,28.549999,27.975,28.525,1375400
1654,2006-08-02,28.6,29.15,28.6,28.969999,1835000
1655,2006-08-03,28.969999,28.995001,28.75,28.905001,971800
1656,2006-08-04,29.125,29.389999,29.125,29.299999,993600
1657,2006-08-07,29.17,29.424999,28.950001,29.215,815600
1658,2006-08-08,29.209999,29.4,29.0,29.01,588400
1659,2006-08-09,29.049999,29.200001,28.785,28.805,707600
1660,2006-08-10,28.745001,29.200001,28.575001,29.190001,657600
1661,2006-08-11,29.105,29.25,28.950001,29.200001,987800
1662,2006-08-14,29.299999,29.665001,29.049999,29.1,1045600
1663,2006-08-15,29.105,29.135,28.795,29.0,852600
1664,2006-08-16,29.125,29.299999,29.105,29.219999,559000
1665,2006-08-17,29.26,29.639999,29.129999,29.639999,711600
1666,2006-08-18,29.58,29.58,29.16,29.195,695600
1667,2006-08-21,29.105,29.325001,29.030001,29.115,437400
1668,2006-08-22,29.120001,29.58,29.120001,29.540001,929000
1669,2006-08-23,29.52,29.65,29.355,29.450001,688200
1670,2006-08-24,29.465,29.465,29.035,29.049999,701000
1671,2006-08-25,28.290001,28.870001,28.209999,28.700001,1246600
1672,2006-08-28,28.25,28.6,27.98,28.184999,1588200
1673,2006-08-29,28.190001,28.66,28.15,28.6,1038800
1674,2006-08-30,28.645,28.945,28.58,28.65,1127000
1675,2006-08-31,28.395,28.584999,28.174999,28.309999,786800
1676,2006-09-01,28.334999,28.610001,28.23,28.59,513000
1677,2006-09-05,29.450001,29.92,29.334999,29.575001,2247600
1678,2006-09-06,29.15,29.25,28.785,28.82,867800
1679,2006-09-07,28.639999,28.895,28.635,28.775,532600
1680,2006-09-08,28.745001,28.84,28.555,28.565001,675000
1681,2006-09-11,28.504999,29.379999,28.504999,29.26,893600
1682,2006-09-12,29.139999,29.325001,29.139999,29.17,587000
1683,2006-09-13,29.184999,29.32,28.955,29.0,627200
1684,2006-09-14,28.995001,29.025,28.709999,28.805,436400
1685,2006-09-15,28.9,29.0,28.684999,28.9,1073400
1686,2006-09-18,28.875,28.98,28.815001,28.85,1293600
1687,2006-09-19,28.825001,29.049999,28.754999,28.875,1026800
1688,2006-09-20,29.25,29.575001,29.200001,29.295,2261800
1689,2006-09-21,29.299999,29.514999,29.200001,29.23,1399600
1690,2006-09-22,29.125,29.209999,28.969999,29.145,652400
1691,2006-09-25,29.174999,29.465,29.129999,29.325001,1251800
1692,2006-09-26,29.375,29.905001,29.375,29.844999,1347800
1693,2006-09-27,29.775,30.075001,29.620001,29.969999,1504800
1694,2006-09-28,29.959999,30.135,29.924999,30.035,915400
1695,2006-09-29,30.1,30.25,29.950001,29.965,709600
1696,2006-10-02,30.014999,30.014999,29.6,29.754999,720000
1697,2006-10-03,29.674999,29.705,29.4,29.465,729800
1698,2006-10-04,29.309999,29.610001,29.225,29.6,1149400
1699,2006-10-05,29.6,29.9,29.525,29.889999,641400
1700,2006-10-06,29.889999,29.92,29.285,29.285,463000
1701,2006-10-09,29.215,29.219999,28.809999,28.83,1156600
1702,2006-10-10,28.74,28.745001,28.315001,28.540001,1310400
1703,2006-10-11,28.415001,28.700001,28.344999,28.504999,969400
1704,2006-10-12,29.209999,29.219999,28.945,29.049999,2608600
1705,2006-10-13,29.0,29.075001,28.805,28.815001,798000
1706,2006-10-16,28.9,29.030001,28.58,28.67,658000
1707,2006-10-17,28.030001,28.030001,26.815001,27.344999,4000200
1708,2006-10-18,27.365,27.805,27.365,27.41,1291400
1709,2006-10-19,27.41,27.65,27.245001,27.290001,1439200
1710,2006-10-20,27.23,27.620001,26.924999,27.495001,1712600
1711,2006-10-23,27.4,27.549999,27.184999,27.434999,807800
1712,2006-10-24,27.309999,27.57,27.25,27.254999,912400
1713,2006-10-25,27.285,27.295,26.915001,27.01,867600
1714,2006-10-26,27.01,27.01,26.4,26.424999,1702800
1715,2006-10-27,26.799999,27.605,26.610001,27.16,2726200
1716,2006-10-30,27.165001,27.334999,26.805,26.825001,1300200
1717,2006-10-31,26.865,26.895,26.389999,26.475,884200
1718,2006-11-01,26.639999,26.76,26.055,26.055,1486800
1719,2006-11-02,26.0,26.450001,25.924999,26.434999,1327800
1720,2006-11-03,26.530001,26.674999,26.26,26.305,818600
1721,2006-11-06,26.379999,26.764999,26.280001,26.620001,916800
1722,2006-11-07,26.620001,26.98,26.605,26.725,1219600
1723,2006-11-08,26.67,26.674999,25.934999,25.950001,1774200
1724,2006-11-09,25.969999,26.09,25.594999,25.65,1320000
1725,2006-11-10,25.73,25.76,25.465,25.584999,1665200
1726,2006-11-13,25.639999,25.795,25.555,25.620001,837800
1727,2006-11-14,25.635,25.705,25.495001,25.635,1556600
1728,2006-11-15,25.605,25.995001,25.535,25.709999,1492600
1729,2006-11-16,25.834999,26.34,25.805,26.02,1250200
1730,2006-11-17,26.535,26.535,25.955,26.110001,1382800
1731,2006-11-20,26.190001,26.190001,25.719999,25.77,1104000
1732,2006-11-21,25.76,25.77,25.465,25.495001,948400
1733,2006-11-22,25.715,26.530001,25.705,26.295,1389000
1734,2006-11-24,26.25,26.299999,26.110001,26.139999,380200
1735,2006-11-27,26.065001,26.225,26.035,26.094999,975000
1736,2006-11-28,25.995001,26.4,25.6,26.34,1400000
1737,2006-11-29,26.58,26.76,26.434999,26.735001,1331400
1738,2006-11-30,26.735001,27.745001,26.719999,27.605,2387600
1739,2006-12-01,27.674999,27.809999,27.174999,27.355,1304600
1740,2006-12-04,27.355,27.68,27.35,27.385,1052200
1741,2006-12-05,27.455,27.549999,27.205,27.355,865000
1742,2006-12-06,27.355,27.65,27.325001,27.51,509200
1743,2006-12-07,27.615,27.895,27.549999,27.735001,607200
1744,2006-12-08,27.65,27.780001,27.34,27.684999,697200
1745,2006-12-11,27.65,27.870001,27.584999,27.74,486600
1746,2006-12-12,27.775,28.055,27.615,28.01,1089000
1747,2006-12-13,27.5,27.799999,27.045,27.190001,2230200
1748,2006-12-14,27.190001,27.525,26.934999,26.985001,861600
1749,2006-12-15,26.985001,27.16,26.905001,26.93,1064800
1750,2006-12-18,26.889999,27.045,26.855,27.01,510400
1751,2006-12-19,26.959999,27.305,26.940001,27.225,572000
1752,2006-12-20,27.200001,27.645,27.18,27.530001,613200
1753,2006-12-21,27.530001,27.68,27.25,27.290001,296400
1754,2006-12-22,27.290001,27.834999,27.139999,27.725,660200
1755,2006-12-26,27.6,27.719999,27.475,27.684999,365200
1756,2006-12-27,27.74,27.969999,27.469999,27.625,327600
1757,2006-12-28,27.6,27.719999,27.535,27.655001,392400
1758,2006-12-29,27.6,27.844999,27.58,27.715,393200
1759,2007-01-03,28.049999,28.15,27.66,27.905001,1069200
1760,2007-01-04,27.905001,27.915001,27.610001,27.84,641200
1761,2007-01-05,27.040001,27.764999,27.040001,27.584999,1027400
1762,2007-01-08,27.584999,27.74,27.459999,27.6,687000
1763,2007-01-09,27.625,27.690001,27.465,27.584999,501000
1764,2007-01-10,27.5,27.889999,27.26,27.799999,471400
1765,2007-01-11,27.924999,28.245001,27.844999,28.205,831400
1766,2007-01-12,28.25,28.275,27.934999,28.084999,324600
1767,2007-01-16,28.25,28.365,28.09,28.184999,461000
1768,2007-01-17,28.299999,28.375,28.030001,28.129999,717400
1769,2007-01-18,28.105,28.105,27.885,27.945,519600
1770,2007-01-19,27.92,28.565001,27.885,28.459999,872400
1771,2007-01-22,29.075001,29.15,28.74,28.9,1411200
1772,2007-01-23,28.775,28.92,28.540001,28.75,1184600
1773,2007-01-24,28.75,29.094999,28.514999,29.014999,913000
1774,2007-01-25,28.92,28.924999,28.285,28.545,986000
1775,2007-01-26,28.535,28.639999,28.355,28.565001,802400
1776,2007-01-29,28.6,28.775,28.48,28.635,271800
1777,2007-01-30,28.735001,28.805,28.48,28.559999,502800
1778,2007-01-31,28.525,29.004999,28.42,28.965,955400
1779,2007-02-01,29.0,29.145,28.790001,29.0,811400
1780,2007-02-02,29.0,29.0,28.84,28.905001,346800
1781,2007-02-05,29.5,30.325001,29.379999,29.865,2301200
1782,2007-02-06,29.865,29.870001,29.594999,29.68,630200
1783,2007-02-07,29.764999,29.85,29.535,29.84,411000
1784,2007-02-08,29.84,29.84,29.629999,29.75,235800
1785,2007-02-09,29.735001,29.93,29.67,29.865,653000
1786,2007-02-12,29.940001,30.195,29.844999,30.094999,980000
1787,2007-02-13,30.08,30.125,29.809999,29.950001,633600
1788,2007-02-14,29.93,30.065001,29.795,30.055,618600
1789,2007-02-15,30.055,30.325001,30.02,30.094999,875000
1790,2007-02-16,30.120001,30.25,28.33,29.190001,5052200
1791,2007-02-20,29.0,29.485001,28.66,29.299999,1988200
1792,2007-02-21,29.299999,29.620001,29.25,29.389999,997400
1793,2007-02-22,29.334999,30.055,29.334999,29.715,1225000
1794,2007-02-23,29.674999,29.790001,29.174999,29.51,688800
1795,2007-02-26,29.51,29.549999,29.325001,29.475,630000
1796,2007-02-27,29.125,29.125,28.719999,28.775,1103200
1797,2007-02-28,28.825001,29.139999,28.535,28.93,1186200
1798,2007-03-01,28.879999,28.879999,27.674999,28.325001,1996600
1799,2007-03-02,28.34,28.575001,28.16,28.360001,1248400
1800,2007-03-05,29.1,29.120001,28.635,28.780001,1630000
1801,2007-03-06,28.825001,29.34,28.76,29.309999,1240600
1802,2007-03-07,29.23,29.405001,28.885,29.235001,775000
1803,2007-03-08,29.395,29.475,29.01,29.209999,915000
1804,2007-03-09,29.309999,29.395,29.075001,29.1,457800
1805,2007-03-12,29.02,29.025,28.540001,28.74,1290600
1806,2007-03-13,28.52,28.625,28.16,28.195,1273600
1807,2007-03-14,28.26,28.43,28.030001,28.34,879800
1808,2007-03-15,28.27,28.799999,28.27,28.695,573800
1809,2007-03-16,28.700001,28.92,28.465,28.68,605000
1810,2007-03-19,29.0,29.66,29.0,29.57,1528200
1811,2007-03-20,29.375,29.92,29.25,29.825001,991000
1812,2007-03-21,29.825001,29.91,29.245001,29.605,986400
1813,2007-03-22,29.610001,29.610001,29.125,29.33,1378600
1814,2007-03-23,29.33,29.33,29.0,29.02,951400
1815,2007-03-26,29.025,29.08,28.855,28.955,1094400
1816,2007-03-27,28.83,28.83,28.48,28.545,851800
1817,2007-03-28,28.504999,28.594999,28.27,28.34,786400
1818,2007-03-29,28.455,28.785,28.1,28.74,1403600
1819,2007-03-30,28.725,28.795,28.405001,28.629999,746400
1820,2007-04-02,28.775,28.82,28.434999,28.715,1031600
1821,2007-04-03,28.799999,28.85,28.584999,28.65,533400
1822,2007-04-04,28.594999,28.594999,28.35,28.434999,682800
1823,2007-04-05,28.459999,29.145,28.455,28.98,904600
1824,2007-04-09,29.0,29.129999,28.809999,28.825001,1424400
1825,2007-04-10,28.870001,28.91,28.635,28.65,657400
1826,2007-04-11,28.584999,28.695,28.385,28.66,689800
1827,2007-04-12,28.6,29.15,28.43,29.065001,833400
1828,2007-04-13,29.105,29.205,28.985001,29.17,493800
1829,2007-04-16,29.264999,29.545,29.129999,29.52,729600
1830,2007-04-17,29.565001,29.715,29.35,29.51,908800
1831,2007-04-18,29.455,29.545,29.18,29.190001,822400
1832,2007-04-19,29.014999,29.405001,28.705,29.299999,974600
1833,2007-04-20,29.535,29.950001,29.280001,29.700001,873400
1834,2007-04-23,29.674999,29.959999,29.575001,29.75,637000
1835,2007-04-24,29.834999,29.950001,29.605,29.855,679200
1836,2007-04-25,29.855,29.995001,29.445,29.885,947000
1837,2007-04-26,29.76,29.870001,29.379999,29.870001,974600
1838,2007-04-27,30.85,31.245001,30.33,30.639999,3497800
1839,2007-04-30,30.645,30.75,30.205,30.360001,1841600
1840,2007-05-01,30.445,30.455,30.17,30.219999,1068200
1841,2007-05-02,30.219999,30.594999,30.17,30.495001,1104400
1842,2007-05-03,30.5,30.565001,30.184999,30.225,413800
1843,2007-05-04,30.325001,30.51,30.245001,30.5,1003400
1844,2007-05-07,30.525,30.934999,30.5,30.59,921200
1845,2007-05-08,30.26,30.33,30.040001,30.295,1160200
1846,2007-05-09,30.1,30.209999,29.33,29.879999,1798600
1847,2007-05-10,29.809999,30.030001,29.66,29.73,580000
1848,2007-05-11,29.73,29.955,29.549999,29.83,509800
1849,2007-05-14,29.785,29.91,29.545,29.67,540400
1850,2007-05-15,29.735001,29.969999,29.57,29.74,340600
1851,2007-05-16,29.9,30.0,29.785,29.889999,416600
1852,2007-05-17,29.674999,29.950001,29.455,29.73,1323600
1853,2007-05-18,29.825001,29.915001,29.684999,29.815001,934400
1854,2007-05-21,29.76,30.105,29.690001,30.09,730400
1855,2007-05-22,30.09,30.1,29.870001,29.99,837000
1856,2007-05-23,29.995001,30.235001,29.905001,30.165001,998600
1857,2007-05-24,30.135,30.264999,30.059999,30.110001,539200
1858,2007-05-25,30.155001,30.325001,30.035,30.275,484800
1859,2007-05-29,30.535,30.959999,30.375,30.49,723600
1860,2007-05-30,30.309999,30.610001,30.309999,30.605,858200
1861,2007-05-31,30.844999,31.195,30.75,30.895,2091200
1862,2007-06-01,31.059999,31.375,31.01,31.309999,747000
1863,2007-06-04,31.700001,31.700001,31.370001,31.5,1649400
1864,2007-06-05,31.48,31.549999,31.305,31.475,879800
1865,2007-06-06,31.235001,31.275,30.885,30.975,871600
1866,2007-06-07,30.855,31.025,30.684999,30.83,899600
1867,2007-06-08,30.75,31.285,30.51,31.280001,761400
1868,2007-06-11,31.219999,31.219999,31.030001,31.15,493600
1869,2007-06-12,31.025,31.145,30.77,30.805,844200
1870,2007-06-13,30.844999,30.844999,30.385,30.76,833000
1871,2007-06-14,30.715,31.049999,30.665001,30.924999,1056800
1872,2007-06-15,31.105,31.355,31.01,31.139999,864200
1873,2007-06-18,31.165001,31.225,30.879999,30.924999,1104000
1874,2007-06-19,30.799999,30.83,30.434999,30.725,1571200
1875,2007-06-20,30.825001,30.9,30.495001,30.57,1278000
1876,2007-06-21,30.525,30.940001,30.33,30.764999,1113400
1877,2007-06-22,30.719999,30.834999,30.445,30.52,1302000
1878,2007-06-25,30.495001,30.975,30.395,30.434999,878600
1879,2007-06-26,30.549999,30.68,30.450001,30.59,418800
1880,2007-06-27,30.424999,30.645,30.360001,30.645,762600
1881,2007-06-28,30.625,30.870001,30.575001,30.665001,706000
1882,2007-06-29,30.715,30.870001,30.629999,30.75,963200
1883,2007-07-02,30.915001,30.995001,30.57,30.665001,899200
1884,2007-07-03,30.67,31.155001,30.610001,31.045,514600
1885,2007-07-05,31.049999,31.09,30.860001,30.924999,540600
1886,2007-07-06,30.965,31.225,30.66,31.15,570800
1887,2007-07-09,31.254999,31.299999,30.485001,30.719999,567200
1888,2007-07-10,30.605,30.65,30.235001,30.295,541800
1889,2007-07-11,30.299999,30.405001,30.09,30.129999,571200
1890,2007-07-12,30.1,30.16,29.885,30.09,1128800
1891,2007-07-13,30.105,30.155001,29.695,29.745001,1052000
1892,2007-07-16,29.735001,30.280001,29.735001,30.09,1207400
1893,2007-07-17,30.065001,30.415001,29.969999,30.049999,697200
1894,2007-07-18,29.955,29.955,28.735001,29.695,1277200
1895,2007-07-19,29.725,29.809999,29.27,29.33,772600
1896,2007-07-20,29.280001,29.395,28.905001,28.924999,1076800
1897,2007-07-23,28.25,28.299999,27.68,27.870001,1932000
1898,2007-07-24,27.85,28.315001,27.825001,28.18,1268400
1899,2007-07-25,28.18,28.360001,27.67,27.815001,740000
1900,2007-07-26,27.75,27.83,26.889999,27.4,2013400
1901,2007-07-27,27.264999,27.98,26.559999,26.764999,2062600
1902,2007-07-30,27.125,27.209999,26.735001,26.805,1537000
1903,2007-07-31,26.995001,26.995001,26.155001,26.219999,1862800
1904,2007-08-01,26.139999,26.325001,25.700001,25.969999,1735600
1905,2007-08-02,26.049999,26.08,25.545,25.594999,1863600
1906,2007-08-03,25.594999,25.695,24.370001,24.530001,2579800
1907,2007-08-06,24.6,24.915001,24.355,24.379999,1641200
1908,2007-08-07,24.365,24.885,24.325001,24.450001,1442400
1909,2007-08-08,24.639999,25.295,23.200001,24.620001,2904800
1910,2007-08-09,24.465,25.559999,24.02,25.445,2647000
1911,2007-08-10,25.215,25.415001,24.844999,25.084999,1554400
1912,2007-08-13,25.375,26.375,25.08,26.084999,2471800
1913,2007-08-14,26.264999,26.629999,25.98,26.025,981600
1914,2007-08-15,25.955,26.325001,25.709999,25.775,639200
1915,2007-08-16,25.695,26.08,25.450001,25.855,1714800
1916,2007-08-17,26.445,26.445,25.695,25.93,457800
1917,2007-08-20,26.045,26.225,25.860001,25.950001,1073600
1918,2007-08-21,25.9,26.315001,25.639999,26.174999,570600
1919,2007-08-22,26.360001,26.434999,25.92,26.325001,451400
1920,2007-08-23,26.434999,26.459999,26.040001,26.225,394000
1921,2007-08-24,26.155001,26.365,25.969999,26.365,348200
1922,2007-08-27,26.264999,26.264999,25.885,25.950001,396400
1923,2007-08-28,25.985001,25.985001,25.629999,25.700001,645800
1924,2007-08-29,25.805,26.08,25.715,26.08,438800
1925,2007-08-30,25.865,26.315001,25.605,26.18,528000
1926,2007-08-31,26.375,26.584999,25.99,26.4,379400
1927,2007-09-04,26.665001,26.665001,26.0,26.094999,560000
1928,2007-09-05,25.965,26.084999,25.75,25.905001,1316400
1929,2007-09-06,25.92,26.264999,25.709999,26.235001,566000
1930,2007-09-07,25.965,26.26,25.825001,26.045,788000
1931,2007-09-10,26.110001,26.25,25.91,26.135,1138600
1932,2007-09-11,26.135,26.440001,26.01,26.110001,964800
1933,2007-09-12,26.01,26.17,25.865,26.0,633600
1934,2007-09-13,26.110001,26.115,25.695,25.754999,998200
1935,2007-09-14,25.605,25.865,25.594999,25.84,941600
1936,2007-09-17,25.775,26.15,25.555,26.065001,871200
1937,2007-09-18,26.195,26.719999,25.915001,26.674999,624400
1938,2007-09-19,26.805,27.0,26.525,26.555,1072400
1939,2007-09-20,26.555,26.575001,26.110001,26.129999,909200
1940,2007-09-21,26.25,26.555,26.0,26.42,865200
1941,2007-09-24,26.385,26.42,25.959999,26.25,497400
1942,2007-09-25,26.235001,26.49,25.93,26.045,883200
1943,2007-09-26,26.125,26.52,26.059999,26.504999,760400
1944,2007-09-27,26.545,26.605,26.24,26.545,644800
1945,2007-09-28,26.620001,27.395,26.620001,27.209999,1271200
1946,2007-10-01,27.23,27.365,26.68,26.82,995600
1947,2007-10-02,26.780001,26.825001,26.559999,26.715,459200
1948,2007-10-03,26.620001,26.76,26.434999,26.59,475800
1949,2007-10-04,26.690001,26.690001,26.41,26.424999,729200
1950,2007-10-05,26.559999,26.6,25.91,26.0,1525400
1951,2007-10-08,25.924999,25.924999,25.299999,25.32,1507200
1952,2007-10-09,25.42,25.625,25.264999,25.35,1309000
1953,2007-10-10,25.25,25.4,24.940001,24.995001,1491600
1954,2007-10-11,25.059999,25.225,25.0,25.1,832800
1955,2007-10-12,25.15,25.27,24.975,25.035,472600
1956,2007-10-15,25.120001,25.285,24.815001,24.940001,600200
1957,2007-10-16,25.055,27.559999,24.51,24.555,751000
1958,2007-10-17,24.77,25.040001,24.635,24.754999,762800
1959,2007-10-18,24.690001,25.469999,24.639999,25.405001,909600
1960,2007-10-19,25.35,25.455,25.15,25.219999,474400
1961,2007-10-22,24.959999,25.135,24.780001,24.889999,790600
1962,2007-10-23,24.889999,25.059999,24.555,25.055,914800
1963,2007-10-24,25.055,25.075001,24.52,24.795,867000
1964,2007-10-25,24.785,24.975,24.504999,24.6,1626400
1965,2007-10-26,24.825001,25.105,24.495001,24.805,1132200
1966,2007-10-29,24.950001,25.105,24.695,24.834999,1098200
1967,2007-10-30,24.75,25.23,24.389999,24.495001,1687600
1968,2007-10-31,24.559999,24.65,24.0,24.375,1426400
1969,2007-11-01,24.129999,24.6,24.055,24.32,780400
1970,2007-11-02,24.6,24.6,24.0,24.225,744200
1971,2007-11-05,24.165001,25.57,24.059999,25.225,1561400
1972,2007-11-06,25.219999,25.315001,25.040001,25.245001,538400
1973,2007-11-07,25.1,25.344999,25.040001,25.08,691600
1974,2007-11-08,25.190001,25.475,24.965,25.415001,856000
1975,2007-11-09,25.219999,25.57,25.09,25.395,693600
1976,2007-11-12,25.325001,25.745001,25.145,25.155001,753800
1977,2007-11-13,25.275,25.629999,25.205,25.565001,717400
1978,2007-11-14,25.65,25.715,25.344999,25.49,536200
1979,2007-11-15,25.485001,25.6,25.184999,25.295,390800
1980,2007-11-16,25.334999,25.334999,24.969999,25.105,414200
1981,2007-11-19,24.879999,24.99,24.700001,24.83,637400
1982,2007-11-20,24.790001,24.92,24.65,24.825001,639400
1983,2007-11-21,24.620001,24.975,24.375,24.445,442400
1984,2007-11-23,24.51,24.635,24.395,24.530001,150000
1985,2007-11-26,24.530001,24.76,24.4,24.6,498600
1986,2007-11-27,24.629999,24.924999,24.610001,24.780001,1020400
1987,2007-11-28,24.790001,25.254999,24.785,25.195,1095400
1988,2007-11-29,25.09,25.325001,25.02,25.254999,605400
1989,2007-11-30,25.375,25.485001,25.004999,25.475,618400
1990,2007-12-03,25.475,25.584999,25.174999,25.389999,451000
1991,2007-12-04,25.219999,25.365,25.1,25.174999,393800
1992,2007-12-05,25.42,25.545,25.245001,25.5,540400
1993,2007-12-06,25.42,26.34,25.42,26.280001,614600
1994,2007-12-07,26.395,26.58,26.195,26.424999,930800
1995,2007-12-10,26.445,26.950001,26.445,26.9,886600
1996,2007-12-11,27.0,27.0,26.09,26.115,817200
1997,2007-12-12,26.535,26.67,25.879999,26.0,1075000
1998,2007-12-13,25.934999,26.35,25.889999,26.275,729200
1999,2007-12-14,26.110001,26.334999,25.985001,26.004999,496600
2000,2007-12-17,25.985001,26.09,25.49,25.549999,948000
2001,2007-12-18,25.735001,25.924999,25.485001,25.684999,700400
2002,2007-12-19,25.6,26.26,25.6,25.75,902400
2003,2007-12-20,25.895,26.055,25.725,25.809999,632000
2004,2007-12-21,26.0,26.280001,25.98,26.01,1274800
2005,2007-12-24,26.065001,26.605,26.065001,26.5,365600
2006,2007-12-26,26.514999,26.66,26.02,26.02,549800
2007,2007-12-27,25.924999,26.165001,25.82,25.875,314800
2008,2007-12-28,25.905001,26.17,25.719999,26.09,459800
2009,2007-12-31,26.01,26.139999,25.5,25.6,770200
2010,2008-01-02,25.620001,25.684999,25.184999,25.25,591800
2011,2008-01-03,25.215,25.43,25.084999,25.125,492000
2012,2008-01-04,24.844999,25.360001,24.844999,24.985001,950000
2013,2008-01-07,25.049999,25.475,24.975,25.4,742400
2014,2008-01-08,25.375,25.535,25.065001,25.1,604000
2015,2008-01-09,25.065001,25.25,24.93,25.01,1113600
2016,2008-01-10,24.879999,25.415001,24.605,24.635,1981800
2017,2008-01-11,24.434999,24.620001,24.040001,24.075001,1512000
2018,2008-01-14,24.205,24.450001,24.0,24.09,969400
2019,2008-01-15,23.924999,24.370001,23.860001,24.235001,1250000
2020,2008-01-16,24.190001,24.290001,23.99,24.120001,908800
2021,2008-01-17,24.264999,24.735001,24.105,24.17,782800
2022,2008-01-18,24.25,24.285,23.93,24.184999,1361600
2023,2008-01-22,23.264999,24.285,23.264999,23.735001,1238200
2024,2008-01-23,23.365,23.5,23.105,23.365,1187800
2025,2008-01-24,23.450001,23.58,23.18,23.495001,1032400
2026,2008-01-25,23.575001,23.65,23.325001,23.4,1197600
2027,2008-01-28,23.389999,23.76,23.389999,23.754999,735000
2028,2008-01-29,23.809999,24.325001,23.809999,24.200001,804600
2029,2008-01-30,24.049999,24.295,23.674999,23.719999,1005400
2030,2008-01-31,23.42,23.815001,23.42,23.565001,1276000
2031,2008-02-01,23.77,24.68,23.530001,24.620001,1182400
2032,2008-02-04,24.705,25.049999,24.434999,25.0,990600
2033,2008-02-05,24.605,25.475,24.525,25.18,1423800
2034,2008-02-06,25.209999,25.434999,24.674999,24.684999,1006400
2035,2008-02-07,24.59,24.885,24.33,24.535,908400
2036,2008-02-08,24.440001,24.700001,23.85,24.225,1106600
2037,2008-02-11,24.200001,24.434999,23.969999,24.195,600200
2038,2008-02-12,24.27,24.469999,24.139999,24.43,730000
2039,2008-02-13,24.6,24.700001,23.985001,24.305,1617800
2040,2008-02-14,24.344999,24.76,24.334999,24.68,1046800
2041,2008-02-15,24.59,25.075001,24.555,24.99,847200
2042,2008-02-19,25.205,25.25,24.85,24.865,759200
2043,2008-02-20,24.795,25.290001,24.75,25.145,406200
2044,2008-02-21,25.24,25.41,24.49,24.615,849600
2045,2008-02-22,24.6,25.200001,24.23,25.125,2016000
2046,2008-02-25,25.155001,25.58,25.014999,25.415001,871000
2047,2008-02-26,25.375,25.76,25.375,25.6,969200
2048,2008-02-27,25.385,25.805,25.344999,25.610001,873400
2049,2008-02-28,25.450001,25.75,25.254999,25.525,1197400
2050,2008-02-29,26.16,27.459999,25.6,26.709999,3034400
2051,2008-03-03,26.549999,27.155001,26.549999,27.125,1610600
2052,2008-03-04,26.885,27.440001,26.73,27.23,1302000
2053,2008-03-05,27.405001,27.405001,26.934999,27.115,963200
2054,2008-03-06,27.025,27.105,26.780001,26.9,1062000
2055,2008-03-07,26.719999,27.379999,26.41,26.530001,1287600
2056,2008-03-10,26.594999,26.735001,26.285,26.594999,708600
2057,2008-03-11,27.15,27.15,25.635,25.91,1806400
2058,2008-03-12,25.695,26.625,25.639999,26.285,745600
2059,2008-03-13,25.799999,26.27,25.565001,26.115,767800
2060,2008-03-14,26.275,26.610001,25.700001,26.469999,1127200
2061,2008-03-17,25.959999,26.209999,25.455,25.674999,886000
2062,2008-03-18,26.16,26.43,24.924999,25.540001,1327600
2063,2008-03-19,25.615,26.325001,25.495001,25.635,990400
2064,2008-03-20,25.615,25.975,25.24,25.870001,1650600
2065,2008-03-24,25.895,25.91,25.535,25.799999,1038800
2066,2008-03-25,25.950001,26.18,25.645,26.129999,654600
2067,2008-03-26,26.1,26.16,25.65,25.75,902200
2068,2008-03-27,25.99,26.775,25.77,26.719999,1007600
2069,2008-03-28,26.709999,27.145,26.5,26.965,1348200
2070,2008-03-31,26.844999,27.115,26.514999,26.844999,982000
2071,2008-04-01,26.945,27.615,26.934999,27.555,927800
2072,2008-04-02,27.695,27.695,27.075001,27.469999,1034200
2073,2008-04-03,27.34,27.98,27.145,27.9,866000
2074,2008-04-04,28.045,28.045,27.33,27.42,949400
2075,2008-04-07,27.655001,28.290001,27.495001,28.139999,1376600
2076,2008-04-08,28.0,28.615,28.0,28.540001,1336800
2077,2008-04-09,28.514999,28.615,28.285,28.434999,671800
2078,2008-04-10,28.445,28.445,28.17,28.370001,704200
2079,2008-04-11,28.135,28.25,27.57,27.709999,989200
2080,2008-04-14,27.76,28.424999,27.719999,28.370001,931200
2081,2008-04-15,28.475,28.525,27.91,27.99,1310800
2082,2008-04-16,28.17,28.58,27.889999,28.475,966400
2083,2008-04-17,28.475,28.5,27.995001,28.254999,638000
2084,2008-04-18,28.504999,30.0,28.205,28.24,664000
2085,2008-04-21,28.045,28.555,28.045,28.48,1652600
2086,2008-04-22,28.24,28.42,27.889999,27.924999,1493200
2087,2008-04-23,27.98,28.77,27.805,28.540001,1432400
2088,2008-04-24,28.485001,28.965,28.110001,28.76,916800
2089,2008-04-25,31.315001,31.75,30.684999,31.190001,3913600
2090,2008-04-28,31.1,31.565001,30.655001,31.450001,1442600
2091,2008-04-29,30.940001,31.33,30.035,31.190001,2466400
2092,2008-04-30,31.195,31.495001,30.945,31.32,2306200
2093,2008-05-01,31.02,31.424999,30.629999,30.775,1505400
2094,2008-05-02,30.924999,31.065001,30.424999,30.530001,1749400
2095,2008-05-05,30.5,31.725,30.5,31.440001,1833400
2096,2008-05-06,31.27,31.74,30.875,31.049999,998400
2097,2008-05-07,31.125,31.445,30.85,30.905001,1498000
2098,2008-05-08,31.0,31.325001,30.945,31.0,900000
2099,2008-05-09,30.870001,31.629999,30.674999,31.5,728400
2100,2008-05-12,31.615,31.639999,31.309999,31.565001,722000
2101,2008-05-13,31.620001,31.620001,31.174999,31.4,659200
2102,2008-05-14,31.415001,31.610001,30.825001,30.905001,1544200
2103,2008-05-15,31.02,31.459999,30.58,31.395,861000
2104,2008-05-16,31.700001,31.700001,31.084999,31.24,426800
2105,2008-05-19,31.379999,32.005001,31.379999,31.809999,938200
2106,2008-05-20,31.855,32.095001,31.535,31.655001,757600
2107,2008-05-21,31.85,32.709999,31.655001,31.700001,1653800
2108,2008-05-22,31.59,32.134998,31.385,31.965,789600
2109,2008-05-23,31.700001,32.200001,31.43,31.625,644200
2110,2008-05-27,31.575001,32.435001,31.575001,31.945,894600
2111,2008-05-28,32.154999,32.255001,31.525,31.93,534400
2112,2008-05-29,32.154999,32.555,31.905001,32.439999,924000
2113,2008-05-30,32.549999,32.935001,32.240002,32.5,892600
2114,2008-06-02,32.505001,32.505001,31.280001,31.865,1552800
2115,2008-06-03,31.735001,32.150002,31.665001,32.125,1963600
2116,2008-06-04,31.940001,32.07,31.549999,31.84,1129800
2117,2008-06-05,32.040001,32.424999,31.875,32.125,1075600
2118,2008-06-06,31.950001,31.959999,31.235001,31.344999,934000
2119,2008-06-09,31.245001,31.76,30.959999,31.584999,1487800
2120,2008-06-10,31.445,31.75,31.09,31.485001,1283800
2121,2008-06-11,31.424999,31.424999,30.084999,30.219999,1554600
2122,2008-06-12,30.355,31.25,30.245001,30.895,1173600
2123,2008-06-13,30.094999,30.84,30.014999,30.834999,1123000
2124,2008-06-16,30.75,30.955,30.395,30.809999,611200
2125,2008-06-17,30.825001,31.0,30.65,30.809999,662200
2126,2008-06-18,30.719999,31.0,30.415001,30.75,640000
2127,2008-06-19,30.709999,31.125,30.355,30.99,1211600
2128,2008-06-20,30.754999,31.17,30.75,30.945,1364000
2129,2008-06-23,31.110001,31.110001,30.57,30.67,1046000
2130,2008-06-24,30.639999,31.68,30.639999,31.445,1826800
2131,2008-06-25,31.485001,31.860001,31.405001,31.629999,1054000
2132,2008-06-26,31.58,32.0,31.264999,31.605,1021800
2133,2008-06-27,31.525,31.92,31.205,31.690001,1569800
2134,2008-06-30,31.605,32.150002,31.545,31.610001,842200
2135,2008-07-01,31.34,31.719999,31.045,31.545,971200
2136,2008-07-02,31.834999,32.5,31.575001,32.0,1909200
2137,2008-07-03,32.025002,32.27,31.635,32.174999,1055800
2138,2008-07-07,32.200001,32.615002,31.315001,31.73,1613000
2139,2008-07-08,31.705,31.825001,31.025,31.424999,1363400
2140,2008-07-09,31.43,32.189999,31.35,31.799999,1124200
2141,2008-07-10,31.75,32.005001,31.475,31.860001,824200
2142,2008-07-11,30.120001,31.035,29.875,30.5,3881000
2143,2008-07-14,30.684999,30.9,30.084999,30.275,1031200
2144,2008-07-15,30.245001,30.84,30.02,30.695,1077200
2145,2008-07-16,30.75,31.375,30.75,31.280001,1457800
2146,2008-07-17,31.219999,31.33,30.370001,30.985001,1940000
2147,2008-07-18,31.035,31.355,30.605,30.700001,924600
2148,2008-07-21,30.700001,30.700001,29.955,29.985001,1595800
2149,2008-07-22,29.809999,30.575001,29.594999,30.51,1442000
2150,2008-07-23,30.305,30.424999,29.440001,29.74,2163800
2151,2008-07-24,29.695,29.815001,29.5,29.59,872600
2152,2008-07-25,29.775,30.02,29.465,29.555,1635000
2153,2008-07-28,29.764999,30.135,29.4,30.025,2037000
2154,2008-07-29,31.594999,31.594999,30.115,30.245001,4105800
2155,2008-07-30,30.535,33.0,30.084999,30.5,2365400
2156,2008-07-31,29.4,30.865,29.15,30.309999,1486800
2157,2008-08-01,30.145,30.77,29.735001,30.605,1146600
2158,2008-08-04,30.665001,31.135,30.584999,31.045,1464200
2159,2008-08-05,31.049999,31.049999,30.045,30.605,1875400
2160,2008-08-06,30.645,30.645,29.809999,30.299999,1572600
2161,2008-08-07,30.045,30.215,29.75,29.875,1642600
2162,2008-08-08,29.725,30.174999,29.594999,30.025,1196200
2163,2008-08-11,30.02,30.305,29.915001,30.219999,1321600
2164,2008-08-12,30.215,30.215,29.75,30.0,951600
2165,2008-08-13,29.950001,31.0,29.775,30.815001,1293800
2166,2008-08-14,30.700001,31.799999,30.700001,31.58,1502200
2167,2008-08-15,28.5,32.375,28.5,32.330002,1434800
2168,2008-08-18,32.165001,32.5,31.379999,31.540001,911600
2169,2008-08-19,31.385,31.959999,31.385,31.700001,650200
2170,2008-08-20,31.74,31.799999,31.129999,31.32,473800
2171,2008-08-21,31.200001,31.684999,31.02,31.495001,714400
2172,2008-08-22,31.625,31.764999,31.325001,31.495001,999800
2173,2008-08-25,31.49,31.49,30.549999,31.030001,668600
2174,2008-08-26,31.115,31.115,30.5,30.940001,760800
2175,2008-08-27,31.059999,31.719999,30.785,31.370001,997600
2176,2008-08-28,31.355,31.475,31.165001,31.344999,779000
2177,2008-08-29,31.17,31.385,30.844999,30.889999,934000
2178,2008-09-02,31.125,31.495001,30.639999,31.030001,1017000
2179,2008-09-03,31.07,31.264999,30.995001,31.09,517800
2180,2008-09-04,31.0,31.094999,30.82,30.940001,1309800
2181,2008-09-05,30.915001,31.25,30.719999,31.18,1145600
2182,2008-09-08,31.684999,31.725,31.110001,31.344999,1115600
2183,2008-09-09,31.290001,31.895,31.120001,31.700001,1510800
2184,2008-09-10,31.93,31.99,31.385,31.565001,1910600
2185,2008-09-11,31.475,32.474998,31.094999,32.474998,2155000
2186,2008-09-12,32.330002,32.814999,32.049999,32.540001,1210200
2187,2008-09-15,32.060001,32.34,31.105,31.895,967800
2188,2008-09-16,31.415001,31.780001,31.225,31.59,1445400
2189,2008-09-17,31.365,31.495001,30.92,31.035,1258600
2190,2008-09-18,31.205,31.405001,30.655001,31.295,1777600
2191,2008-09-19,32.674999,34.625,30.23,30.945,2061200
2192,2008-09-22,31.055,31.530001,30.459999,30.535,865000
2193,2008-09-23,30.52,31.01,29.719999,29.940001,1321800
2194,2008-09-24,29.895,29.99,29.450001,29.545,655600
2195,2008-09-25,29.655001,29.895,29.145,29.639999,1114800
2196,2008-09-26,29.525,29.535,28.865,29.125,1640200
2197,2008-09-29,28.9,28.934999,27.805,28.025,1357600
2198,2008-09-30,28.309999,28.309999,27.334999,28.014999,1246600
2199,2008-10-01,27.145,27.145,26.254999,26.584999,2395800
2200,2008-10-02,26.295,26.469999,25.875,26.32,1695600
2201,2008-10-03,26.48,26.860001,25.67,25.74,1242800
2202,2008-10-06,25.459999,25.459999,24.07,24.48,2169600
2203,2008-10-07,24.004999,24.465,23.405001,23.49,2036200
2204,2008-10-08,22.799999,23.594999,22.514999,22.625,2445400
2205,2008-10-09,22.764999,23.35,21.5,21.57,1904600
2206,2008-10-10,20.0,21.495001,19.059999,20.525,2678800
2207,2008-10-13,21.014999,23.215,20.985001,23.200001,1713400
2208,2008-10-14,23.545,24.110001,22.48,23.075001,2347200
2209,2008-10-15,22.65,22.719999,21.959999,22.200001,1449600
2210,2008-10-16,22.040001,22.045,20.5,21.610001,1610800
2211,2008-10-17,21.469999,21.91,20.975,21.125,1239800
2212,2008-10-20,21.245001,21.934999,21.125,21.639999,910400
2213,2008-10-21,21.485001,22.155001,21.485001,21.605,768800
2214,2008-10-22,21.325001,21.58,20.549999,21.02,1208800
2215,2008-10-23,21.004999,21.145,19.334999,19.965,1238400
2216,2008-10-24,19.375,20.105,18.905001,19.92,891000
2217,2008-10-27,19.73,19.77,18.355,18.379999,1108200
2218,2008-10-28,17.950001,19.75,16.84,18.495001,3081400
2219,2008-10-29,18.665001,19.59,18.174999,19.004999,2263400
2220,2008-10-30,19.264999,20.455,19.205,20.41,2187000
2221,2008-10-31,20.445,21.23,19.895,21.02,1375000
2222,2008-11-03,20.945,21.93,20.85,21.575001,779600
2223,2008-11-04,21.870001,21.950001,20.365,20.625,1770800
2224,2008-11-05,20.42,20.719999,19.615,19.889999,1775800
2225,2008-11-06,19.85,20.58,19.85,20.205,1507200
2226,2008-11-07,20.24,20.535,19.959999,20.4,650400
2227,2008-11-10,20.620001,20.799999,19.82,20.059999,711600
2228,2008-11-11,19.84,20.620001,19.424999,20.200001,1241400
2229,2008-11-12,19.945,20.24,19.440001,19.5,1026400
2230,2008-11-13,19.59,20.85,19.145,20.85,1226200
2231,2008-11-14,20.555,20.834999,19.450001,19.51,1045400
2232,2008-11-17,19.575001,20.48,19.415001,19.775,1225000
2233,2008-11-18,19.799999,20.299999,19.049999,19.924999,1993400
2234,2008-11-19,19.860001,20.334999,18.379999,18.450001,1100200
2235,2008-11-20,18.334999,18.4,16.4,16.415001,1556400
2236,2008-11-21,16.565001,16.719999,15.3,16.219999,2563400
2237,2008-11-24,16.299999,17.145,15.725,16.9,3039400
2238,2008-11-25,16.865,17.844999,15.95,17.790001,1409200
2239,2008-11-26,17.280001,18.205,17.280001,18.065001,1321000
2240,2008-11-28,18.15,18.67,17.855,18.575001,422800
2241,2008-12-01,18.125,18.125,16.725,16.975,1916200
2242,2008-12-02,17.15,17.825001,16.815001,17.705,1340800
2243,2008-12-03,17.424999,17.655001,16.985001,17.610001,1653400
2244,2008-12-04,17.405001,17.725,16.825001,17.1,1179200
2245,2008-12-05,16.85,17.684999,16.344999,17.66,1190000
2246,2008-12-08,18.025,18.205,17.434999,17.855,1323400
2247,2008-12-09,17.785,18.129999,17.01,17.07,1633800
2248,2008-12-10,17.184999,17.57,16.91,17.004999,1842000
2249,2008-12-11,17.004999,18.24,16.995001,17.405001,1980000
2250,2008-12-12,17.385,17.875,17.07,17.695,1174400
2251,2008-12-15,17.91,17.91,16.205,16.459999,2095000
2252,2008-12-16,16.52,17.440001,16.52,17.424999,1775000
2253,2008-12-17,17.125,17.389999,17.004999,17.120001,1683800
2254,2008-12-18,17.155001,18.48,17.049999,18.26,2070600
2255,2008-12-19,18.225,18.42,17.809999,18.18,1399400
2256,2008-12-22,18.370001,18.370001,17.215,17.575001,1630800
2257,2008-12-23,17.615,17.84,17.245001,17.360001,1358400
2258,2008-12-24,17.360001,17.959999,17.139999,17.715,745600
2259,2008-12-26,17.719999,17.915001,17.629999,17.860001,702200
2260,2008-12-29,17.870001,17.93,17.530001,17.85,1155800
2261,2008-12-30,17.9,18.43,17.809999,18.43,1082000
2262,2008-12-31,18.395,18.9,18.264999,18.785,958600
2263,2009-01-02,18.860001,19.145,18.344999,19.059999,788200
2264,2009-01-05,19.004999,19.280001,18.690001,19.195,1416800
2265,2009-01-06,19.280001,19.700001,18.934999,19.5,1610200
2266,2009-01-07,19.25,20.195,19.07,19.555,1821600
2267,2009-01-08,19.485001,20.045,19.139999,19.815001,1317200
2268,2009-01-09,19.775,19.84,19.145,19.725,837800
2269,2009-01-12,19.635,19.635,18.825001,18.92,1195600
2270,2009-01-13,18.924999,19.535,18.809999,19.275,862000
2271,2009-01-14,19.065001,19.190001,18.405001,18.48,1412000
2272,2009-01-15,18.41,18.58,17.719999,18.465,1296400
2273,2009-01-16,18.715,19.059999,18.545,18.940001,761400
2274,2009-01-20,18.844999,18.889999,17.805,17.9,676800
2275,2009-01-21,17.92,18.540001,17.75,18.495001,675800
2276,2009-01-22,18.07,18.635,18.07,18.405001,1021000
2277,2009-01-23,17.924999,18.290001,17.605,18.049999,761800
2278,2009-01-26,18.120001,18.42,17.889999,18.075001,689000
2279,2009-01-27,18.09,18.795,18.08,18.715,1001000
2280,2009-01-28,19.004999,19.285,18.799999,19.275,1220200
2281,2009-01-29,19.184999,19.285,18.934999,19.215,1787000
2282,2009-01-30,19.17,19.235001,18.594999,18.924999,2558600
2283,2009-02-02,18.674999,19.635,18.59,19.275,1584200
2284,2009-02-03,19.355,19.59,19.02,19.48,1261000
2285,2009-02-04,19.48,19.68,19.245001,19.450001,1311000
2286,2009-02-05,19.43,20.445,19.280001,20.405001,1912800
2287,2009-02-06,20.385,21.110001,20.205,20.950001,1978800
2288,2009-02-09,20.865,20.975,20.264999,20.469999,871400
2289,2009-02-10,20.334999,21.045,20.219999,20.290001,1475600
2290,2009-02-11,19.915001,20.145,19.51,19.885,2077600
2291,2009-02-12,19.655001,20.389999,19.445,20.305,1516000
2292,2009-02-13,20.07,20.754999,20.07,20.625,918200
2293,2009-02-17,20.105,20.334999,19.795,20.07,1413600
2294,2009-02-18,20.245001,20.35,19.719999,20.254999,1126000
2295,2009-02-19,20.594999,20.594999,19.700001,19.959999,1815200
2296,2009-02-20,19.865,20.01,19.07,19.860001,2478200
2297,2009-02-23,19.905001,19.934999,18.875,19.145,1622800
2298,2009-02-24,19.145,19.969999,19.055,19.905001,1622000
2299,2009-02-25,19.875,20.014999,19.285,19.459999,1068600
2300,2009-02-26,19.655001,19.77,17.780001,17.82,4793400
2301,2009-02-27,18.84,19.875,18.25,18.415001,6282600
2302,2009-03-02,17.844999,18.245001,16.77,16.83,3015800
2303,2009-03-03,16.975,17.594999,16.565001,17.190001,2064000
2304,2009-03-04,17.32,18.084999,16.969999,17.719999,1730800
2305,2009-03-05,17.48,17.48,16.35,16.434999,1448400
2306,2009-03-06,16.559999,16.855,16.09,16.434999,1252600
2307,2009-03-09,16.325001,16.325001,15.215,15.39,2362200
2308,2009-03-10,15.565,16.344999,15.54,16.215,1299200
2309,2009-03-11,16.315001,16.65,16.035,16.455,2034600
2310,2009-03-12,16.344999,17.395,16.16,17.225,1343000
2311,2009-03-13,17.174999,17.535,17.004999,17.43,1150200
2312,2009-03-16,17.424999,17.77,17.225,17.254999,1201000
2313,2009-03-17,17.235001,17.725,17.059999,17.715,921600
2314,2009-03-18,17.49,18.030001,17.450001,17.68,1366400
2315,2009-03-19,17.775,17.84,17.5,17.684999,1224400
2316,2009-03-20,17.719999,17.76,17.084999,17.325001,1191200
2317,2009-03-23,17.615,18.41,17.33,18.395,1456200
2318,2009-03-24,18.235001,18.58,18.174999,18.174999,903000
2319,2009-03-25,18.360001,19.135,18.129999,18.610001,1508800
2320,2009-03-26,18.735001,19.344999,18.549999,19.285,1303800
2321,2009-03-27,19.09,19.434999,18.889999,19.190001,1244600
2322,2009-03-30,18.719999,18.955,18.360001,18.65,1591400
2323,2009-03-31,18.805,19.455,18.805,19.17,1538600
2324,2009-04-01,18.855,19.385,18.605,19.26,2116000
2325,2009-04-02,19.635,20.16,19.48,19.805,1743200
2326,2009-04-03,19.860001,20.200001,19.25,19.385,1639200
2327,2009-04-06,19.195,19.51,18.705,18.9,1298600
2328,2009-04-07,18.745001,19.225,18.379999,19.08,1821400
2329,2009-04-08,19.120001,19.200001,17.395,18.290001,2793000
2330,2009-04-09,18.75,19.475,18.75,19.450001,3870600
2331,2009-04-13,19.405001,19.725,19.325001,19.715,1673600
2332,2009-04-14,19.709999,21.200001,19.594999,20.780001,2054800
2333,2009-04-15,20.725,21.0,19.834999,20.594999,2249400
2334,2009-04-16,20.799999,21.1,20.525,20.945,1458600
2335,2009-04-17,20.924999,21.245001,20.700001,21.004999,931600
2336,2009-04-20,20.73,20.959999,19.775,20.059999,1116200
2337,2009-04-21,20.105,21.1,20.09,20.6,2639600
2338,2009-04-22,20.49,21.445,20.485001,21.049999,1366600
2339,2009-04-23,21.075001,21.09,20.495001,20.785,1413800
2340,2009-04-24,20.965,21.92,20.754999,21.639999,2600800
2341,2009-04-27,21.625,23.155001,21.4,23.040001,3893600
2342,2009-04-28,24.174999,24.975,23.105,24.34,5338000
2343,2009-04-29,24.575001,25.725,24.225,25.475,2773000
2344,2009-04-30,25.76,26.004999,25.004999,25.200001,2228000
2345,2009-05-01,25.165001,25.165001,24.375,24.51,2468200
2346,2009-05-04,23.98,24.855,23.344999,24.855,3189200
2347,2009-05-05,24.865,25.450001,24.73,25.385,1872200
2348,2009-05-06,25.525,25.525,24.645,25.07,1677400
2349,2009-05-07,25.215,26.145,25.09,25.65,1820800
2350,2009-05-08,25.065001,25.93,25.059999,25.559999,2056800
2351,2009-05-11,25.795,26.834999,25.43,26.1,2529400
2352,2009-05-12,26.200001,26.309999,25.555,25.795,1778200
2353,2009-05-13,25.59,26.025,25.209999,25.290001,1501000
2354,2009-05-14,25.424999,25.49,24.85,25.315001,1444800
2355,2009-05-15,25.299999,25.690001,24.535,24.594999,2690000
2356,2009-05-18,24.615,25.33,23.665001,25.299999,3314000
2357,2009-05-19,25.32,26.389999,25.309999,26.184999,2387400
2358,2009-05-20,26.145,28.715,25.815001,28.645,9837800
2359,2009-05-21,28.455,28.799999,26.525,26.959999,4087000
2360,2009-05-22,27.155001,27.325001,26.825001,27.049999,897400
2361,2009-05-26,26.635,28.0,26.6,27.745001,1542000
2362,2009-05-27,27.74,28.049999,27.43,27.73,1153200
2363,2009-05-28,27.82,28.030001,27.030001,27.23,1915000
2364,2009-05-29,27.43,27.465,26.809999,27.465,953600
2365,2009-06-01,27.665001,28.370001,27.635,28.190001,2303000
2366,2009-06-02,28.16,28.68,27.700001,28.0,1729800
2367,2009-06-03,27.695,27.695,26.785,27.110001,1648600
2368,2009-06-04,27.129999,27.23,26.530001,26.950001,939200
2369,2009-06-05,26.985001,27.389999,26.555,27.280001,1143000
2370,2009-06-08,27.285,27.690001,27.084999,27.459999,1601800
2371,2009-06-09,27.440001,27.66,27.07,27.5,911800
2372,2009-06-10,27.575001,27.655001,26.75,26.92,1234200
2373,2009-06-11,26.940001,27.495001,26.825001,26.879999,966000
2374,2009-06-12,26.870001,26.985001,26.08,26.190001,1380400
2375,2009-06-15,25.809999,25.985001,24.945,25.735001,2189200
2376,2009-06-16,25.83,26.334999,25.059999,25.200001,1044000
2377,2009-06-17,25.200001,25.555,24.66,24.75,1702600
2378,2009-06-18,24.695,25.82,24.525,25.65,1369000
2379,2009-06-19,25.934999,25.934999,24.885,24.99,1075200
2380,2009-06-22,24.764999,24.84,24.004999,24.275,935600
2381,2009-06-23,24.26,24.365,23.475,23.565001,1218000
2382,2009-06-24,23.674999,24.355,23.525,24.18,997400
2383,2009-06-25,24.15,25.469999,24.0,25.120001,1504400
2384,2009-06-26,25.09,25.09,24.424999,24.690001,1145400
2385,2009-06-29,24.674999,24.76,24.01,24.700001,1053800
2386,2009-06-30,24.700001,24.82,24.035,24.424999,1158200
2387,2009-07-01,24.485001,24.790001,24.190001,24.709999,1127200
2388,2009-07-02,24.33,24.389999,23.809999,24.215,1302600
2389,2009-07-06,24.285,24.285,23.67,24.1,1588000
2390,2009-07-07,24.049999,25.639999,23.959999,25.075001,2016800
2391,2009-07-08,25.219999,25.275,24.045,24.565001,1508600
2392,2009-07-09,24.57,24.82,24.025,24.325001,978600
2393,2009-07-10,24.325001,24.58,23.795,24.344999,755200
2394,2009-07-13,24.355,24.514999,23.594999,24.205,1458800
2395,2009-07-14,24.110001,24.565001,23.735001,24.51,1501800
2396,2009-07-15,24.77,25.225,24.465,25.174999,1203800
2397,2009-07-16,25.040001,25.965,24.93,25.92,1101600
2398,2009-07-17,25.995001,26.200001,25.745001,26.02,1424600
2399,2009-07-20,26.059999,26.065001,25.485001,25.805,1281800
2400,2009-07-21,25.75,26.360001,25.325001,25.690001,840200
2401,2009-07-22,25.535,26.110001,25.235001,25.584999,1103000
2402,2009-07-23,25.615,25.809999,25.424999,25.545,949800
2403,2009-07-24,25.405001,26.305,25.405001,26.305,1376200
2404,2009-07-27,26.290001,26.605,25.91,26.525,1286000
2405,2009-07-28,26.77,27.66,26.6,27.48,2253000
2406,2009-07-29,28.129999,28.809999,27.77,28.635,3558000
2407,2009-07-30,28.775,29.07,28.145,28.34,1654800
2408,2009-07-31,28.34,28.545,27.58,27.805,1770400
2409,2009-08-03,28.120001,29.27,28.075001,29.205,2731600
2410,2009-08-04,29.065001,29.395,29.014999,29.225,1452400
2411,2009-08-05,29.105,29.129999,28.525,28.834999,1633000
2412,2009-08-06,28.83,28.834999,28.094999,28.344999,1578200
2413,2009-08-07,28.475,29.129999,28.299999,28.559999,1398400
2414,2009-08-10,28.525,29.105,28.16,28.844999,729200
2415,2009-08-11,28.780001,29.030001,28.415001,28.725,1029400
2416,2009-08-12,28.775,29.33,28.42,29.139999,1012000
2417,2009-08-13,29.299999,29.549999,28.825001,29.535,755800
2418,2009-08-14,29.625,29.75,28.945,29.5,941000
2419,2009-08-17,29.35,30.15,29.115,29.99,1588400
2420,2009-08-18,29.844999,29.870001,29.139999,29.334999,1070400
2421,2009-08-19,29.235001,29.9,29.205,29.855,1196200
2422,2009-08-20,29.865,30.030001,29.665001,29.9,664400
2423,2009-08-21,30.139999,30.52,29.969999,29.985001,974200
2424,2009-08-24,30.035,30.174999,29.805,30.030001,636600
2425,2009-08-25,30.075001,30.469999,29.9,30.02,479400
2426,2009-08-26,29.965,30.205,29.605,29.709999,741200
2427,2009-08-27,29.879999,29.98,29.129999,29.709999,637400
2428,2009-08-28,29.885,29.885,29.209999,29.465,687600
2429,2009-08-31,29.365,29.594999,28.860001,29.379999,1028800
2430,2009-09-01,29.245001,29.77,28.700001,28.84,990000
2431,2009-09-02,28.995001,29.379999,28.795,28.83,1061000
2432,2009-09-03,29.014999,29.360001,28.52,29.334999,1287200
2433,2009-09-04,29.334999,29.59,29.049999,29.450001,1305400
2434,2009-09-08,29.434999,29.615,28.889999,29.17,876200
2435,2009-09-09,29.115,29.780001,29.115,29.575001,1114000
2436,2009-09-10,29.525,30.405001,29.305,30.33,1167400
2437,2009-09-11,30.280001,31.055,30.254999,30.99,843000
2438,2009-09-14,31.135,31.865,30.945,31.23,1514800
2439,2009-09-15,31.059999,31.5,30.77,31.415001,1084800
2440,2009-09-16,31.360001,31.48,30.76,31.365,1398000
2441,2009-09-17,31.17,31.455,30.715,31.0,1370200
2442,2009-09-18,31.219999,31.51,30.844999,31.08,1247600
2443,2009-09-21,30.99,31.344999,30.85,31.155001,567600
2444,2009-09-22,31.139999,31.325001,30.745001,31.190001,846800
2445,2009-09-23,31.200001,31.735001,31.035,31.23,1062200
2446,2009-09-24,31.23,31.309999,30.549999,31.004999,1096800
2447,2009-09-25,30.959999,31.26,30.610001,30.690001,872600
2448,2009-09-28,30.809999,31.690001,30.764999,31.455,807600
2449,2009-09-29,31.57,31.605,30.815001,31.4,878400
2450,2009-09-30,31.375,31.465,30.514999,30.965,926200
2451,2009-10-01,30.924999,31.0,30.635,30.775,1931800
2452,2009-10-02,30.605,30.75,30.115,30.16,1337600
2453,2009-10-05,30.200001,30.549999,29.9,30.51,980800
2454,2009-10-06,30.620001,31.135,30.365,31.014999,1316400
2455,2009-10-07,30.955,31.725,30.93,31.34,747600
2456,2009-10-08,31.379999,32.465,31.18,32.439999,1356000
2457,2009-10-09,32.494999,33.32,32.490002,33.174999,895200
2458,2009-10-12,33.18,33.18,32.755001,32.810001,626800
2459,2009-10-13,32.845001,33.049999,32.435001,32.654999,739600
2460,2009-10-14,32.775002,33.275002,32.715,33.080002,1065400
2461,2009-10-15,32.634998,33.215,32.560001,32.799999,1169200
2462,2009-10-16,32.584999,32.755001,32.419998,32.540001,851400
2463,2009-10-19,32.505001,32.700001,32.189999,32.349998,1238600
2464,2009-10-20,32.349998,32.48,31.969999,32.060001,993600
2465,2009-10-21,32.145,32.305,31.385,31.424999,1016000
2466,2009-10-22,31.504999,31.959999,31.264999,31.68,638200
2467,2009-10-23,31.780001,31.85,31.219999,31.285,551200
2468,2009-10-26,31.42,31.764999,31.0,31.125,536000
2469,2009-10-27,31.075001,31.075001,29.764999,30.4,1364200
2470,2009-10-28,30.16,30.190001,28.834999,28.875,1542400
2471,2009-10-29,29.16,30.424999,29.16,30.360001,1941600
2472,2009-10-30,28.74,30.049999,27.785,27.825001,6884800
2473,2009-11-02,28.02,28.735001,27.855,28.615,2577400
2474,2009-11-03,28.57,28.825001,28.24,28.635,1606800
2475,2009-11-04,28.855,29.045,28.389999,28.43,1213800
2476,2009-11-05,28.655001,28.795,28.43,28.785,1177000
2477,2009-11-06,28.475,28.959999,28.135,28.465,1264200
2478,2009-11-09,28.549999,28.85,28.465,28.83,762000
2479,2009-11-10,28.815001,29.219999,28.709999,29.075001,887800
2480,2009-11-11,29.235001,29.375,29.01,29.225,699800
2481,2009-11-12,29.32,29.459999,29.155001,29.215,841000
2482,2009-11-13,29.33,29.49,29.174999,29.33,1289000
2483,2009-11-16,29.495001,29.635,29.379999,29.555,1003000
2484,2009-11-17,29.450001,29.57,29.295,29.514999,820200
2485,2009-11-18,29.565001,29.575001,29.004999,29.165001,692400
2486,2009-11-19,29.184999,29.674999,28.83,29.370001,1726400
2487,2009-11-20,29.450001,29.469999,29.025,29.18,886400
2488,2009-11-23,29.495001,30.030001,29.495001,29.709999,807600
2489,2009-11-24,29.860001,29.965,29.504999,29.555,849400
2490,2009-11-25,29.66,29.945,29.465,29.594999,717000
2491,2009-11-27,29.1,29.15,28.27,28.77,563400
2492,2009-11-30,28.625,28.73,27.715,27.945,2211600
2493,2009-12-01,28.004999,28.5,28.004999,28.275,1047600
2494,2009-12-02,27.950001,28.674999,27.950001,28.615,884000
2495,2009-12-03,28.575001,28.870001,28.035,28.084999,806200
2496,2009-12-04,28.455,28.584999,28.040001,28.215,1115800
2497,2009-12-07,28.309999,28.84,28.309999,28.459999,1350000
2498,2009-12-08,28.379999,28.485001,27.924999,28.125,729200
2499,2009-12-09,28.125,28.125,27.59,27.67,1112800
2500,2009-12-10,27.860001,28.584999,27.76,28.49,1988800
2501,2009-12-11,28.825001,29.370001,28.690001,29.125,1761000
2502,2009-12-14,29.325001,30.045,29.325001,30.0,1877800
2503,2009-12-15,29.549999,30.33,29.035,30.09,3905200
2504,2009-12-16,30.139999,31.27,30.1,31.18,1838800
2505,2009-12-17,30.74,31.120001,30.16,30.299999,1429700
2506,2009-12-18,31.299999,31.4,30.43,30.43,2917800
2507,2009-12-21,30.6,31.75,30.440001,31.120001,1177600
2508,2009-12-22,31.09,31.35,31.07,31.219999,1051200
2509,2009-12-23,31.200001,32.389999,31.01,31.940001,1627400
2510,2009-12-24,32.060001,32.139999,31.790001,31.99,244400
2511,2009-12-28,32.110001,32.299999,31.549999,31.59,578500
2512,2009-12-29,31.629999,31.629999,31.200001,31.200001,384700
2513,2009-12-30,31.02,31.23,30.66,30.709999,648100
2514,2009-12-31,30.77,30.82,30.5,30.5,774500
2515,2010-01-04,30.66,31.15,30.66,31.15,1553600
2516,2010-01-05,31.139999,31.42,30.709999,30.9,1210900
2517,2010-01-06,30.93,31.23,30.65,30.75,1039700
2518,2010-01-07,30.85,31.299999,30.639999,31.209999,1186300
2519,2010-01-08,31.25,32.68,31.209999,32.619999,1906000
2520,2010-01-11,32.869999,33.119999,32.240002,32.279999,803500
2521,2010-01-12,32.07,32.189999,31.18,31.309999,882200
2522,2010-01-13,31.51,32.790001,31.51,32.759998,1360200
2523,2010-01-14,32.529999,33.419998,32.419998,33.360001,1185600
2524,2010-01-15,33.34,33.360001,32.220001,32.360001,934000
2525,2010-01-19,31.99,32.18,30.780001,32.169998,1775900
2526,2010-01-20,31.940001,31.940001,29.6,30.32,4784300
2527,2010-01-21,30.290001,30.549999,29.059999,29.23,1792000
2528,2010-01-22,29.209999,29.9,28.67,28.75,1566600
2529,2010-01-25,29.0,29.77,28.719999,29.540001,1579000
2530,2010-01-26,29.42,30.959999,29.299999,30.85,1844100
2531,2010-01-27,30.860001,30.860001,29.709999,30.23,1858300
2532,2010-01-28,30.280001,30.389999,29.129999,29.389999,1066900
2533,2010-01-29,29.43,29.870001,29.02,29.16,937600
2534,2010-02-01,29.219999,29.360001,28.799999,29.360001,1136800
2535,2010-02-02,29.41,30.42,29.18,30.34,1098700
2536,2010-02-03,30.299999,30.299999,29.73,29.879999,431200
2537,2010-02-04,29.75,29.75,29.02,29.17,945300
2538,2010-02-05,29.200001,29.25,28.4,28.83,902800
2539,2010-02-08,28.77,29.129999,28.4,28.940001,1375000
2540,2010-02-09,29.27,30.35,29.049999,30.24,1585500
2541,2010-02-10,30.049999,31.209999,30.049999,30.870001,2193500
2542,2010-02-11,30.73,31.450001,30.450001,31.379999,942400
2543,2010-02-12,31.049999,32.02,30.879999,32.02,1024000
2544,2010-02-16,32.209999,32.290001,31.700001,32.009998,1031100
2545,2010-02-17,32.0,32.299999,31.73,31.84,1578100
2546,2010-02-18,31.74,31.950001,31.16,31.91,1804500
2547,2010-02-19,31.780001,32.290001,31.780001,32.279999,926000
2548,2010-02-22,32.27,32.5,31.370001,31.450001,1185600
2549,2010-02-23,31.25,31.389999,30.51,30.559999,1275200
2550,2010-02-24,30.57,30.700001,30.190001,30.4,1285100
2551,2010-02-25,30.02,31.17,29.52,31.01,1725600
2552,2010-02-26,30.52,31.83,29.65,31.02,2416700
2553,2010-03-01,31.18,31.75,31.120001,31.690001,1207000
2554,2010-03-02,31.85,32.220001,31.67,32.040001,686600
2555,2010-03-03,32.200001,32.380001,31.57,31.65,882500
2556,2010-03-04,31.6,33.09,31.57,33.029999,1720700
2557,2010-03-05,33.23,33.299999,32.810001,33.099998,960200
2558,2010-03-08,33.16,33.200001,32.970001,33.060001,608700
2559,2010-03-09,32.919998,33.110001,32.540001,32.540001,1498100
2560,2010-03-10,32.630001,33.639999,31.870001,33.509998,3239800
2561,2010-03-11,33.310001,33.700001,32.98,33.66,1536000
2562,2010-03-12,33.599998,33.75,32.41,33.029999,1197600
2563,2010-03-15,33.009998,33.939999,32.669998,33.860001,1371500
2564,2010-03-16,33.970001,34.169998,33.790001,34.150002,1131700
2565,2010-03-17,34.349998,34.990002,34.0,34.630001,1750300
2566,2010-03-18,34.77,34.959999,34.099998,34.169998,1769600
2567,2010-03-19,34.459999,34.540001,33.84,34.459999,1767700
2568,2010-03-22,34.75,36.709999,34.75,36.59,3787400
2569,2010-03-23,36.73,36.740002,35.779999,35.950001,1192300
2570,2010-03-24,35.91,35.970001,35.02,35.169998,1276900
2571,2010-03-25,35.279999,35.459999,34.98,35.18,868100
2572,2010-03-26,35.23,35.75,35.18,35.630001,1283200
2573,2010-03-29,35.810001,36.169998,35.66,36.07,941900
2574,2010-03-30,36.16,36.25,35.689999,35.799999,1297100
2575,2010-03-31,35.720001,35.75,34.91,35.09,756200
2576,2010-04-01,35.360001,36.880001,35.27,36.709999,1578200
2577,2010-04-05,36.709999,37.080002,36.509998,36.630001,672600
2578,2010-04-06,36.57,36.970001,36.459999,36.689999,789000
2579,2010-04-07,36.540001,36.82,35.810001,36.779999,1650600
2580,2010-04-08,36.720001,37.02,36.220001,36.990002,1141200
2581,2010-04-09,37.049999,37.099998,36.290001,36.32,1126300
2582,2010-04-12,36.34,37.18,36.279999,36.5,1792000
2583,2010-04-13,36.549999,36.799999,35.959999,36.060001,1102400
2584,2010-04-14,36.279999,36.299999,35.43,35.450001,1128500
2585,2010-04-15,35.450001,35.57,35.130001,35.380001,1133300
2586,2010-04-16,35.290001,35.52,33.709999,34.860001,3856500
2587,2010-04-19,35.240002,35.93,34.639999,35.759998,1965500
2588,2010-04-20,36.150002,37.119999,35.43,37.0,2057200
2589,2010-04-21,36.93,37.25,35.82,35.990002,1347700
2590,2010-04-22,35.689999,36.299999,35.41,35.869999,1113000
2591,2010-04-23,35.970001,37.07,35.970001,36.509998,1997300
2592,2010-04-26,36.580002,36.639999,35.860001,35.970001,1178200
2593,2010-04-27,35.93,38.209999,35.93,36.889999,3694900
2594,2010-04-28,36.98,37.189999,36.549999,36.75,1379600
2595,2010-04-29,36.869999,38.279999,36.75,38.18,1264500
2596,2010-04-30,38.200001,38.68,37.099998,37.119999,1487900
2597,2010-05-03,37.32,38.16,36.919998,37.849998,1290900
2598,2010-05-04,37.669998,37.669998,36.400002,36.459999,1218800
2599,2010-05-05,36.290001,36.860001,35.880001,36.009998,1316600
2600,2010-05-06,35.799999,36.450001,33.419998,35.029999,1816800
2601,2010-05-07,35.099998,35.900002,34.810001,35.470001,2637500
2602,2010-05-10,36.75,36.970001,36.169998,36.650002,1332700
2603,2010-05-11,36.32,37.689999,36.060001,37.48,1682200
2604,2010-05-12,37.689999,38.099998,37.380001,37.939999,1087100
2605,2010-05-13,37.810001,38.540001,37.66,37.700001,1291800
2606,2010-05-14,37.48,40.810001,36.900002,39.040001,4621900
2607,2010-05-17,43.200001,43.470001,41.0,42.139999,7216400
2608,2010-05-18,41.98,42.5,41.459999,41.75,3878000
2609,2010-05-19,41.529999,42.209999,41.360001,42.099998,1721700
2610,2010-05-20,41.240002,42.59,41.16,41.810001,2875700
2611,2010-05-21,41.490002,42.360001,40.759998,41.990002,2491600
2612,2010-05-24,41.790001,42.310001,41.400002,41.48,1815000
2613,2010-05-25,40.900002,41.959999,40.709999,41.84,1911300
2614,2010-05-26,42.07,43.119999,41.759998,42.34,1836700
2615,2010-05-27,43.169998,43.630001,42.860001,43.060001,1654000
2616,2010-05-28,42.959999,43.169998,42.209999,42.380001,1224000
2617,2010-06-01,42.09,42.759998,41.759998,41.900002,1217300
2618,2010-06-02,42.040001,43.110001,42.040001,43.099998,1334700
2619,2010-06-03,43.459999,43.799999,42.630001,43.360001,1033200
2620,2010-06-04,42.639999,43.240002,41.349998,41.57,1217400
2621,2010-06-07,41.639999,42.240002,41.029999,41.240002,1105400
2622,2010-06-08,41.240002,41.490002,39.73,40.32,2064200
2623,2010-06-09,40.610001,41.639999,40.529999,40.880001,1559600
2624,2010-06-10,41.560001,41.93,40.880001,41.900002,1107900
2625,2010-06-11,41.459999,42.139999,41.380001,42.139999,875800
2626,2010-06-14,42.299999,42.700001,42.150002,42.279999,925800
2627,2010-06-15,42.68,43.27,42.580002,43.23,759100
2628,2010-06-16,42.91,43.34,42.439999,42.759998,1704200
2629,2010-06-17,42.900002,43.09,42.189999,42.459999,1495700
2630,2010-06-18,42.459999,42.509998,41.25,41.330002,1759700
2631,2010-06-21,41.57,41.82,40.02,40.259998,1660800
2632,2010-06-22,40.34,40.84,39.209999,39.23,1622800
2633,2010-06-23,39.110001,40.290001,38.73,39.779999,1729200
2634,2010-06-24,40.380001,40.630001,39.869999,40.25,2076200
2635,2010-06-25,40.240002,40.560001,39.939999,40.07,1963800
2636,2010-06-28,40.07,40.080002,39.220001,39.48,1498500
2637,2010-06-29,38.939999,39.040001,38.080002,38.669998,1431700
2638,2010-06-30,38.529999,38.849998,38.119999,38.150002,1512800
2639,2010-07-01,38.360001,38.360001,36.43,37.16,1676500
2640,2010-07-02,37.290001,37.290001,36.330002,36.59,1251000
2641,2010-07-06,37.119999,37.259998,36.259998,36.43,1355300
2642,2010-07-07,36.389999,36.77,36.080002,36.740002,886800
2643,2010-07-08,36.98,37.869999,36.66,36.740002,2478700
2644,2010-07-09,36.720001,36.900002,36.130001,36.490002,1308700
2645,2010-07-12,36.450001,36.810001,36.139999,36.400002,895500
2646,2010-07-13,36.650002,37.040001,36.48,36.869999,834300
2647,2010-07-14,36.880001,37.849998,36.549999,37.59,1340400
2648,2010-07-15,37.509998,37.77,36.990002,37.650002,1144100
2649,2010-07-16,37.490002,37.490002,36.689999,36.810001,1313300
2650,2010-07-19,36.799999,37.150002,36.5,36.639999,768800
2651,2010-07-20,36.299999,36.43,35.869999,36.200001,1352300
2652,2010-07-21,36.389999,36.389999,34.790001,34.950001,2740100
2653,2010-07-22,35.34,35.599998,34.880001,34.900002,1010700
2654,2010-07-23,34.73,35.220001,34.599998,35.02,1650400
2655,2010-07-26,35.360001,36.560001,34.950001,36.310001,2407200
2656,2010-07-27,35.25,36.27,35.0,35.43,3449000
2657,2010-07-28,35.549999,35.860001,34.509998,34.560001,1139400
2658,2010-07-29,34.700001,35.09,34.0,34.279999,1359600
2659,2010-07-30,34.029999,36.040001,33.900002,35.970001,2132100
2660,2010-08-02,36.970001,37.509998,34.77,34.919998,2190500
2661,2010-08-03,34.709999,36.290001,34.650002,36.200001,2215600
2662,2010-08-04,36.400002,38.759998,36.169998,37.73,3294200
2663,2010-08-05,38.59,39.220001,37.73,38.0,1928300
2664,2010-08-06,37.619999,38.139999,37.169998,37.84,886600
2665,2010-08-09,38.130001,38.240002,37.790001,38.0,559400
2666,2010-08-10,37.650002,38.139999,37.540001,37.720001,789900
2667,2010-08-11,37.32,37.32,36.110001,36.18,789300
2668,2010-08-12,35.709999,36.279999,35.400002,36.0,709000
2669,2010-08-13,35.950001,36.490002,35.560001,36.310001,558300
2670,2010-08-16,36.049999,36.189999,35.650002,36.0,619400
2671,2010-08-17,36.16,36.349998,35.779999,35.91,1170700
2672,2010-08-18,35.970001,36.02,35.240002,35.880001,788600
2673,2010-08-19,35.759998,35.919998,35.09,35.139999,975200
2674,2010-08-20,35.119999,35.119999,34.41,34.860001,892300
2675,2010-08-23,34.950001,35.18,34.169998,34.209999,784500
2676,2010-08-24,33.959999,33.959999,32.369999,32.560001,2157900
2677,2010-08-25,32.240002,33.139999,32.240002,32.799999,806800
2678,2010-08-26,32.889999,33.07,31.299999,31.41,1730400
2679,2010-08-27,31.549999,31.719999,30.51,31.629999,1368900
2680,2010-08-30,31.4,31.629999,31.049999,31.059999,482900
2681,2010-08-31,31.01,31.610001,30.92,31.4,1336000
2682,2010-09-01,31.84,32.52,31.58,32.060001,1025900
2683,2010-09-02,32.080002,32.950001,31.68,32.939999,1032000
2684,2010-09-03,33.18,33.779999,33.040001,33.400002,708600
2685,2010-09-07,33.23,33.450001,32.950001,33.279999,888500
2686,2010-09-08,33.27,33.619999,33.02,33.130001,974500
2687,2010-09-09,33.459999,34.41,33.189999,34.029999,1428500
2688,2010-09-10,33.959999,34.119999,33.650002,34.0,530100
2689,2010-09-13,34.369999,34.369999,33.869999,34.049999,864600
2690,2010-09-14,33.93,34.77,32.889999,34.389999,1923300
2691,2010-09-15,34.259998,35.41,34.240002,35.299999,1643200
2692,2010-09-16,35.09,35.630001,34.82,35.560001,651400
2693,2010-09-17,35.630001,36.200001,35.509998,35.77,668400
2694,2010-09-20,36.130001,37.330002,36.040001,36.900002,1260500
2695,2010-09-21,36.799999,37.060001,36.529999,36.73,998200
2696,2010-09-22,36.549999,37.68,36.549999,37.580002,1328600
2697,2010-09-23,37.27,37.580002,36.919998,37.200001,962800
2698,2010-09-24,37.560001,38.25,37.259998,38.060001,1129500
2699,2010-09-27,38.060001,38.860001,37.560001,38.740002,1138200
2700,2010-09-28,38.880001,39.0,38.27,38.82,765300
2701,2010-09-29,38.59,39.459999,38.369999,39.150002,643500
2702,2010-09-30,39.419998,40.290001,38.009998,38.860001,1468200
2703,2010-10-01,39.029999,39.259998,38.09,38.689999,712300
2704,2010-10-04,38.490002,39.080002,37.860001,38.110001,777100
2705,2010-10-05,38.52,38.709999,37.619999,37.82,1398400
2706,2010-10-06,37.860001,38.0,37.439999,37.619999,569000
2707,2010-10-07,37.84,37.939999,37.220001,37.419998,743200
2708,2010-10-08,37.490002,38.73,37.099998,38.540001,1234400
2709,2010-10-11,38.630001,39.25,38.27,38.75,780300
2710,2010-10-12,38.709999,38.990002,38.27,38.919998,620300
2711,2010-10-13,39.049999,39.049999,38.25,38.459999,926200
2712,2010-10-14,38.48,38.66,37.439999,37.700001,950800
2713,2010-10-15,38.049999,38.41,37.43,37.970001,1242400
2714,2010-10-18,37.990002,38.75,37.990002,38.560001,838800
2715,2010-10-19,38.25,38.349998,36.939999,37.209999,1079600
2716,2010-10-20,37.419998,39.110001,37.419998,38.450001,1897800
2717,2010-10-21,38.549999,38.560001,37.669998,38.150002,804000
2718,2010-10-22,38.349998,39.150002,38.23,38.939999,1605700
2719,2010-10-25,39.009998,39.5,38.52,39.209999,1203400
2720,2010-10-26,38.959999,39.610001,38.950001,39.490002,928500
2721,2010-10-27,39.110001,39.68,38.02,38.77,1705700
2722,2010-10-28,38.860001,41.689999,38.860001,40.57,3086300
2723,2010-10-29,40.34,41.369999,40.330002,41.27,2260900
2724,2010-11-01,41.34,41.990002,40.419998,40.950001,1126600
2725,2010-11-02,41.110001,41.369999,40.889999,41.200001,860800
2726,2010-11-03,41.279999,41.82,40.509998,41.349998,1049000
2727,2010-11-04,41.740002,42.060001,41.439999,41.950001,1077700
2728,2010-11-05,41.950001,42.200001,41.669998,41.93,615900
2729,2010-11-08,42.240002,42.68,41.810001,41.950001,789000
2730,2010-11-09,42.040001,42.200001,41.259998,41.400002,643500
2731,2010-11-10,41.310001,41.82,41.0,41.709999,923700
2732,2010-11-11,41.330002,41.720001,41.23,41.57,689600
2733,2010-11-12,41.450001,41.709999,40.48,40.740002,906600
2734,2010-11-15,40.98,41.200001,40.82,40.889999,638700
2735,2010-11-16,40.759998,41.650002,40.5,40.849998,1117100
2736,2010-11-17,41.040001,41.169998,40.619999,40.75,934100
2737,2010-11-18,40.990002,41.389999,40.709999,40.77,1370000
2738,2010-11-19,40.799999,41.0,40.220001,40.23,889900
2739,2010-11-22,40.220001,40.470001,39.860001,40.110001,971700
2740,2010-11-23,39.700001,40.349998,39.240002,40.299999,972400
2741,2010-11-24,40.48,41.169998,40.18,41.009998,550400
2742,2010-11-26,40.700001,41.060001,40.419998,40.950001,182700
2743,2010-11-29,40.68,41.5,40.380001,41.299999,704600
2744,2010-11-30,40.900002,41.439999,40.68,41.119999,693500
2745,2010-12-01,41.509998,42.16,41.040001,41.139999,1088200
2746,2010-12-02,41.09,42.07,41.09,42.060001,754800
2747,2010-12-03,42.029999,42.029999,41.32,41.73,625200
2748,2010-12-06,41.580002,41.619999,40.91,41.119999,473100
2749,2010-12-07,41.150002,41.740002,41.130001,41.299999,715600
2750,2010-12-08,41.279999,41.450001,40.959999,40.98,637600
2751,2010-12-09,41.099998,41.310001,40.709999,41.200001,497700
2752,2010-12-10,41.459999,42.900002,41.290001,41.740002,1548000
2753,2010-12-13,41.880001,41.900002,40.290001,40.32,904400
2754,2010-12-14,40.490002,41.869999,40.41,41.860001,1140700
2755,2010-12-15,41.869999,42.73,41.580002,42.25,1870800
2756,2010-12-16,42.330002,43.220001,42.07,43.169998,946800
2757,2010-12-17,43.25,43.349998,42.880001,43.310001,1682400
2758,2010-12-20,43.25,43.310001,42.93,43.150002,553000
2759,2010-12-21,43.25,43.650002,43.060001,43.369999,344400
2760,2010-12-22,43.349998,43.759998,43.240002,43.549999,601100
2761,2010-12-23,43.439999,44.040001,42.889999,43.09,589800
2762,2010-12-27,42.959999,43.009998,42.459999,42.880001,206300
2763,2010-12-28,42.779999,42.959999,42.43,42.650002,423800
2764,2010-12-29,42.650002,42.900002,42.369999,42.849998,277700
2765,2010-12-30,42.75,43.970001,42.709999,43.740002,492800
2766,2010-12-31,43.630001,43.950001,43.299999,43.419998,381900
2767,2011-01-03,43.57,44.279999,43.18,43.43,1294600
2768,2011-01-04,43.970001,45.0,43.860001,44.16,1719500
2769,2011-01-05,44.150002,44.830002,44.0,44.009998,1064700
2770,2011-01-06,44.189999,44.580002,44.060001,44.400002,1189100
2771,2011-01-07,44.5,44.599998,43.869999,44.279999,782200
2772,2011-01-10,43.849998,44.279999,43.619999,44.029999,822700
2773,2011-01-11,44.389999,45.119999,44.119999,44.790001,594600
2774,2011-01-12,45.080002,45.080002,44.209999,44.740002,355700
2775,2011-01-13,44.709999,46.580002,44.66,46.0,1957100
2776,2011-01-14,45.84,46.0,45.43,45.970001,579200
2777,2011-01-18,45.939999,46.310001,45.619999,46.259998,1144800
2778,2011-01-19,45.740002,45.75,42.849998,43.669998,3535700
2779,2011-01-20,43.349998,44.290001,42.880001,43.48,1474400
2780,2011-01-21,43.689999,44.0,42.029999,42.330002,2027300
2781,2011-01-24,42.48,42.610001,41.77,42.299999,1650200
2782,2011-01-25,42.330002,43.389999,42.0,42.880001,1131300
2783,2011-01-26,43.029999,43.59,42.419998,43.5,1219300
2784,2011-01-27,43.450001,43.689999,42.889999,42.970001,665600
2785,2011-01-28,42.98,43.119999,41.950001,42.09,483800
2786,2011-01-31,42.169998,42.369999,41.57,42.099998,1157400
2787,2011-02-01,42.360001,43.0,42.18,42.599998,866400
2788,2011-02-02,42.380001,43.029999,42.380001,42.599998,518900
2789,2011-02-03,42.5,43.290001,41.830002,42.810001,547700
2790,2011-02-04,42.889999,43.360001,42.5,42.619999,571900
2791,2011-02-07,42.830002,43.509998,42.470001,43.110001,644000
2792,2011-02-08,43.23,44.5,43.23,44.139999,956500
2793,2011-02-09,43.93,44.009998,43.200001,43.369999,703500
2794,2011-02-10,43.27,43.529999,41.75,42.060001,1808600
2795,2011-02-11,42.09,43.23,41.43,42.790001,1546400
2796,2011-02-14,42.830002,44.0,42.59,43.900002,732800
2797,2011-02-15,43.740002,44.66,43.73,43.849998,1081300
2798,2011-02-16,44.0,44.419998,43.689999,44.18,793500
2799,2011-02-17,44.200001,44.27,43.459999,43.639999,820200
2800,2011-02-18,43.68,43.759998,42.639999,42.919998,734900
2801,2011-02-22,42.509998,42.77,41.700001,42.259998,1296000
2802,2011-02-23,42.220001,43.759998,41.990002,43.57,1920400
2803,2011-02-24,43.450001,44.18,42.98,43.73,998900
2804,2011-02-25,43.709999,45.25,43.549999,45.220001,1187500
2805,2011-02-28,45.25,46.720001,45.25,45.709999,1697900
2806,2011-03-01,47.0,48.240002,47.0,47.48,3040800
2807,2011-03-02,47.299999,48.09,47.049999,48.029999,1141200
2808,2011-03-03,48.32,48.669998,47.900002,48.060001,1717300
2809,2011-03-04,48.040001,48.330002,47.240002,47.66,1214600
2810,2011-03-07,47.790001,47.950001,46.34,46.970001,1050700
2811,2011-03-08,47.07,48.139999,46.919998,47.619999,753800
2812,2011-03-09,47.720001,48.5,47.540001,48.48,1060600
2813,2011-03-10,47.970001,48.02,47.16,47.310001,707300
2814,2011-03-11,47.0,47.310001,46.189999,47.07,609300
2815,2011-03-14,46.799999,47.509998,46.200001,46.68,775500
2816,2011-03-15,45.849998,47.209999,45.540001,46.970001,780500
2817,2011-03-16,48.400002,48.869999,47.400002,47.66,1466100
2818,2011-03-17,48.139999,48.330002,46.880001,46.959999,794200
2819,2011-03-18,47.310001,47.5,46.75,46.880001,747600
2820,2011-03-21,47.290001,47.57,46.560001,46.830002,659800
2821,2011-03-22,46.740002,47.209999,45.810001,46.139999,651000
2822,2011-03-23,46.25,46.610001,45.84,46.110001,626300
2823,2011-03-24,46.369999,46.689999,45.889999,46.66,577400
2824,2011-03-25,46.650002,47.810001,46.650002,46.91,559600
2825,2011-03-28,46.830002,47.049999,46.689999,46.75,663200
2826,2011-03-29,46.799999,47.529999,46.459999,47.400002,844400
2827,2011-03-30,47.610001,49.029999,47.599998,48.790001,1094600
2828,2011-03-31,48.759998,49.75,48.560001,49.41,816600
2829,2011-04-01,49.73,50.32,49.630001,49.799999,698900
2830,2011-04-04,49.91,51.18,49.91,50.939999,1249100
2831,2011-04-05,50.830002,51.130001,50.57,50.880001,881600
2832,2011-04-06,50.98,51.040001,49.830002,50.07,1231600
2833,2011-04-07,49.98,50.98,49.740002,49.91,635800
2834,2011-04-08,50.0,50.150002,48.34,48.759998,767100
2835,2011-04-11,48.720001,48.950001,46.919998,46.990002,2913400
2836,2011-04-12,47.009998,48.450001,46.380001,46.799999,2088000
2837,2011-04-13,47.080002,47.959999,46.68,47.200001,1914800
2838,2011-04-14,46.889999,47.169998,45.369999,46.82,2578700
2839,2011-04-15,46.830002,47.200001,46.130001,46.470001,1495300
2840,2011-04-18,45.619999,46.299999,44.68,46.130001,1507700
2841,2011-04-19,46.130001,47.130001,46.099998,46.610001,848200
2842,2011-04-20,46.849998,47.919998,45.560001,47.43,1308100
2843,2011-04-21,48.389999,49.970001,47.689999,47.740002,1286800
2844,2011-04-25,47.75,48.080002,47.349998,47.950001,787800
2845,2011-04-26,47.84,49.450001,47.82,49.169998,1300000
2846,2011-04-27,54.43,56.310001,52.169998,54.740002,3372100
2847,2011-04-28,54.73,55.220001,54.09,54.790001,1677500
2848,2011-04-29,54.75,54.950001,54.139999,54.779999,1500000
2849,2011-05-02,54.869999,54.91,53.610001,54.099998,1475000
2850,2011-05-03,54.099998,54.27,52.599998,53.450001,1490300
2851,2011-05-04,53.27,53.939999,52.740002,53.290001,1274700
2852,2011-05-05,52.799999,54.790001,52.639999,53.389999,769400
2853,2011-05-06,53.84,54.950001,53.290001,54.389999,1448500
2854,2011-05-09,54.450001,56.060001,54.189999,55.41,1405100
2855,2011-05-10,55.349998,56.459999,54.919998,56.41,1040100
2856,2011-05-11,56.049999,56.299999,55.009998,55.470001,1013000
2857,2011-05-12,55.349998,55.68,54.209999,55.200001,644000
2858,2011-05-13,55.259998,55.259998,53.869999,53.990002,750000
2859,2011-05-16,53.950001,54.5,53.560001,53.779999,753000
2860,2011-05-17,53.549999,53.970001,52.950001,53.169998,1180600
2861,2011-05-18,53.41,54.349998,53.23,54.290001,713900
2862,2011-05-19,54.459999,54.459999,53.470001,53.759998,628500
2863,2011-05-20,53.759998,53.860001,52.880001,53.5,598300
2864,2011-05-23,52.860001,53.330002,52.57,52.959999,604600
2865,2011-05-24,53.18,53.77,52.68,53.68,589500
2866,2011-05-25,53.360001,54.040001,53.27,53.900002,602100
2867,2011-05-26,53.560001,54.189999,53.259998,54.150002,640400
2868,2011-05-27,54.139999,55.299999,54.0,54.98,886200
2869,2011-05-31,55.259998,55.700001,54.18,54.490002,910400
2870,2011-06-01,54.490002,54.549999,53.950001,54.389999,1216900
2871,2011-06-02,54.25,55.41,54.009998,55.189999,1649600
2872,2011-06-03,54.200001,54.549999,52.93,53.040001,656400
2873,2011-06-06,53.02,53.09,50.810001,51.529999,1156900
2874,2011-06-07,51.91,52.400002,51.450001,51.459999,896000
2875,2011-06-08,51.310001,51.540001,50.82,51.18,666700
2876,2011-06-09,51.459999,52.93,51.299999,52.709999,819900
2877,2011-06-10,52.330002,52.470001,50.970001,52.040001,1183300
2878,2011-06-13,52.970001,53.169998,51.599998,51.810001,807300
2879,2011-06-14,52.27,53.330002,52.029999,52.889999,742400
2880,2011-06-15,52.32,53.009998,51.740002,51.869999,558400
2881,2011-06-16,51.810001,52.189999,50.939999,51.369999,778000
2882,2011-06-17,51.869999,52.459999,51.630001,51.939999,798100
2883,2011-06-20,51.91,52.869999,51.759998,52.560001,451900
2884,2011-06-21,52.779999,53.98,52.779999,53.740002,586400
2885,2011-06-22,53.470001,53.740002,53.040001,53.07,837600
2886,2011-06-23,52.52,53.330002,51.48,53.220001,656600
2887,2011-06-24,53.209999,53.23,50.759998,51.130001,2057900
2888,2011-06-27,51.23,51.23,49.869999,50.529999,1647900
2889,2011-06-28,50.77,51.549999,50.599998,51.509998,1168400
2890,2011-06-29,51.73,51.830002,51.189999,51.23,968900
2891,2011-06-30,51.41,52.189999,50.970001,51.529999,1117300
2892,2011-07-01,51.639999,53.75,51.599998,53.490002,1135000
2893,2011-07-05,53.43,53.450001,52.610001,53.130001,755500
2894,2011-07-06,53.150002,54.48,52.869999,54.099998,685000
2895,2011-07-07,54.580002,55.419998,54.34,54.639999,1052900
2896,2011-07-08,53.93,54.09,52.939999,54.009998,829000
2897,2011-07-11,53.57,54.439999,52.34,52.68,1049900
2898,2011-07-12,52.41,53.689999,52.41,52.93,1153900
2899,2011-07-13,53.07,54.16,52.91,53.029999,939400
2900,2011-07-14,53.32,53.549999,52.009998,52.299999,1295500
2901,2011-07-15,52.57,52.57,51.369999,52.48,1327000
2902,2011-07-18,52.189999,52.5,51.5,51.810001,729700
2903,2011-07-19,52.110001,53.07,51.830002,51.990002,1471600
2904,2011-07-20,52.150002,52.150002,51.02,51.540001,1353900
2905,2011-07-21,51.900002,53.279999,51.889999,52.849998,1230300
2906,2011-07-22,52.919998,53.610001,52.23,53.560001,864700
2907,2011-07-25,51.669998,52.470001,50.200001,51.060001,3900900
2908,2011-07-26,51.330002,53.18,51.279999,52.610001,1619100
2909,2011-07-27,52.27,52.27,50.369999,50.490002,1606600
2910,2011-07-28,50.130001,52.540001,49.450001,49.950001,2329200
2911,2011-07-29,49.470001,50.360001,48.669998,49.639999,1781300
2912,2011-08-01,49.580002,49.59,44.189999,46.060001,4609000
2913,2011-08-02,46.880001,48.110001,44.889999,45.59,3517800
2914,2011-08-03,45.48,45.68,42.849998,45.580002,2448800
2915,2011-08-04,44.900002,44.900002,42.259998,42.32,2270100
2916,2011-08-05,42.830002,43.150002,40.619999,41.860001,2340100
2917,2011-08-08,40.639999,41.049999,36.689999,36.889999,2549500
2918,2011-08-09,37.880001,38.509998,35.700001,38.360001,3254700
2919,2011-08-10,37.470001,38.610001,36.549999,37.389999,3042400
2920,2011-08-11,37.470001,38.790001,37.25,38.119999,2432700
2921,2011-08-12,38.369999,38.669998,37.540001,38.110001,3222900
2922,2011-08-15,38.57,40.07,38.529999,40.0,1686000
2923,2011-08-16,39.580002,39.970001,38.790001,39.34,1358800
2924,2011-08-17,39.57,40.139999,38.599998,38.950001,1297300
2925,2011-08-18,37.740002,38.32,36.549999,36.970001,1400200
2926,2011-08-19,36.459999,37.349998,35.959999,36.110001,836900
2927,2011-08-22,36.869999,36.970001,35.060001,35.41,1233300
2928,2011-08-23,35.549999,36.91,35.209999,36.91,1370800
2929,2011-08-24,37.060001,38.259998,36.630001,38.189999,1384900
2930,2011-08-25,38.5,38.75,36.880001,37.110001,876300
2931,2011-08-26,36.759998,38.139999,36.029999,37.900002,753100
2932,2011-08-29,38.5,39.799999,38.400002,39.700001,742300
2933,2011-08-30,39.32,41.389999,39.299999,41.099998,1605000
2934,2011-08-31,41.240002,42.040001,41.029999,41.599998,1538500
2935,2011-09-01,41.490002,42.27,40.450001,40.630001,1003400
2936,2011-09-02,39.790001,40.07,38.560001,38.720001,733600
2937,2011-09-06,37.59,38.59,37.43,38.32,1069100
2938,2011-09-07,39.02,40.849998,39.02,40.57,1072200
2939,2011-09-08,40.259998,41.110001,38.639999,38.849998,1968000
2940,2011-09-09,38.560001,39.290001,37.57,37.84,1334400
2941,2011-09-12,37.169998,37.509998,36.34,37.369999,1445800
2942,2011-09-13,37.610001,37.75,36.150002,37.139999,2039100
2943,2011-09-14,36.880001,37.57,35.860001,37.009998,2242700
2944,2011-09-15,37.48,37.990002,37.07,37.740002,1516300
2945,2011-09-16,38.169998,38.84,37.419998,38.830002,1670800
2946,2011-09-19,37.93,37.93,36.970001,37.240002,923700
2947,2011-09-20,37.16,37.580002,36.630001,36.709999,1403800
2948,2011-09-21,36.639999,37.0,35.419998,35.48,1038900
2949,2011-09-22,34.259998,34.790001,33.490002,34.029999,1763000
2950,2011-09-23,33.950001,35.389999,33.59,35.380001,1077900
2951,2011-09-26,35.59,35.799999,34.509998,35.650002,699300
2952,2011-09-27,36.450001,36.919998,35.689999,35.970001,817800
2953,2011-09-28,35.91,36.220001,34.279999,34.290001,780200
2954,2011-09-29,35.07,35.130001,33.919998,34.869999,940400
2955,2011-09-30,34.23,35.580002,33.849998,34.0,1849300
2956,2011-10-03,33.73,33.98,31.889999,31.91,1401100
2957,2011-10-04,31.629999,33.049999,31.35,32.59,1500000
2958,2011-10-05,32.66,32.810001,31.51,32.080002,2018900
2959,2011-10-06,32.060001,33.740002,32.060001,32.849998,2257600
2960,2011-10-07,33.189999,34.119999,32.700001,33.490002,1850400
2961,2011-10-10,34.23,34.93,33.91,34.919998,1057300
2962,2011-10-11,34.459999,34.860001,34.27,34.59,641800
2963,2011-10-12,34.950001,36.560001,34.84,36.330002,1655700
2964,2011-10-13,35.959999,37.330002,35.439999,37.139999,2436900
2965,2011-10-14,37.77,38.75,37.700001,38.720001,1485700
2966,2011-10-17,38.380001,38.689999,37.330002,37.439999,1209600
2967,2011-10-18,37.459999,38.110001,37.16,37.849998,1430700
2968,2011-10-19,37.709999,38.34,37.099998,37.240002,869300
2969,2011-10-20,37.439999,37.5,36.330002,37.200001,698300
2970,2011-10-21,37.610001,38.299999,37.560001,38.09,1190100
2971,2011-10-24,38.330002,38.98,38.099998,38.650002,971500
2972,2011-10-25,38.380001,38.740002,37.759998,37.799999,837800
2973,2011-10-26,38.57,38.700001,37.09,38.119999,1143900
2974,2011-10-27,38.630001,39.189999,36.790001,38.759998,2223900
2975,2011-10-28,38.220001,42.049999,37.029999,41.040001,2367200
2976,2011-10-31,40.689999,41.400002,39.740002,39.970001,1753000
2977,2011-11-01,38.66,39.689999,38.549999,39.23,1881600
2978,2011-11-02,39.759998,41.150002,39.490002,40.91,1853800
2979,2011-11-03,41.400002,41.73,40.380001,41.580002,1261300
2980,2011-11-04,41.09,41.380001,40.470001,41.34,663800
2981,2011-11-07,41.16,42.299999,40.759998,42.18,958100
2982,2011-11-08,42.43,43.099998,41.799999,42.900002,1030600
2983,2011-11-09,41.860001,42.439999,41.110001,41.470001,808800
2984,2011-11-10,42.02,42.139999,40.990002,41.77,513100
2985,2011-11-11,42.34,42.93,42.07,42.73,485300
2986,2011-11-14,42.549999,42.939999,42.07,42.48,356300
2987,2011-11-15,42.439999,42.560001,41.389999,42.169998,770000
2988,2011-11-16,41.73,41.790001,40.360001,40.400002,909100
2989,2011-11-17,40.48,40.529999,39.169998,39.32,911800
2990,2011-11-18,39.68,40.380001,39.529999,40.02,1153200
2991,2011-11-21,39.75,39.75,38.610001,38.790001,1039300
2992,2011-11-22,38.700001,39.0,38.139999,38.34,852600
2993,2011-11-23,38.02,38.119999,37.240002,37.25,875400
2994,2011-11-25,37.27,37.82,37.07,37.220001,473100
2995,2011-11-28,38.360001,38.630001,38.07,38.599998,881500
2996,2011-11-29,38.66,38.970001,37.91,38.369999,877200
2997,2011-11-30,39.459999,40.23,39.119999,40.220001,826300
2998,2011-12-01,40.130001,41.02,39.860001,40.540001,541000
2999,2011-12-02,41.220001,41.360001,38.16,38.880001,2310300
3000,2011-12-05,40.189999,41.099998,39.580002,40.419998,982800
3001,2011-12-06,40.299999,40.669998,39.580002,39.759998,793500
3002,2011-12-07,39.48,40.099998,38.939999,39.990002,647800
3003,2011-12-08,39.799999,39.889999,37.98,38.080002,701000
3004,2011-12-09,38.360001,38.41,37.400002,37.439999,1144500
3005,2011-12-12,37.189999,37.41,36.549999,37.040001,810400
3006,2011-12-13,37.369999,37.619999,35.720001,36.0,1058300
3007,2011-12-14,35.709999,36.98,35.709999,36.919998,1282000
3008,2011-12-15,37.169998,37.560001,36.240002,37.470001,1127600
3009,2011-12-16,37.630001,38.360001,36.84,36.950001,1482500
3010,2011-12-19,37.209999,37.439999,36.009998,36.139999,348300
3011,2011-12-20,36.810001,37.639999,36.560001,37.299999,354300
3012,2011-12-21,37.18,37.759998,36.950001,37.700001,441400
3013,2011-12-22,37.73,38.869999,37.59,38.73,539400
3014,2011-12-23,38.77,38.830002,38.48,38.790001,287600
3015,2011-12-27,38.669998,39.119999,38.470001,38.939999,509500
3016,2011-12-28,38.869999,38.970001,37.619999,37.720001,394000
3017,2011-12-29,37.709999,38.43,37.700001,38.16,334700
3018,2011-12-30,38.060001,38.990002,37.849998,38.860001,460100
3019,2012-01-03,39.279999,39.369999,37.080002,37.709999,1640000
3020,2012-01-04,37.48,37.720001,36.580002,37.009998,1071900
3021,2012-01-05,37.009998,38.18,36.59,38.060001,904000
3022,2012-01-06,38.25,39.529999,38.16,39.200001,677000
3023,2012-01-09,39.310001,39.490002,38.209999,39.040001,621400
3024,2012-01-10,38.740002,39.18,36.889999,37.080002,2545500
3025,2012-01-11,37.07,38.799999,37.049999,38.759998,1177500
3026,2012-01-12,38.880001,38.919998,36.860001,37.450001,1085500
3027,2012-01-13,37.139999,37.5,36.43,36.93,997400
3028,2012-01-17,37.23,37.5,36.759998,36.82,490300
3029,2012-01-18,36.720001,37.099998,36.369999,36.950001,839800
3030,2012-01-19,37.279999,37.889999,37.130001,37.439999,580800
3031,2012-01-20,37.400002,37.57,37.119999,37.259998,373800
3032,2012-01-23,37.32,37.810001,37.310001,37.669998,645500
3033,2012-01-24,37.52,40.59,37.419998,40.439999,1930700
3034,2012-01-25,40.459999,42.110001,40.23,42.049999,1471200
3035,2012-01-26,42.139999,42.139999,41.0,41.259998,906300
3036,2012-01-27,41.119999,41.939999,41.049999,41.82,593700
3037,2012-01-30,41.599998,41.849998,41.07,41.220001,900000
3038,2012-01-31,41.369999,41.959999,40.93,41.290001,839300
3039,2012-02-01,41.459999,42.450001,41.450001,41.880001,734100
3040,2012-02-02,42.009998,42.009998,41.419998,41.599998,763700
3041,2012-02-03,42.0,42.450001,41.900002,42.369999,1093800
3042,2012-02-06,42.849998,43.07,41.150002,41.630001,984200
3043,2012-02-07,41.52,41.939999,41.18,41.650002,617800
3044,2012-02-08,41.77,42.150002,41.400002,41.650002,501200
3045,2012-02-09,41.779999,41.880001,40.790001,41.27,627700
3046,2012-02-10,41.200001,42.43,40.650002,42.400002,928300
3047,2012-02-13,43.0,43.380001,42.43,43.029999,1195900
3048,2012-02-14,43.09,43.23,42.57,42.73,834400
3049,2012-02-15,42.849998,43.150002,41.990002,42.52,770400
3050,2012-02-16,42.529999,42.860001,42.09,42.490002,797300
3051,2012-02-17,42.68,42.709999,40.860001,41.150002,1297300
3052,2012-02-21,41.400002,41.799999,41.049999,41.240002,581400
3053,2012-02-22,41.529999,42.369999,41.16,42.209999,891700
3054,2012-02-23,42.290001,43.560001,42.290001,43.200001,817300
3055,2012-02-24,43.18,44.619999,43.029999,43.91,857600
3056,2012-02-27,43.48,44.34,42.900002,43.970001,1033500
3057,2012-02-28,43.32,45.25,42.869999,44.779999,1245400
3058,2012-02-29,44.889999,45.310001,43.990002,44.610001,1069500
3059,2012-03-01,45.049999,45.080002,44.049999,44.32,753000
3060,2012-03-02,44.349998,44.630001,43.66,43.869999,426900
3061,2012-03-05,43.799999,44.169998,43.369999,43.419998,595600
3062,2012-03-06,43.060001,43.27,42.209999,42.720001,1029400
3063,2012-03-07,42.98,43.599998,42.849998,43.110001,840900
3064,2012-03-08,43.400002,43.93,43.130001,43.279999,554400
3065,2012-03-09,43.380001,44.23,43.380001,43.599998,524700
3066,2012-03-12,43.509998,43.639999,42.919998,43.400002,533500
3067,2012-03-13,43.59,43.650002,42.790001,43.330002,962000
3068,2012-03-14,43.279999,43.639999,42.939999,43.439999,889200
3069,2012-03-15,43.549999,44.310001,43.23,44.110001,699100
3070,2012-03-16,44.0,44.630001,43.98,44.529999,922200
3071,2012-03-19,44.43,44.73,44.02,44.139999,737300
3072,2012-03-20,43.810001,43.950001,42.73,43.009998,750500
3073,2012-03-21,43.009998,43.110001,42.189999,42.41,1016300
3074,2012-03-22,42.130001,42.59,41.91,42.060001,654700
3075,2012-03-23,42.060001,42.509998,42.060001,42.380001,438700
3076,2012-03-26,42.810001,43.490002,42.77,43.299999,741500
3077,2012-03-27,43.299999,43.650002,42.240002,42.619999,1021100
3078,2012-03-28,42.52,42.779999,41.400002,41.619999,813000
3079,2012-03-29,41.450001,41.950001,40.709999,41.779999,1324900
3080,2012-03-30,42.080002,42.220001,41.619999,41.91,589500
3081,2012-04-02,41.950001,42.700001,41.799999,42.360001,1125400
3082,2012-04-03,42.380001,43.220001,42.209999,43.150002,1034900
3083,2012-04-04,42.849998,43.130001,42.52,42.990002,588100
3084,2012-04-05,42.790001,42.950001,42.529999,42.68,354300
3085,2012-04-09,42.119999,42.119999,41.049999,41.439999,904700
3086,2012-04-10,41.43,41.540001,40.799999,40.98,897900
3087,2012-04-11,41.439999,41.599998,41.02,41.290001,797900
3088,2012-04-12,41.459999,43.610001,41.450001,43.139999,1120400
3089,2012-04-13,42.869999,43.099998,41.970001,42.23,643500
3090,2012-04-16,42.52,42.52,41.540001,41.98,497800
3091,2012-04-17,42.060001,43.560001,42.040001,43.189999,585100
3092,2012-04-18,43.049999,43.349998,42.889999,43.220001,508400
3093,2012-04-19,43.32,44.040001,42.860001,43.07,617900
3094,2012-04-20,43.279999,43.560001,42.689999,42.799999,669100
3095,2012-04-23,42.41,42.549999,41.68,42.490002,628600
3096,2012-04-24,42.48,42.970001,42.099998,42.669998,440300
3097,2012-04-25,43.23,44.349998,43.23,43.32,919700
3098,2012-04-26,43.099998,44.32,42.849998,43.450001,1058800
3099,2012-04-27,43.869999,44.57,42.900002,43.720001,1367700
3100,2012-04-30,43.580002,43.580002,42.400002,42.709999,819300
3101,2012-05-01,42.580002,43.810001,42.369999,43.25,752800
3102,2012-05-02,43.060001,43.240002,42.299999,42.389999,716300
3103,2012-05-03,42.459999,42.459999,41.549999,41.669998,1091400
3104,2012-05-04,41.490002,41.560001,40.369999,40.98,985900
3105,2012-05-07,40.849998,41.099998,40.700001,40.799999,525300
3106,2012-05-08,40.639999,41.189999,39.900002,41.0,822500
3107,2012-05-09,40.540001,40.610001,39.970001,40.43,796600
3108,2012-05-10,40.720001,41.040001,40.389999,40.5,412800
3109,2012-05-11,40.299999,40.669998,39.970001,40.029999,399900
3110,2012-05-14,39.709999,39.830002,39.349998,39.639999,758000
3111,2012-05-15,39.560001,39.790001,38.740002,38.869999,1031800
3112,2012-05-16,39.060001,39.279999,38.68,38.740002,553800
3113,2012-05-17,38.630001,39.07,38.07,38.150002,817600
3114,2012-05-18,38.18,38.360001,37.540001,37.810001,888500
3115,2012-05-21,37.82,38.349998,37.34,38.290001,526700
3116,2012-05-22,38.389999,38.919998,38.080002,38.299999,732500
3117,2012-05-23,38.009998,39.009998,37.810001,38.849998,1000000
3118,2012-05-24,38.860001,39.68,38.560001,38.970001,1038400
3119,2012-05-25,38.990002,39.330002,38.830002,39.07,678400
3120,2012-05-29,39.41,39.830002,39.080002,39.619999,396000
3121,2012-05-30,39.259998,39.290001,38.610001,38.779999,463200
3122,2012-05-31,38.709999,39.040001,38.0,38.75,1023300
3123,2012-06-01,37.959999,38.349998,36.900002,37.299999,1482900
3124,2012-06-04,37.700001,38.650002,37.700001,37.889999,1231500
3125,2012-06-05,37.860001,38.869999,37.700001,38.720001,521600
3126,2012-06-06,38.950001,39.41,38.68,39.27,874600
3127,2012-06-07,39.669998,39.830002,39.009998,39.07,489000
3128,2012-06-08,39.049999,39.959999,38.700001,39.52,400700
3129,2012-06-11,40.220001,40.709999,39.779999,39.93,1064700
3130,2012-06-12,40.189999,40.189999,39.439999,39.82,488900
3131,2012-06-13,39.790001,39.98,38.959999,39.150002,566100
3132,2012-06-14,39.220001,39.669998,39.130001,39.290001,572100
3133,2012-06-15,39.490002,39.830002,39.200001,39.419998,966000
3134,2012-06-18,39.259998,39.91,39.16,39.790001,952200
3135,2012-06-19,39.93,40.759998,39.689999,40.5,945800
3136,2012-06-20,40.360001,41.150002,40.209999,40.439999,1310400
3137,2012-06-21,40.490002,40.560001,39.139999,39.32,935600
3138,2012-06-22,39.34,39.939999,39.279999,39.759998,2103400
3139,2012-06-25,39.34,39.400002,38.48,38.849998,930600
3140,2012-06-26,38.810001,39.259998,38.330002,39.16,729800
3141,2012-06-27,39.360001,39.720001,39.0,39.25,802500
3142,2012-06-28,39.310001,43.189999,38.990002,42.599998,5538500
3143,2012-06-29,42.639999,43.799999,42.57,43.16,2233700
3144,2012-07-02,43.150002,43.18,42.560001,42.900002,837800
3145,2012-07-03,42.84,43.169998,42.669998,42.82,359400
3146,2012-07-05,42.799999,42.990002,42.040001,42.57,741300
3147,2012-07-06,42.099998,42.939999,42.099998,42.290001,586600
3148,2012-07-09,42.330002,42.869999,41.880001,42.34,756000
3149,2012-07-10,42.77,42.810001,41.93,42.09,992500
3150,2012-07-11,42.169998,42.419998,41.599998,41.82,736800
3151,2012-07-12,41.630001,41.650002,40.880001,41.450001,1241100
3152,2012-07-13,41.639999,41.880001,41.279999,41.630001,809300
3153,2012-07-16,41.599998,41.599998,40.560001,41.310001,1003400
3154,2012-07-17,41.439999,41.580002,40.740002,41.27,945300
3155,2012-07-18,40.98,41.169998,40.279999,40.380001,1255800
3156,2012-07-19,40.5,40.509998,39.73,40.23,1036000
3157,2012-07-20,40.040001,40.369999,39.799999,40.0,810900
3158,2012-07-23,39.380001,39.43,38.720001,38.82,1242500
3159,2012-07-24,38.689999,38.869999,38.150002,38.25,844200
3160,2012-07-25,38.23,38.389999,37.779999,38.259998,951900
3161,2012-07-26,38.630001,39.02,37.400002,38.32,1198800
3162,2012-07-27,38.220001,40.290001,37.509998,40.110001,2136300
3163,2012-07-30,39.919998,40.27,39.349998,39.689999,785200
3164,2012-07-31,39.43,39.779999,39.029999,39.080002,850700
3165,2012-08-01,39.330002,39.830002,38.869999,39.209999,756600
3166,2012-08-02,38.779999,39.209999,38.25,38.740002,809800
3167,2012-08-03,39.310001,39.790001,39.009998,39.349998,557800
3168,2012-08-06,39.23,39.259998,38.25,39.07,613100
3169,2012-08-07,39.279999,40.259998,39.279999,39.73,701900
3170,2012-08-08,39.610001,39.779999,39.189999,39.619999,1077200
3171,2012-08-09,39.75,40.43,39.529999,39.919998,1050500
3172,2012-08-10,39.709999,39.970001,39.34,39.75,1268700
3173,2012-08-13,39.73,39.990002,39.529999,39.700001,313600
3174,2012-08-14,39.900002,39.939999,39.630001,39.779999,417000
3175,2012-08-15,39.700001,39.889999,39.529999,39.619999,658700
3176,2012-08-16,39.610001,40.41,39.48,40.290001,967500
3177,2012-08-17,40.360001,40.52,40.009998,40.09,799400
3178,2012-08-20,39.82,40.5,39.689999,40.380001,873000
3179,2012-08-21,40.560001,40.720001,40.23,40.32,722700
3180,2012-08-22,40.23,40.490002,40.009998,40.16,790300
3181,2012-08-23,40.02,40.130001,39.560001,39.849998,777900
3182,2012-08-24,39.75,39.759998,39.299999,39.599998,770000
3183,2012-08-27,39.75,40.119999,39.380001,39.889999,601000
3184,2012-08-28,39.900002,40.290001,39.66,40.119999,618700
3185,2012-08-29,40.16,40.360001,39.990002,39.990002,531800
3186,2012-08-30,39.900002,40.110001,39.639999,40.009998,575300
3187,2012-08-31,40.220001,40.299999,39.830002,39.950001,473600
3188,2012-09-04,40.009998,40.5,39.84,40.360001,774600
3189,2012-09-05,40.299999,40.41,40.040001,40.41,1060000
3190,2012-09-06,40.599998,41.490002,40.529999,41.16,717400
3191,2012-09-07,41.330002,41.330002,40.91,41.0,577300
3192,2012-09-10,41.0,41.0,40.540001,40.630001,428900
3193,2012-09-11,40.57,40.740002,40.310001,40.400002,574700
3194,2012-09-12,40.560001,41.080002,40.470001,41.029999,737200
3195,2012-09-13,41.040001,41.91,40.93,41.810001,766700
3196,2012-09-14,41.959999,43.98,41.919998,43.650002,1919800
3197,2012-09-17,43.630001,44.68,43.470001,43.939999,1554600
3198,2012-09-18,43.759998,44.959999,43.57,44.610001,1361900
3199,2012-09-19,44.59,44.959999,44.419998,44.830002,1004400
3200,2012-09-20,44.580002,45.560001,44.380001,45.310001,1053400
3201,2012-09-21,45.77,45.77,45.080002,45.279999,2096100
3202,2012-09-24,44.939999,45.740002,44.860001,45.369999,771300
3203,2012-09-25,45.490002,45.860001,44.75,44.880001,770300
3204,2012-09-26,45.0,45.23,44.150002,44.91,652000
3205,2012-09-27,45.099998,45.889999,45.029999,45.75,757300
3206,2012-09-28,45.439999,46.029999,45.439999,45.73,686600
3207,2012-10-01,45.889999,46.119999,45.610001,45.869999,1200700
3208,2012-10-02,46.049999,46.369999,45.700001,46.119999,678900
3209,2012-10-03,46.25,46.450001,45.810001,46.099998,812700
3210,2012-10-04,46.0,46.490002,44.43,46.209999,1692700
3211,2012-10-05,46.580002,46.66,45.869999,46.060001,602000
3212,2012-10-08,45.939999,46.119999,45.77,45.91,686000
3213,2012-10-09,45.869999,46.279999,44.970001,45.150002,1320300
3214,2012-10-10,45.200001,45.349998,44.560001,44.860001,905500
3215,2012-10-11,45.91,46.490002,45.299999,45.580002,1018400
3216,2012-10-12,45.48,45.830002,45.049999,45.330002,445000
3217,2012-10-15,45.330002,45.66,45.080002,45.450001,395200
3218,2012-10-16,45.549999,45.66,44.630001,45.02,1371800
3219,2012-10-17,45.139999,45.560001,44.860001,44.970001,536800
3220,2012-10-18,44.740002,44.93,44.150002,44.450001,917900
3221,2012-10-19,44.330002,44.41,43.57,43.889999,747300
3222,2012-10-22,43.830002,44.27,43.619999,44.220001,525600
3223,2012-10-23,43.73,43.869999,43.34,43.580002,685700
3224,2012-10-24,43.720001,43.810001,43.189999,43.27,774300
3225,2012-10-25,43.619999,43.82,43.200001,43.610001,694000
3226,2012-10-26,43.439999,43.490002,42.290001,42.779999,1343300
3227,2012-10-31,42.369999,42.490002,40.459999,41.389999,2817000
3228,2012-11-01,41.099998,43.669998,41.099998,43.66,2457200
3229,2012-11-02,43.860001,43.93,42.599998,42.75,1134900
3230,2012-11-05,42.900002,43.790001,42.450001,43.73,854900
3231,2012-11-06,43.849998,43.849998,43.029999,43.709999,946500
3232,2012-11-07,44.5,46.93,44.5,45.599998,3172400
3233,2012-11-08,45.509998,45.650002,43.889999,43.900002,1223700
3234,2012-11-09,43.700001,44.09,43.18,43.27,1049500
3235,2012-11-12,43.580002,43.630001,43.23,43.310001,478500
3236,2012-11-13,43.009998,43.279999,42.759998,42.779999,751200
3237,2012-11-14,42.68,42.939999,41.5,41.57,750100
3238,2012-11-15,41.540001,41.700001,40.759998,41.310001,966000
3239,2012-11-16,41.240002,41.990002,41.139999,41.619999,760600
3240,2012-11-19,42.029999,42.900002,41.66,42.869999,806500
3241,2012-11-20,42.849998,43.299999,42.169998,42.849998,484600
3242,2012-11-21,43.049999,43.84,42.880001,43.549999,595700
3243,2012-11-23,43.400002,44.0,43.349998,43.98,273100
3244,2012-11-26,43.470001,43.709999,43.09,43.639999,608000
3245,2012-11-27,43.599998,43.799999,43.119999,43.169998,631000
3246,2012-11-28,43.200001,43.57,42.970001,43.509998,438300
3247,2012-11-29,43.68,44.82,43.349998,44.810001,1131000
3248,2012-11-30,44.060001,45.09,44.060001,45.07,915500
3249,2012-12-03,45.220001,45.369999,44.669998,44.950001,868400
3250,2012-12-04,44.919998,45.220001,44.599998,44.720001,581700
3251,2012-12-05,44.700001,45.349998,44.639999,45.16,854900
3252,2012-12-06,45.25,46.880001,45.040001,46.169998,1428200
3253,2012-12-07,46.25,46.400002,45.57,45.619999,538400
3254,2012-12-10,45.540001,46.34,45.540001,46.029999,408300
3255,2012-12-11,45.98,46.599998,45.970001,46.240002,497200
3256,2012-12-12,46.389999,46.599998,46.040001,46.119999,531200
3257,2012-12-13,45.669998,46.110001,45.57,45.900002,505000
3258,2012-12-14,45.889999,46.139999,45.529999,45.540001,642800
3259,2012-12-17,45.82,46.529999,45.75,46.470001,650100
3260,2012-12-18,47.009998,48.380001,46.669998,48.150002,1307600
3261,2012-12-19,48.259998,49.75,47.82,49.459999,1881300
3262,2012-12-20,49.360001,49.5,48.860001,49.380001,919800
3263,2012-12-21,48.830002,48.919998,48.150002,48.490002,1585900
3264,2012-12-24,48.619999,48.669998,48.130001,48.540001,310500
3265,2012-12-26,48.560001,48.720001,47.82,47.849998,501800
3266,2012-12-27,47.959999,48.330002,47.689999,48.189999,762600
3267,2012-12-28,48.0,48.189999,47.349998,47.380001,572800
3268,2012-12-31,47.400002,48.490002,47.209999,48.349998,517500
3269,2013-01-02,49.41,49.889999,48.939999,49.689999,944900
3270,2013-01-03,49.52,50.389999,49.389999,49.84,626900
3271,2013-01-04,49.889999,50.200001,49.549999,50.0,635000
3272,2013-01-07,50.740002,51.25,50.23,51.209999,1033100
3273,2013-01-08,51.27,51.5,50.240002,50.25,1194300
3274,2013-01-09,50.630001,51.169998,50.150002,50.810001,1009000
3275,2013-01-10,51.130001,51.380001,50.540001,50.549999,670600
3276,2013-01-11,50.759998,50.919998,50.259998,50.91,1188700
3277,2013-01-14,50.57,51.580002,50.57,51.52,688800
3278,2013-01-15,51.220001,53.279999,51.200001,53.259998,1398300
3279,2013-01-16,53.0,53.68,52.57,53.380001,1106500
3280,2013-01-17,53.66,55.209999,53.380001,54.779999,1644400
3281,2013-01-18,54.779999,55.5,54.5,55.459999,1293400
3282,2013-01-22,55.57,56.869999,55.32,56.419998,2208000
3283,2013-01-23,56.18,56.25,54.849998,55.18,1630100
3284,2013-01-24,55.389999,55.66,54.970001,55.200001,996500
3285,2013-01-25,55.52,57.349998,55.290001,57.34,1656000
3286,2013-01-28,57.220001,57.389999,56.240002,57.080002,747000
3287,2013-01-29,56.970001,57.200001,55.639999,56.380001,1287500
3288,2013-01-30,56.330002,56.98,56.07,56.82,647800
3289,2013-01-31,56.599998,56.889999,56.32,56.639999,930400
3290,2013-02-01,57.09,57.25,56.43,56.619999,928000
3291,2013-02-04,56.5,56.970001,55.950001,56.049999,748900
3292,2013-02-05,56.139999,57.650002,55.799999,56.389999,1212900
3293,2013-02-06,56.27,57.119999,56.169998,56.799999,442200
3294,2013-02-07,56.900002,57.439999,56.66,57.09,598800
3295,2013-02-08,57.209999,58.57,57.060001,58.110001,584500
3296,2013-02-11,57.299999,57.900002,56.75,57.380001,851200
3297,2013-02-12,57.220001,57.400002,56.209999,56.299999,771000
3298,2013-02-13,56.540001,57.290001,56.529999,57.279999,886600
3299,2013-02-14,57.060001,58.040001,57.0,57.91,444300
3300,2013-02-15,57.91,58.48,57.25,57.419998,825400
3301,2013-02-19,57.299999,57.799999,56.779999,57.759998,899000
3302,2013-02-20,57.630001,58.349998,56.73,56.790001,545300
3303,2013-02-21,56.849998,57.52,56.240002,57.029999,773200
3304,2013-02-22,57.240002,58.040001,57.220001,57.990002,744300
3305,2013-02-25,58.130001,58.349998,55.939999,56.009998,900700
3306,2013-02-26,56.389999,56.880001,55.299999,56.68,1078400
3307,2013-02-27,56.52,58.389999,56.52,58.200001,964200
3308,2013-02-28,57.919998,58.369999,57.619999,57.889999,662200
3309,2013-03-01,57.400002,58.790001,56.07,58.18,1553800
3310,2013-03-04,57.700001,58.099998,57.0,57.34,834500
3311,2013-03-05,57.669998,58.52,57.439999,58.41,900400
3312,2013-03-06,58.75,58.75,58.189999,58.43,828000
3313,2013-03-07,58.73,59.799999,58.52,59.470001,845800
3314,2013-03-08,59.720001,60.18,59.240002,60.02,907000
3315,2013-03-11,59.939999,60.529999,59.900002,60.299999,831300
3316,2013-03-12,60.299999,60.91,60.139999,60.869999,527200
3317,2013-03-13,60.799999,61.400002,60.630001,61.16,422800
3318,2013-03-14,61.139999,61.709999,61.09,61.470001,683800
3319,2013-03-15,61.369999,62.040001,61.169998,62.0,1056400
3320,2013-03-18,61.57,62.290001,61.139999,61.939999,621700
3321,2013-03-19,62.290001,63.099998,61.790001,62.52,879100
3322,2013-03-20,62.68,63.049999,62.220001,62.689999,781100
3323,2013-03-21,62.25,62.919998,61.84,62.150002,377500
3324,2013-03-22,62.549999,62.799999,62.240002,62.630001,337700
3325,2013-03-25,62.900002,63.619999,62.470001,62.720001,527000
3326,2013-03-26,63.07,65.0,62.939999,63.84,641500
3327,2013-03-27,63.369999,64.779999,63.02,64.379997,907400
3328,2013-03-28,64.419998,64.709999,63.549999,63.869999,1004700
3329,2013-04-01,63.880001,65.360001,63.740002,64.919998,955900
3330,2013-04-02,65.489998,66.449997,64.269997,64.599998,1244200
3331,2013-04-03,64.720001,64.739998,62.259998,62.82,1215000
3332,2013-04-04,62.830002,63.470001,62.0,62.860001,692900
3333,2013-04-05,61.799999,62.639999,61.799999,62.439999,541600
3334,2013-04-08,62.599998,62.75,61.959999,62.5,547400
3335,2013-04-09,62.52,62.939999,61.91,62.080002,877700
3336,2013-04-10,61.220001,62.049999,60.41,60.84,2175500
3337,2013-04-11,60.889999,62.93,60.889999,62.860001,1240800
3338,2013-04-12,62.599998,63.52,62.389999,62.459999,564500
3339,2013-04-15,62.040001,62.59,59.880001,60.119999,915000
3340,2013-04-16,60.34,61.240002,59.080002,61.209999,2927000
3341,2013-04-17,60.66,61.0,59.32,60.560001,1085600
3342,2013-04-18,60.669998,60.669998,59.360001,60.34,812800
3343,2013-04-19,60.700001,61.509998,60.27,61.25,567100
3344,2013-04-22,61.369999,61.549999,59.970001,61.080002,630300
3345,2013-04-23,61.529999,63.049999,61.360001,62.73,886300
3346,2013-04-24,62.919998,63.18,62.279999,62.73,862300
3347,2013-04-25,63.189999,63.419998,62.450001,62.509998,1073000
3348,2013-04-26,64.0,65.519997,63.93,64.779999,1570800
3349,2013-04-29,66.709999,68.75,65.209999,65.470001,1450500
3350,2013-04-30,65.559998,66.599998,65.480003,66.589996,902200
3351,2013-05-01,66.510002,67.160004,65.199997,65.309998,776800
3352,2013-05-02,65.540001,66.550003,65.32,66.169998,895600
3353,2013-05-03,66.5,66.599998,65.559998,65.650002,771200
3354,2013-05-06,65.809998,66.870003,65.419998,66.75,609300
3355,2013-05-07,66.699997,67.389999,66.309998,66.870003,500100
3356,2013-05-08,66.900002,67.599998,66.870003,67.599998,504600
3357,2013-05-09,67.629997,67.769997,66.809998,66.980003,568400
3358,2013-05-10,67.110001,67.739998,66.849998,67.459999,491700
3359,2013-05-13,67.389999,67.599998,67.199997,67.599998,559500
3360,2013-05-14,67.599998,69.059998,67.510002,69.019997,642200
3361,2013-05-15,68.459999,69.290001,68.339996,69.110001,788300
3362,2013-05-16,69.050003,69.050003,67.809998,67.959999,864700
3363,2013-05-17,67.720001,67.779999,66.480003,67.040001,1140300
3364,2013-05-20,67.0,67.339996,66.239998,66.650002,704000
3365,2013-05-21,66.650002,66.900002,65.870003,66.410004,477000
3366,2013-05-22,66.699997,68.089996,66.019997,66.650002,1079100
3367,2013-05-23,66.239998,67.120003,65.650002,67.019997,483100
3368,2013-05-24,66.559998,66.779999,66.099998,66.730003,454900
3369,2013-05-28,67.550003,69.5,67.550003,69.370003,944800
3370,2013-05-29,68.889999,69.129997,67.120003,67.489998,957000
3371,2013-05-30,68.099998,70.440002,68.099998,70.25,1115700
3372,2013-05-31,69.849998,70.32,69.029999,69.139999,774200
3373,2013-06-03,69.330002,69.720001,68.239998,69.099998,803800
3374,2013-06-04,69.040001,70.150002,68.150002,68.629997,516600
3375,2013-06-05,68.440002,69.139999,67.769997,67.800003,718500
3376,2013-06-06,67.940002,68.940002,67.68,68.82,409600
3377,2013-06-07,68.959999,70.0,68.940002,69.93,503900
3378,2013-06-10,69.980003,71.110001,69.889999,70.849998,885200
3379,2013-06-11,70.160004,70.93,69.849998,70.139999,495000
3380,2013-06-12,71.010002,71.300003,69.5,69.870003,584500
3381,2013-06-13,69.769997,71.32,69.239998,71.199997,399700
3382,2013-06-14,70.699997,71.540001,70.269997,70.339996,375200
3383,2013-06-17,70.830002,71.059998,69.470001,69.910004,479400
3384,2013-06-18,70.0,70.589996,69.699997,70.07,301700
3385,2013-06-19,70.209999,70.57,68.139999,68.370003,723500
3386,2013-06-20,68.120003,68.269997,66.18,66.379997,655900
3387,2013-06-21,66.699997,66.93,65.150002,65.82,627300
3388,2013-06-24,65.18,66.400002,64.849998,65.379997,705700
3389,2013-06-25,65.860001,65.980003,65.019997,65.529999,435200
3390,2013-06-26,66.019997,66.599998,65.379997,65.75,407500
3391,2013-06-27,66.190002,67.110001,66.040001,66.940002,411100
3392,2013-06-28,66.669998,67.68,66.610001,66.959999,1047600
3393,2013-07-01,67.0,68.150002,66.879997,68.089996,651000
3394,2013-07-02,68.089996,68.379997,67.889999,68.209999,766300
3395,2013-07-03,67.470001,67.550003,65.519997,65.82,1263000
3396,2013-07-05,66.0,66.529999,63.509998,63.830002,1402200
3397,2013-07-08,64.089996,64.989998,63.740002,64.639999,728000
3398,2013-07-09,64.900002,66.120003,64.809998,65.970001,1164700
3399,2013-07-10,66.110001,67.300003,65.919998,67.260002,541200
3400,2013-07-11,67.699997,67.900002,66.459999,67.080002,569300
3401,2013-07-12,67.160004,68.120003,66.660004,67.82,718800
3402,2013-07-15,68.120003,68.550003,67.730003,68.110001,627400
3403,2013-07-16,68.440002,69.690002,67.910004,68.080002,770100
3404,2013-07-17,68.269997,68.330002,66.910004,66.980003,677800
3405,2013-07-18,67.290001,68.550003,67.290001,68.480003,472400
3406,2013-07-19,66.93,68.0,66.019997,67.449997,559400
3407,2013-07-22,67.379997,68.360001,67.150002,68.110001,425800
3408,2013-07-23,68.220001,68.489998,67.620003,67.779999,801200
3409,2013-07-24,68.029999,68.139999,67.169998,67.440002,575300
3410,2013-07-25,67.150002,67.489998,65.959999,67.169998,831400
3411,2013-07-26,68.699997,69.919998,67.93,69.690002,1331900
3412,2013-07-29,70.080002,70.93,69.440002,69.849998,737800
3413,2013-07-30,70.0,70.360001,69.099998,70.099998,775200
3414,2013-07-31,70.110001,70.400002,69.889999,69.949997,935200
3415,2013-08-01,70.410004,70.75,69.669998,69.809998,1234800
3416,2013-08-02,69.540001,70.589996,69.309998,70.360001,995200
3417,2013-08-05,70.290001,71.730003,69.849998,71.360001,644600
3418,2013-08-06,71.290001,71.290001,70.279999,70.709999,603500
3419,2013-08-07,70.379997,70.949997,69.849998,70.690002,633200
3420,2013-08-08,70.489998,71.25,70.400002,70.970001,509300
3421,2013-08-09,70.940002,72.739998,70.940002,71.870003,656600
3422,2013-08-12,71.489998,71.889999,71.059998,71.620003,431000
3423,2013-08-13,71.830002,72.339996,71.190002,71.779999,339200
3424,2013-08-14,72.150002,72.43,71.639999,72.019997,282900
3425,2013-08-15,71.239998,71.32,69.779999,69.849998,494100
3426,2013-08-16,70.0,70.209999,69.309998,69.800003,407200
3427,2013-08-19,69.900002,70.709999,69.290001,69.309998,461300
3428,2013-08-20,69.220001,70.419998,69.089996,70.190002,344900
3429,2013-08-21,70.129997,70.129997,68.470001,68.940002,580400
3430,2013-08-22,68.959999,70.050003,68.739998,69.650002,379900
3431,2013-08-23,69.730003,70.709999,69.440002,70.419998,474500
3432,2013-08-26,70.349998,71.349998,70.220001,71.209999,318100
3433,2013-08-27,70.589996,70.639999,69.309998,69.309998,550600
3434,2013-08-28,69.309998,69.860001,68.949997,68.989998,271200
3435,2013-08-29,68.919998,69.540001,68.260002,69.220001,267200
3436,2013-08-30,69.139999,69.309998,67.5,67.75,486000
3437,2013-09-03,68.589996,69.0,67.099998,67.870003,670500
3438,2013-09-04,67.82,68.459999,67.660004,67.970001,334300
3439,2013-09-05,68.07,68.68,67.830002,68.260002,401600
3440,2013-09-06,68.529999,69.019997,66.919998,68.459999,678100
3441,2013-09-09,68.32,68.43,67.5,67.599998,619600
3442,2013-09-10,68.0,69.690002,68.0,69.669998,530400
3443,2013-09-11,69.669998,70.949997,69.339996,70.440002,481000
3444,2013-09-12,70.199997,70.730003,69.540001,70.68,394500
3445,2013-09-13,70.910004,72.139999,70.669998,71.699997,634400
3446,2013-09-16,72.5,72.519997,71.260002,71.489998,504900
3447,2013-09-17,71.589996,72.830002,71.43,72.830002,466600
3448,2013-09-18,72.800003,73.779999,72.360001,73.650002,472000
3449,2013-09-19,73.970001,74.190002,73.370003,73.510002,468000
3450,2013-09-20,74.0,74.209999,72.650002,73.370003,940700
3451,2013-09-23,73.370003,73.459999,72.25,73.389999,453200
3452,2013-09-24,73.330002,74.089996,72.93,72.989998,392400
3453,2013-09-25,73.160004,73.93,72.669998,73.690002,418000
3454,2013-09-26,73.68,74.870003,73.480003,74.269997,307200
3455,2013-09-27,73.779999,74.730003,73.559998,74.290001,559900
3456,2013-09-30,73.550003,75.349998,73.349998,74.989998,696500
3457,2013-10-01,75.449997,76.790001,74.970001,75.669998,1064700
3458,2013-10-02,75.18,76.910004,75.099998,76.68,918400
3459,2013-10-03,76.400002,77.550003,76.290001,77.029999,929100
3460,2013-10-04,77.160004,78.199997,76.93,77.660004,546800
3461,2013-10-07,79.139999,79.139999,76.900002,76.900002,536400
3462,2013-10-08,77.199997,78.330002,75.830002,75.879997,549100
3463,2013-10-09,76.120003,76.589996,75.300003,76.010002,547800
3464,2013-10-10,76.800003,77.199997,76.32,76.459999,508700
3465,2013-10-11,76.290001,77.730003,76.150002,77.690002,874900
3466,2013-10-14,77.099998,77.709999,76.730003,77.540001,445700
3467,2013-10-15,77.510002,77.879997,76.809998,77.029999,425600
3468,2013-10-16,77.589996,78.050003,77.279999,77.610001,590100
3469,2013-10-17,77.57,79.239998,77.370003,79.129997,685400
3470,2013-10-18,79.790001,80.889999,79.199997,80.360001,674200
3471,2013-10-21,80.349998,80.790001,79.889999,80.400002,547600
3472,2013-10-22,80.68,81.279999,79.779999,80.059998,598400
3473,2013-10-23,79.660004,79.900002,78.82,79.860001,438500
3474,2013-10-24,79.860001,80.269997,78.379997,78.989998,677500
3475,2013-10-25,79.029999,80.010002,77.769997,79.75,523100
3476,2013-10-28,79.57,80.0,78.690002,78.690002,610100
3477,2013-10-29,78.57,80.059998,78.330002,79.449997,900100
3478,2013-10-30,80.290001,81.68,78.669998,80.720001,1141800
3479,2013-10-31,80.699997,81.690002,80.510002,80.559998,815900
3480,2013-11-01,80.629997,81.199997,79.669998,80.779999,545300
3481,2013-11-04,80.940002,81.529999,80.470001,81.419998,694400
3482,2013-11-05,81.68,81.68,80.029999,80.239998,602400
3483,2013-11-06,80.410004,81.019997,79.580002,80.129997,474600
3484,2013-11-07,80.309998,80.440002,77.239998,77.309998,772200
3485,2013-11-08,78.339996,80.059998,77.519997,80.0,1026600
3486,2013-11-11,80.07,81.150002,79.860001,80.720001,533300
3487,2013-11-12,80.43,80.959999,79.870003,80.760002,615100
3488,2013-11-13,80.849998,81.099998,79.800003,80.379997,659800
3489,2013-11-14,80.379997,80.82,80.139999,80.75,583200
3490,2013-11-15,80.949997,81.040001,79.199997,79.400002,963400
3491,2013-11-18,79.43,79.900002,78.830002,79.510002,890400
3492,2013-11-19,79.620003,79.809998,78.800003,79.110001,726700
3493,2013-11-20,79.150002,80.0,79.150002,79.790001,715100
3494,2013-11-21,79.5,80.309998,79.370003,79.889999,763600
3495,2013-11-22,80.300003,80.330002,79.470001,79.769997,818500
3496,2013-11-25,80.139999,81.559998,79.639999,81.529999,1200600
3497,2013-11-26,82.080002,82.980003,81.410004,82.089996,4447900
3498,2013-11-27,82.529999,82.800003,81.839996,82.209999,508200
3499,2013-11-29,82.489998,82.919998,82.129997,82.43,265000
3500,2013-12-02,82.760002,83.489998,81.959999,82.279999,765600
3501,2013-12-03,82.279999,83.129997,81.940002,83.089996,570200
3502,2013-12-04,82.599998,82.970001,82.040001,82.809998,535000
3503,2013-12-05,82.559998,82.739998,82.029999,82.209999,552800
3504,2013-12-06,83.029999,83.830002,82.730003,82.910004,573800
3505,2013-12-09,82.809998,83.160004,81.82,83.0,645200
3506,2013-12-10,82.68,83.489998,82.440002,83.120003,571600
3507,2013-12-11,83.449997,83.449997,80.720001,80.839996,598200
3508,2013-12-12,80.639999,81.379997,80.349998,80.93,659000
3509,2013-12-13,81.290001,81.779999,80.5,81.330002,420300
3510,2013-12-16,81.470001,81.940002,80.809998,80.919998,408300
3511,2013-12-17,80.660004,81.279999,79.720001,80.25,861500
3512,2013-12-18,80.519997,81.0,79.389999,80.529999,708000
3513,2013-12-19,80.360001,80.440002,78.459999,79.019997,1760500
3514,2013-12-20,78.559998,79.650002,78.110001,79.400002,1844700
3515,2013-12-23,79.559998,79.959999,79.349998,79.68,494000
3516,2013-12-24,79.809998,80.989998,79.529999,80.529999,261000
3517,2013-12-26,80.900002,81.089996,80.169998,80.589996,297000
3518,2013-12-27,80.589996,80.82,79.919998,80.150002,392200
3519,2013-12-30,80.190002,80.550003,79.389999,80.18,416900
3520,2013-12-31,80.440002,81.57,80.089996,81.260002,339600
3521,2014-01-02,80.839996,81.889999,80.199997,80.620003,544000
3522,2014-01-03,80.709999,82.459999,80.709999,81.510002,645800
3523,2014-01-06,81.639999,81.940002,79.650002,80.510002,603900
3524,2014-01-07,80.93,83.349998,80.93,82.82,670700
3525,2014-01-08,82.809998,83.43,82.160004,83.040001,422500
3526,2014-01-09,83.510002,84.489998,83.059998,84.440002,726500
3527,2014-01-10,84.199997,85.550003,83.940002,85.519997,581800
3528,2014-01-13,85.550003,85.949997,83.720001,83.989998,816300
3529,2014-01-14,84.32,85.779999,84.199997,85.690002,529500
3530,2014-01-15,85.480003,86.010002,85.230003,85.800003,502100
3531,2014-01-16,85.669998,86.080002,85.059998,85.260002,810800
3532,2014-01-17,85.07,85.620003,84.639999,85.279999,376700
3533,2014-01-21,85.519997,85.75,82.720001,83.889999,933000
3534,2014-01-22,83.889999,84.370003,83.290001,83.809998,573300
3535,2014-01-23,83.410004,83.739998,82.419998,82.910004,662900
3536,2014-01-24,82.519997,82.519997,80.279999,80.32,825100
3537,2014-01-27,80.279999,80.699997,78.980003,79.68,733700
3538,2014-01-28,79.809998,81.209999,79.400002,80.660004,697400
3539,2014-01-29,79.959999,81.0,79.57,79.980003,387000
3540,2014-01-30,80.379997,81.099998,80.029999,80.900002,511000
3541,2014-01-31,80.18,82.989998,79.620003,82.019997,695300
3542,2014-02-03,81.68,82.25,78.510002,78.68,988700
3543,2014-02-04,79.029999,79.580002,77.660004,78.190002,874700
3544,2014-02-05,78.190002,78.639999,77.120003,78.199997,564200
3545,2014-02-06,78.269997,78.650002,77.849998,78.220001,591300
3546,2014-02-07,78.410004,78.879997,77.830002,78.639999,605400
3547,2014-02-10,78.470001,80.169998,77.970001,80.120003,688000
3548,2014-02-11,80.050003,80.900002,79.309998,80.870003,417100
3549,2014-02-12,80.620003,81.989998,80.040001,80.279999,749500
3550,2014-02-13,79.370003,82.449997,78.550003,82.029999,530300
3551,2014-02-14,82.239998,83.379997,82.110001,82.5,439900
3552,2014-02-18,82.68,83.559998,82.220001,83.419998,468500
3553,2014-02-19,83.07,83.440002,81.970001,82.0,513200
3554,2014-02-20,82.169998,82.400002,81.050003,82.190002,762700
3555,2014-02-21,82.5,83.139999,81.839996,82.099998,609900
3556,2014-02-24,82.010002,83.57,81.82,83.110001,597300
3557,2014-02-25,82.620003,82.709999,80.690002,81.230003,1026700
3558,2014-02-26,81.290001,83.019997,80.889999,82.43,799100
3559,2014-02-27,82.139999,82.830002,81.809998,82.199997,742100
3560,2014-02-28,80.440002,82.419998,78.550003,80.279999,1413400
3561,2014-03-03,79.68,81.260002,79.199997,81.07,876600
3562,2014-03-04,82.019997,82.110001,81.400002,81.5,677400
3563,2014-03-05,81.57,81.739998,80.629997,80.870003,475800
3564,2014-03-06,81.239998,81.309998,79.889999,79.940002,563800
3565,2014-03-07,80.389999,80.709999,78.870003,79.239998,845100
3566,2014-03-10,79.199997,79.510002,78.230003,78.519997,611700
3567,2014-03-11,78.720001,78.959999,76.879997,77.110001,1007200
3568,2014-03-12,76.510002,77.050003,75.669998,76.769997,1282200
3569,2014-03-13,77.129997,77.230003,74.599998,75.099998,1279200
3570,2014-03-14,74.910004,75.470001,74.190002,74.589996,1105100
3571,2014-03-17,74.809998,75.599998,74.290001,74.349998,530000
3572,2014-03-18,75.739998,77.330002,75.68,76.949997,1467700
3573,2014-03-19,76.900002,77.870003,76.660004,76.870003,821800
3574,2014-03-20,76.889999,77.739998,76.730003,76.809998,641800
3575,2014-03-21,77.199997,77.25,75.519997,75.599998,1075900
3576,2014-03-24,75.599998,76.139999,74.709999,75.269997,822500
3577,2014-03-25,75.629997,76.82,75.190002,75.970001,762700
3578,2014-03-26,76.519997,79.050003,76.269997,78.169998,1371400
3579,2014-03-27,78.25,78.330002,77.5,78.220001,613300
3580,2014-03-28,78.599998,80.629997,78.599998,79.699997,779500
3581,2014-03-31,80.599998,82.139999,79.910004,82.07,1040000
3582,2014-04-01,82.160004,82.959999,81.839996,82.309998,981500
3583,2014-04-02,82.5,82.940002,82.139999,82.580002,603700
3584,2014-04-03,82.610001,83.43,82.449997,83.040001,1380600
3585,2014-04-04,83.690002,84.480003,81.230003,81.330002,1056800
3586,2014-04-07,81.080002,81.120003,77.120003,77.849998,1281000
3587,2014-04-08,77.68,78.370003,76.57,77.779999,924300
3588,2014-04-09,77.669998,78.029999,76.989998,77.650002,897300
3589,2014-04-10,77.769997,77.870003,75.449997,75.870003,808700
3590,2014-04-11,75.43,76.349998,73.650002,74.610001,450500
3591,2014-04-14,74.989998,75.32,74.32,75.089996,678400
3592,2014-04-15,75.260002,75.949997,73.790001,75.040001,605500
3593,2014-04-16,75.57,75.699997,74.099998,74.889999,439400
3594,2014-04-17,74.5,75.110001,73.059998,74.650002,667200
3595,2014-04-21,74.75,75.980003,74.650002,75.489998,462700
3596,2014-04-22,75.440002,76.519997,75.300003,75.720001,283500
3597,2014-04-23,75.739998,77.169998,75.580002,76.599998,636200
3598,2014-04-24,76.980003,78.650002,76.809998,78.120003,1137900
3599,2014-04-25,83.0,86.0,81.559998,82.919998,1707000
3600,2014-04-28,84.0,84.360001,82.419998,83.120003,1156300
3601,2014-04-29,82.959999,83.849998,82.120003,82.889999,937400
3602,2014-04-30,82.910004,83.309998,81.660004,81.790001,855400
3603,2014-05-01,82.169998,84.019997,81.400002,83.32,904100
3604,2014-05-02,83.510002,84.239998,83.019997,83.400002,1095800
3605,2014-05-05,82.989998,83.580002,82.43,83.379997,423900
3606,2014-05-06,83.059998,84.0,82.169998,82.690002,745900
3607,2014-05-07,82.760002,82.93,81.370003,82.459999,573700
3608,2014-05-08,82.190002,83.660004,81.540001,81.910004,610800
3609,2014-05-09,81.870003,82.639999,81.389999,82.57,451700
3610,2014-05-12,82.809998,84.470001,82.720001,84.32,683700
3611,2014-05-13,84.5,86.129997,84.43,86.0,817200
3612,2014-05-14,85.870003,86.419998,85.379997,85.860001,835000
3613,2014-05-15,85.589996,85.589996,83.980003,84.940002,469300
3614,2014-05-16,84.660004,84.870003,83.410004,84.830002,720000
3615,2014-05-19,84.650002,86.379997,84.639999,85.980003,715000
3616,2014-05-20,86.089996,87.330002,85.970001,87.230003,773200
3617,2014-05-21,87.470001,89.059998,87.400002,88.290001,1140100
3618,2014-05-22,88.589996,89.029999,88.160004,88.239998,587000
3619,2014-05-23,88.529999,90.139999,87.849998,89.43,895000
3620,2014-05-27,89.860001,90.379997,88.669998,89.059998,581600
3621,2014-05-28,89.220001,89.550003,87.879997,89.349998,727700
3622,2014-05-29,89.5,90.129997,88.059998,89.739998,611500
3623,2014-05-30,89.559998,90.660004,89.400002,89.57,907600
3624,2014-06-02,89.5,90.019997,88.660004,89.919998,556400
3625,2014-06-03,89.989998,92.849998,89.25,92.830002,1308200
3626,2014-06-04,92.5,92.760002,91.949997,92.720001,523300
3627,2014-06-05,92.43,95.660004,92.43,95.260002,986400
3628,2014-06-06,95.260002,96.120003,94.230003,94.82,712600
3629,2014-06-09,94.510002,94.709999,93.839996,94.0,586800
3630,2014-06-10,93.900002,94.029999,92.629997,93.370003,491100
3631,2014-06-11,92.949997,93.290001,91.900002,92.769997,471600
3632,2014-06-12,92.669998,93.07,91.989998,92.5,515700
3633,2014-06-13,92.589996,94.25,92.339996,94.07,619100
3634,2014-06-16,93.919998,95.0,93.339996,94.709999,753500
3635,2014-06-17,94.809998,96.849998,94.639999,95.290001,955700
3636,2014-06-18,95.050003,95.470001,94.230003,95.349998,449100
3637,2014-06-19,95.489998,96.419998,94.900002,96.349998,410100
3638,2014-06-20,96.629997,97.410004,96.18,97.059998,494900
3639,2014-06-23,97.230003,98.889999,96.889999,98.75,568500
3640,2014-06-24,98.309998,98.519997,96.830002,96.889999,631400
3641,2014-06-25,96.660004,97.510002,94.779999,96.989998,708900
3642,2014-06-26,97.150002,97.440002,93.419998,95.940002,1382300
3643,2014-06-27,95.82,96.389999,94.5,95.0,1460800
3644,2014-06-30,95.160004,96.260002,95.160004,95.760002,1027700
3645,2014-07-01,95.870003,97.07,94.860001,95.669998,875300
3646,2014-07-02,95.360001,96.519997,94.959999,96.480003,448600
3647,2014-07-03,96.480003,97.0,95.690002,96.199997,350300
3648,2014-07-07,95.809998,96.029999,94.190002,94.199997,408400
3649,2014-07-08,94.160004,94.489998,91.379997,92.800003,977600
3650,2014-07-09,93.199997,94.32,92.860001,93.730003,463000
3651,2014-07-10,92.57,93.07,91.730003,92.449997,794900
3652,2014-07-11,92.279999,92.959999,91.660004,92.459999,490500
3653,2014-07-14,93.0,93.199997,91.800003,92.220001,596000
3654,2014-07-15,92.089996,92.900002,91.260002,91.830002,619600
3655,2014-07-16,95.75,97.050003,94.5,96.980003,2044600
3656,2014-07-17,96.580002,97.550003,95.269997,95.519997,693300
3657,2014-07-18,95.550003,96.949997,94.790001,96.300003,582100
3658,2014-07-21,95.82,96.169998,94.260002,95.879997,405700
3659,2014-07-22,96.07,97.900002,93.93,96.900002,1325900
3660,2014-07-23,97.029999,98.139999,95.889999,97.559998,1144100
3661,2014-07-24,98.379997,98.900002,97.309998,97.540001,1139900
3662,2014-07-25,105.0,108.800003,103.330002,104.230003,2853200
3663,2014-07-28,104.879997,108.959999,104.699997,108.07,2140500
3664,2014-07-29,108.379997,110.43,107.400002,109.040001,1107500
3665,2014-07-30,109.07,109.440002,107.529999,108.120003,873500
3666,2014-07-31,107.919998,107.919998,105.639999,106.599998,1017600
3667,2014-08-01,106.550003,107.910004,104.760002,105.370003,899900
3668,2014-08-04,105.800003,106.620003,105.010002,106.449997,739200
3669,2014-08-05,106.400002,107.669998,105.809998,106.879997,748800
3670,2014-08-06,106.43,108.029999,105.889999,106.800003,545900
3671,2014-08-07,107.25,108.190002,106.57,107.449997,741000
3672,2014-08-08,107.349998,108.099998,105.160004,107.120003,652000
3673,2014-08-11,107.239998,108.040001,106.379997,106.900002,532500
3674,2014-08-12,107.0,107.669998,105.900002,107.209999,652800
3675,2014-08-13,107.309998,108.989998,107.309998,108.879997,640700
3676,2014-08-14,109.169998,110.330002,109.089996,109.919998,470700
3677,2014-08-15,110.089996,110.43,108.650002,109.620003,301100
3678,2014-08-18,110.199997,111.699997,109.75,111.699997,457000
3679,2014-08-19,112.18,112.43,111.379997,112.190002,484400
3680,2014-08-20,111.760002,112.540001,110.889999,112.339996,421000
3681,2014-08-21,112.32,112.870003,111.949997,112.379997,507100
3682,2014-08-22,112.440002,113.279999,112.0,113.0,500600
3683,2014-08-25,113.449997,113.639999,112.5,113.160004,426200
3684,2014-08-26,113.580002,114.120003,113.150002,113.639999,472100
3685,2014-08-27,113.660004,113.839996,112.910004,113.400002,585500
3686,2014-08-28,113.199997,113.739998,112.779999,113.57,390800
3687,2014-08-29,113.43,115.440002,113.349998,114.440002,441400
3688,2014-09-02,114.779999,115.25,113.169998,114.660004,606800
3689,2014-09-03,114.57,115.639999,111.25,111.449997,1366600
3690,2014-09-04,111.260002,112.029999,105.400002,108.0,2855300
3691,2014-09-05,108.160004,108.639999,106.580002,107.550003,948000
3692,2014-09-08,107.709999,110.150002,107.709999,110.050003,1016400
3693,2014-09-09,110.480003,113.160004,110.160004,111.620003,1073900
3694,2014-09-10,112.040001,112.040001,110.080002,111.160004,618300
3695,2014-09-11,110.980003,113.610001,110.980003,113.25,712400
3696,2014-09-12,113.599998,113.900002,111.260002,111.709999,797500
3697,2014-09-15,112.43,113.209999,110.220001,111.25,1334400
3698,2014-09-16,110.809998,112.800003,110.610001,112.07,1407100
3699,2014-09-17,112.349998,112.870003,110.779999,111.669998,720800
3700,2014-09-18,111.889999,113.029999,111.489998,112.559998,872500
3701,2014-09-19,113.43,114.68,112.480003,113.93,13966800
3702,2014-09-22,113.769997,114.440002,112.769997,113.190002,1241200
3703,2014-09-23,113.389999,113.879997,112.410004,112.790001,987900
3704,2014-09-24,113.019997,115.370003,112.269997,114.839996,780500
3705,2014-09-25,114.75,114.75,111.510002,111.730003,827100
3706,2014-09-26,111.75,112.620003,108.480003,109.029999,1840100
3707,2014-09-29,109.029999,109.93,108.099998,109.550003,1706200
3708,2014-09-30,109.800003,110.169998,104.419998,104.5,2256000
3709,2014-10-01,104.620003,105.360001,102.610001,103.610001,1582900
3710,2014-10-02,103.629997,106.010002,102.559998,105.75,1192700
3711,2014-10-03,106.739998,108.110001,106.029999,107.400002,989100
3712,2014-10-06,107.519997,108.110001,105.190002,105.470001,1254800
3713,2014-10-07,105.330002,107.029999,104.68,105.720001,1073200
3714,2014-10-08,105.720001,108.220001,105.059998,108.169998,813400
3715,2014-10-09,107.809998,108.07,104.25,104.32,705200
3716,2014-10-10,104.389999,105.989998,103.779999,103.860001,756500
3717,2014-10-13,103.839996,105.150002,102.010002,102.139999,952900
3718,2014-10-14,102.699997,104.720001,100.230003,102.93,943300
3719,2014-10-15,101.160004,101.5,97.150002,100.260002,1785300
3720,2014-10-16,101.029999,103.739998,100.269997,103.239998,1299000
3721,2014-10-17,103.779999,105.07,103.040001,103.309998,863200
3722,2014-10-20,102.959999,104.980003,102.300003,104.910004,594600
3723,2014-10-21,105.760002,107.389999,105.550003,106.959999,767400
3724,2014-10-22,106.830002,107.099998,105.0,105.300003,769900
3725,2014-10-23,106.080002,107.709999,105.809998,106.580002,846600
3726,2014-10-24,106.82,108.620003,105.769997,108.589996,835600
3727,2014-10-27,108.349998,109.139999,107.529999,108.419998,930100
3728,2014-10-28,108.779999,110.449997,103.830002,107.449997,1309500
3729,2014-10-29,107.309998,107.830002,104.239998,104.720001,1260100
3730,2014-10-30,104.690002,105.019997,101.290001,102.660004,1664100
3731,2014-10-31,104.010002,104.220001,101.089996,103.709999,878700
3732,2014-11-03,103.639999,107.790001,102.839996,103.440002,908700
3733,2014-11-04,103.730003,103.779999,99.18,102.099998,1756000
3734,2014-11-05,102.669998,102.669998,98.239998,98.699997,2036500
3735,2014-11-06,99.019997,100.830002,99.019997,100.25,1230000
3736,2014-11-07,100.139999,100.309998,95.629997,97.93,2942100
3737,2014-11-10,98.43,99.300003,97.489998,97.809998,1071400
3738,2014-11-11,98.050003,98.900002,97.589996,98.82,719200
3739,2014-11-12,97.800003,99.190002,96.510002,99.059998,1546700
3740,2014-11-13,99.0,99.529999,98.050003,98.809998,1236900
3741,2014-11-14,98.610001,99.230003,97.760002,97.93,909300
3742,2014-11-17,97.949997,101.059998,97.800003,100.93,1241400
3743,2014-11-18,101.169998,103.860001,100.739998,103.5,927400
3744,2014-11-19,103.129997,103.849998,102.010002,102.209999,1102500
3745,2014-11-20,101.550003,103.900002,101.43,103.059998,1003400
3746,2014-11-21,103.75,104.669998,102.980003,103.550003,916700
3747,2014-11-24,103.379997,105.300003,103.080002,103.760002,1021100
3748,2014-11-25,103.720001,104.839996,103.459999,104.730003,732600
3749,2014-11-26,104.849998,105.190002,103.470001,104.0,555800
3750,2014-11-28,103.400002,105.040001,103.400002,104.620003,288300
3751,2014-12-01,104.900002,105.089996,103.230003,103.879997,555400
3752,2014-12-02,103.57,104.730003,103.43,104.339996,450200
3753,2014-12-03,104.290001,105.889999,104.290001,105.860001,588100
3754,2014-12-04,105.730003,107.730003,105.260002,106.919998,658200
3755,2014-12-05,107.139999,108.160004,106.650002,107.5,856900
3756,2014-12-08,107.839996,110.199997,107.300003,108.279999,710300
3757,2014-12-09,107.110001,107.379997,105.830002,107.300003,512000
3758,2014-12-10,106.940002,107.139999,105.550003,106.410004,807100
3759,2014-12-11,107.07,108.989998,106.730003,108.150002,426300
3760,2014-12-12,107.160004,109.379997,106.580002,106.639999,1164000
3761,2014-12-15,106.769997,108.0,104.949997,106.449997,936500
3762,2014-12-16,105.989998,107.309998,104.239998,104.370003,836100
3763,2014-12-17,104.599998,106.07,103.720001,105.599998,1023100
3764,2014-12-18,106.769997,109.669998,106.599998,109.669998,712900
3765,2014-12-19,110.129997,110.57,109.389999,109.870003,1235500
3766,2014-12-22,109.919998,110.790001,109.529999,110.660004,468500
3767,2014-12-23,111.07,111.379997,110.43,110.879997,677000
3768,2014-12-24,111.010002,112.589996,111.0,111.870003,266900
3769,2014-12-26,112.0,112.75,111.830002,112.32,485800
3770,2014-12-29,111.959999,112.419998,111.330002,111.629997,620600
3771,2014-12-30,111.370003,112.360001,110.839996,111.510002,585800
3772,2014-12-31,111.870003,112.18,110.900002,111.260002,1030700
3773,2015-01-02,112.050003,112.540001,109.739998,110.970001,628500
3774,2015-01-05,110.419998,111.150002,107.760002,108.699997,801600
3775,2015-01-06,108.529999,110.040001,108.059998,108.739998,1022200
3776,2015-01-07,110.300003,112.029999,109.779999,111.989998,914500
3777,2015-01-08,112.650002,113.470001,112.099998,113.139999,1006000
3778,2015-01-09,113.330002,113.610001,112.269997,112.849998,747300
3779,2015-01-12,113.480003,113.620003,106.120003,106.239998,1161900
3780,2015-01-13,107.309998,107.879997,104.559998,106.25,1260500
3781,2015-01-14,105.199997,105.199997,102.559998,104.309998,1172400
3782,2015-01-15,104.370003,106.110001,103.370003,105.660004,846100
3783,2015-01-16,105.309998,108.370003,105.290001,108.220001,975500
3784,2015-01-20,108.510002,108.989998,106.150002,107.129997,938500
3785,2015-01-21,106.529999,108.959999,106.010002,108.290001,666100
3786,2015-01-22,108.660004,110.849998,107.690002,110.370003,628700
3787,2015-01-23,110.18,110.93,106.400002,106.510002,1153700
3788,2015-01-26,107.519997,107.93,105.290001,107.839996,1108000
3789,2015-01-27,106.980003,108.019997,106.599998,106.839996,607000
3790,2015-01-28,107.300003,107.389999,105.540001,105.68,829700
3791,2015-01-29,106.169998,106.269997,103.389999,105.440002,883900
3792,2015-01-30,104.589996,105.010002,102.349998,102.529999,591000
3793,2015-02-02,102.860001,103.68,101.199997,103.139999,848200
3794,2015-02-03,102.349998,105.660004,102.190002,104.860001,881100
3795,2015-02-04,104.360001,106.199997,103.510002,105.230003,590900
3796,2015-02-05,105.120003,106.309998,105.120003,105.82,429400
3797,2015-02-06,106.25,106.739998,104.599998,104.989998,451600
3798,2015-02-09,104.75,104.980003,103.290001,103.82,431100
3799,2015-02-10,104.879997,106.360001,104.120003,106.080002,639200
3800,2015-02-11,105.699997,106.68,105.209999,106.129997,371000
3801,2015-02-12,106.389999,106.599998,103.459999,104.089996,963100
3802,2015-02-13,103.809998,104.989998,102.860001,104.93,817900
3803,2015-02-17,104.790001,106.790001,104.5,106.790001,401400
3804,2015-02-18,106.989998,107.470001,105.940002,106.949997,305800
3805,2015-02-19,106.900002,107.919998,106.599998,107.18,275100
3806,2015-02-20,107.269997,108.330002,106.010002,107.870003,683900
3807,2015-02-23,107.860001,108.839996,107.269997,108.389999,1024800
3808,2015-02-24,108.389999,109.940002,108.050003,108.519997,658600
3809,2015-02-25,108.519997,109.639999,107.660004,109.190002,413300
3810,2015-02-26,109.019997,113.07,108.540001,112.489998,1113000
3811,2015-02-27,112.489998,114.879997,112.300003,113.349998,892600
3812,2015-03-02,113.349998,117.610001,112.870003,114.489998,874200
3813,2015-03-03,113.879997,114.260002,111.849998,112.730003,572200
3814,2015-03-04,112.440002,118.349998,111.730003,115.75,1413700
3815,2015-03-05,115.760002,116.860001,113.550003,114.879997,634900
3816,2015-03-06,114.459999,116.120003,113.800003,114.050003,549600
3817,2015-03-09,114.230003,114.519997,113.019997,113.529999,601400
3818,2015-03-10,112.43,114.110001,111.730003,112.980003,598800
3819,2015-03-11,113.290001,115.080002,112.760002,113.919998,531100
3820,2015-03-12,114.419998,115.239998,113.879997,114.480003,746300
3821,2015-03-13,114.089996,115.080002,113.279999,114.080002,389700
3822,2015-03-16,114.900002,116.43,114.739998,116.199997,668300
3823,2015-03-17,115.970001,116.449997,115.059998,116.169998,641600
3824,2015-03-18,116.18,117.68,115.629997,117.290001,783100
3825,2015-03-19,117.239998,119.120003,116.989998,118.730003,546100
3826,2015-03-20,119.489998,119.93,118.290001,118.760002,653100
3827,2015-03-23,119.120003,121.75,119.120003,121.330002,610400
3828,2015-03-24,121.010002,121.379997,119.230003,120.0,471600
3829,2015-03-25,120.139999,121.949997,117.779999,117.980003,886900
3830,2015-03-26,117.699997,118.25,116.330002,117.339996,617600
3831,2015-03-27,117.410004,118.379997,117.410004,118.099998,506300
3832,2015-03-30,119.089996,120.459999,119.089996,119.970001,500400
3833,2015-03-31,119.199997,120.07,117.589996,117.709999,929700
3834,2015-04-01,115.900002,116.629997,109.830002,112.959999,3473700
3835,2015-04-02,112.860001,116.959999,112.400002,116.690002,1279600
3836,2015-04-06,115.970001,119.269997,115.580002,118.110001,851200
3837,2015-04-07,118.440002,119.900002,117.779999,117.919998,533500
3838,2015-04-08,118.129997,119.870003,117.550003,118.980003,752600
3839,2015-04-09,118.690002,119.699997,117.300003,118.699997,556300
3840,2015-04-10,118.650002,119.150002,117.510002,118.440002,299500
3841,2015-04-13,118.730003,119.720001,118.25,118.389999,377400
3842,2015-04-14,118.029999,119.660004,116.93,119.150002,447000
3843,2015-04-15,120.169998,122.050003,120.160004,121.089996,545100
3844,2015-04-16,120.860001,121.239998,119.32,119.980003,420700
3845,2015-04-17,119.199997,120.169998,118.629997,119.779999,467000
3846,2015-04-20,120.019997,121.089996,119.290001,120.93,445900
3847,2015-04-21,121.279999,121.800003,120.230003,120.949997,511100
3848,2015-04-22,120.959999,121.410004,119.709999,121.07,508800
3849,2015-04-23,121.230003,122.769997,120.410004,122.599998,649000
3850,2015-04-24,122.709999,123.410004,122.150002,122.690002,384200
3851,2015-04-27,123.129997,123.129997,120.029999,120.25,651500
3852,2015-04-28,122.779999,123.0,117.239998,121.839996,1120000
3853,2015-04-29,121.800003,122.07,118.639999,119.709999,668700
3854,2015-04-30,119.510002,120.379997,116.660004,116.949997,1060800
3855,2015-05-01,117.720001,118.169998,116.25,116.809998,835800
3856,2015-05-04,117.25,119.830002,117.029999,119.379997,786000
3857,2015-05-05,119.540001,119.940002,115.849998,116.269997,743500
3858,2015-05-06,116.650002,116.779999,114.760002,115.370003,623500
3859,2015-05-07,115.18,118.75,115.18,118.489998,957800
3860,2015-05-08,119.57,120.790001,119.07,120.629997,680700
3861,2015-05-11,120.589996,122.949997,120.239998,122.129997,724300
3862,2015-05-12,121.25,121.68,119.150002,119.540001,497600
3863,2015-05-13,120.120003,120.610001,119.230003,119.849998,605000
3864,2015-05-14,120.949997,123.089996,120.239998,122.110001,637900
3865,2015-05-15,122.269997,122.489998,121.139999,122.25,614600
3866,2015-05-18,122.339996,126.050003,121.970001,125.760002,818000
3867,2015-05-19,125.830002,129.309998,125.480003,127.910004,790900
3868,2015-05-20,127.800003,128.259995,126.75,126.779999,1071600
3869,2015-05-21,126.599998,127.68,126.160004,126.690002,757300
3870,2015-05-22,126.620003,128.279999,125.980003,126.800003,451400
3871,2015-05-26,126.870003,127.769997,126.129997,126.68,606600
3872,2015-05-27,127.589996,131.800003,127.589996,131.720001,1515700
3873,2015-05-28,131.119995,132.029999,129.0,129.940002,1281300
3874,2015-05-29,129.660004,131.309998,128.929993,129.580002,654900
3875,2015-06-01,130.020004,131.240005,128.929993,131.029999,678500
3876,2015-06-02,130.300003,130.880005,129.210007,129.330002,470700
3877,2015-06-03,129.460007,129.880005,128.470001,129.110001,540400
3878,2015-06-04,128.699997,128.940002,127.019997,127.230003,524400
3879,2015-06-05,127.540001,128.289993,126.129997,127.43,497800
3880,2015-06-08,127.230003,128.009995,126.400002,126.459999,340600
3881,2015-06-09,126.540001,127.650002,126.349998,127.440002,619300
3882,2015-06-10,127.870003,132.130005,127.690002,131.339996,1126000
3883,2015-06-11,131.559998,132.779999,131.0,132.330002,730900
3884,2015-06-12,131.570007,132.449997,130.130005,130.240005,462100
3885,2015-06-15,129.990005,131.559998,128.880005,131.199997,553700
3886,2015-06-16,131.0,131.850006,129.679993,130.059998,428200
3887,2015-06-17,130.720001,132.0,130.110001,131.289993,401300
3888,2015-06-18,131.600006,132.699997,130.679993,132.110001,446600
3889,2015-06-19,132.050003,135.160004,131.809998,134.720001,961900
3890,2015-06-22,135.389999,136.259995,134.929993,135.169998,728200
3891,2015-06-23,135.059998,135.789993,134.080002,134.369995,609400
3892,2015-06-24,134.360001,134.600006,130.199997,130.679993,953400
3893,2015-06-25,130.630005,144.0,130.630005,140.779999,4001300
3894,2015-06-26,141.389999,143.050003,141.110001,142.690002,1293100
3895,2015-06-29,141.089996,143.899994,140.649994,141.320007,775000
3896,2015-06-30,143.059998,143.059998,141.25,142.100006,738200
3897,2015-07-01,143.460007,144.0,142.649994,143.089996,696700
3898,2015-07-02,143.330002,143.850006,142.059998,142.710007,611500
3899,2015-07-06,141.940002,143.330002,141.600006,142.410004,800300
3900,2015-07-07,142.539993,143.0,139.429993,141.649994,883100
3901,2015-07-08,140.399994,141.25,139.139999,139.979996,665700
3902,2015-07-09,141.5,141.880005,140.259995,140.889999,508900
3903,2015-07-10,141.820007,142.690002,141.339996,141.759995,487000
3904,2015-07-13,143.240005,143.679993,141.830002,143.0,553400
3905,2015-07-14,142.910004,144.149994,142.309998,143.380005,504800
3906,2015-07-15,143.5,143.5,141.720001,142.429993,523200
3907,2015-07-16,141.419998,141.830002,139.429993,141.25,788800
3908,2015-07-17,141.839996,142.039993,140.130005,141.229996,520600
3909,2015-07-20,141.460007,142.330002,140.550003,142.009995,421900
3910,2015-07-21,141.610001,142.059998,139.5,140.25,386000
3911,2015-07-22,140.199997,141.619995,139.960007,141.020004,350300
3912,2015-07-23,141.740005,142.639999,141.350006,141.789993,405200
3913,2015-07-24,141.449997,141.880005,140.309998,140.990005,500900
3914,2015-07-27,140.800003,141.070007,139.350006,140.289993,645700
3915,2015-07-28,140.740005,141.509995,138.270004,141.369995,430100
3916,2015-07-29,141.559998,142.539993,140.699997,142.309998,492000
3917,2015-07-30,141.699997,142.210007,140.369995,141.440002,690300
3918,2015-07-31,143.009995,148.279999,143.009995,145.229996,1402700
3919,2015-08-03,145.949997,146.830002,145.419998,145.800003,658000
3920,2015-08-04,146.779999,147.699997,145.809998,146.240005,507400
3921,2015-08-05,146.570007,148.570007,140.880005,143.960007,1222200
3922,2015-08-06,143.929993,145.0,140.479996,142.520004,768100
3923,2015-08-07,143.0,143.820007,140.970001,142.740005,420000
3924,2015-08-10,143.699997,145.089996,142.619995,143.279999,397500
3925,2015-08-11,142.440002,142.910004,139.899994,141.399994,497300
3926,2015-08-12,140.649994,142.419998,138.770004,142.089996,534100
3927,2015-08-13,143.199997,143.740005,141.720001,142.279999,391200
3928,2015-08-14,142.399994,143.380005,142.210007,143.089996,567700
3929,2015-08-17,142.669998,145.869995,142.009995,145.5,398300
3930,2015-08-18,145.009995,145.809998,144.179993,145.449997,499600
3931,2015-08-19,144.740005,146.800003,143.699997,145.970001,531200
3932,2015-08-20,144.630005,145.490005,141.100006,141.139999,595800
3933,2015-08-21,139.789993,141.899994,137.75,140.690002,1168900
3934,2015-08-24,133.119995,138.110001,131.979996,132.850006,1490700
3935,2015-08-25,135.570007,136.990005,132.119995,132.179993,906600
3936,2015-08-26,135.470001,137.440002,132.050003,136.899994,1103400
3937,2015-08-27,138.020004,141.509995,137.839996,140.970001,756500
3938,2015-08-28,140.270004,140.679993,138.589996,140.369995,514900
3939,2015-08-31,140.169998,141.580002,136.809998,137.139999,535900
3940,2015-09-01,134.729996,135.039993,131.080002,131.779999,955400
3941,2015-09-02,132.779999,136.360001,132.070007,136.339996,778300
3942,2015-09-03,137.119995,138.550003,134.779999,135.190002,531200
3943,2015-09-04,134.160004,135.809998,133.270004,135.020004,609100
3944,2015-09-08,137.369995,138.550003,136.009995,137.800003,523700
3945,2015-09-09,138.839996,139.320007,134.820007,135.039993,590700
3946,2015-09-10,135.119995,136.110001,134.270004,134.699997,549400
3947,2015-09-11,134.039993,134.619995,131.600006,133.210007,1210300
3948,2015-09-14,133.899994,135.490005,133.330002,135.259995,750300
3949,2015-09-15,135.529999,135.820007,134.169998,135.309998,490800
3950,2015-09-16,135.820007,137.0,135.279999,136.320007,585500
3951,2015-09-17,136.600006,141.190002,136.190002,139.009995,702900
3952,2015-09-18,138.429993,139.830002,136.789993,137.229996,1261700
3953,2015-09-21,138.029999,139.100006,137.059998,138.990005,894100
3954,2015-09-22,137.259995,139.539993,136.210007,139.320007,852600
3955,2015-09-23,139.509995,141.020004,137.630005,139.289993,624400
3956,2015-09-24,138.520004,138.75,133.139999,133.580002,1174600
3957,2015-09-25,134.720001,135.369995,129.169998,130.020004,723600
3958,2015-09-28,129.539993,129.910004,121.639999,124.889999,1333100
3959,2015-09-29,124.839996,125.389999,119.809998,121.160004,2377600
3960,2015-09-30,122.900002,125.129997,122.830002,124.809998,1261000
3961,2015-10-01,125.959999,127.610001,124.169998,126.459999,1116400
3962,2015-10-02,123.68,127.290001,123.650002,127.18,768600
3963,2015-10-05,128.119995,131.710007,128.119995,130.320007,797800
3964,2015-10-06,129.720001,130.850006,126.800003,127.900002,694000
3965,2015-10-07,127.900002,130.229996,125.889999,129.639999,784300
3966,2015-10-08,128.940002,129.419998,125.519997,127.440002,727900
3967,2015-10-09,127.68,128.869995,126.07,128.5,475800
3968,2015-10-12,128.410004,129.410004,127.040001,129.270004,332100
3969,2015-10-13,128.710007,130.429993,127.529999,127.760002,481100
3970,2015-10-14,128.139999,129.240005,125.800003,126.290001,416200
3971,2015-10-15,121.160004,125.839996,117.040001,125.230003,2051700
3972,2015-10-16,125.940002,129.479996,125.940002,128.470001,1150300
3973,2015-10-19,128.070007,129.580002,127.540001,129.399994,512000
3974,2015-10-20,129.630005,130.889999,127.669998,128.160004,509100
3975,2015-10-21,128.880005,129.050003,122.93,125.470001,862600
3976,2015-10-22,116.919998,117.269997,107.260002,111.730003,4052900
3977,2015-10-23,112.93,117.150002,112.93,115.949997,1512800
3978,2015-10-26,115.620003,118.050003,114.559998,117.889999,1318000
3979,2015-10-27,117.550003,119.370003,114.889999,116.040001,1715300
3980,2015-10-28,113.260002,121.669998,110.309998,120.68,1777100
3981,2015-10-29,120.400002,122.790001,119.790001,122.169998,1162200
3982,2015-10-30,122.029999,123.57,121.959999,122.089996,831800
3983,2015-11-02,122.269997,125.75,122.269997,125.139999,702700
3984,2015-11-03,124.150002,125.139999,121.93,122.839996,732700
3985,2015-11-04,123.160004,125.25,122.68,125.029999,672500
3986,2015-11-05,124.830002,125.139999,121.339996,122.910004,791400
3987,2015-11-06,122.790001,126.199997,122.150002,125.860001,585000
3988,2015-11-09,125.360001,125.919998,122.559998,124.440002,420700
3989,2015-11-10,124.529999,125.690002,123.080002,125.099998,491600
3990,2015-11-11,125.629997,125.629997,120.650002,120.809998,398200
3991,2015-11-12,120.410004,120.550003,117.5,117.620003,684200
3992,2015-11-13,117.150002,120.300003,115.900002,119.760002,733400
3993,2015-11-16,119.57,120.730003,119.040001,120.230003,1025000
3994,2015-11-17,120.269997,123.650002,119.480003,122.660004,667600
3995,2015-11-18,122.980003,124.589996,122.540001,124.440002,622100
3996,2015-11-19,118.690002,122.790001,118.470001,119.080002,1236200
3997,2015-11-20,119.809998,122.779999,119.730003,122.5,583900
3998,2015-11-23,122.739998,125.260002,121.529999,123.400002,633200
3999,2015-11-24,122.57,124.480003,122.019997,124.309998,980800
4000,2015-11-25,124.110001,124.949997,122.5,123.75,539000
4001,2015-11-27,124.110001,125.370003,123.540001,124.589996,191100
4002,2015-11-30,124.860001,125.300003,121.18,121.519997,852300
4003,2015-12-01,122.690002,125.489998,122.690002,125.330002,624600
4004,2015-12-02,125.059998,125.879997,122.669998,122.940002,440000
4005,2015-12-03,123.080002,123.419998,116.709999,118.160004,911400
4006,2015-12-04,118.760002,120.400002,117.910004,119.449997,653100
4007,2015-12-07,119.330002,119.589996,116.459999,117.089996,528200
4008,2015-12-08,115.910004,120.5,115.019997,120.279999,714100
4009,2015-12-09,119.449997,122.809998,118.389999,118.75,664300
4010,2015-12-10,118.830002,121.959999,118.830002,121.110001,437000
4011,2015-12-11,119.940002,121.269997,119.300003,119.489998,540200
4012,2015-12-14,119.720001,120.699997,113.830002,116.160004,937500
4013,2015-12-15,117.459999,118.620003,116.82,118.309998,431300
4014,2015-12-16,119.550003,120.639999,114.959999,116.75,874500
4015,2015-12-17,116.580002,118.440002,115.660004,116.120003,599400
4016,2015-12-18,116.309998,117.269997,114.800003,114.959999,712200
4017,2015-12-21,115.239998,119.730003,115.209999,119.139999,660400
4018,2015-12-22,119.370003,120.110001,116.370003,117.769997,780800
4019,2015-12-23,118.650002,122.07,118.150002,121.099998,639700
4020,2015-12-24,120.669998,122.150002,119.790001,120.639999,196900
4021,2015-12-28,119.959999,120.550003,118.209999,119.349998,409400
4022,2015-12-29,120.0,121.800003,119.440002,121.400002,778100
4023,2015-12-30,121.290001,121.940002,119.849998,120.019997,257300
4024,2015-12-31,119.099998,121.160004,118.839996,119.489998,346500
4025,2016-01-04,117.459999,119.190002,116.5,117.919998,682600
4026,2016-01-05,118.559998,120.25,118.18,118.43,703300
4027,2016-01-06,116.68,117.57,114.120003,115.699997,1077500
4028,2016-01-07,113.449997,115.160004,112.300003,112.900002,757700
4029,2016-01-08,113.269997,115.82,112.050003,112.379997,750700
4030,2016-01-11,114.18,117.830002,112.919998,114.459999,1066700
4031,2016-01-12,115.410004,117.5,110.099998,112.300003,750100
4032,2016-01-13,112.400002,113.400002,107.919998,109.099998,1275800
4033,2016-01-14,109.309998,112.050003,109.0,111.18,869900
4034,2016-01-15,108.830002,110.800003,107.120003,109.169998,1084800
4035,2016-01-19,110.410004,110.589996,105.68,107.370003,1110800
4036,2016-01-20,105.760002,108.489998,103.57,107.389999,1016000
4037,2016-01-21,107.769997,110.160004,106.050003,106.949997,754700
4038,2016-01-22,107.599998,108.529999,105.879997,107.519997,820800
4039,2016-01-25,107.25,109.410004,107.25,108.459999,637100
4040,2016-01-26,108.779999,112.599998,108.550003,111.900002,741500
4041,2016-01-27,111.760002,113.699997,110.400002,111.080002,615900
4042,2016-01-28,112.790001,113.870003,107.489998,108.019997,713800
4043,2016-01-29,108.279999,112.849998,108.029999,112.639999,714300
4044,2016-02-01,112.279999,115.800003,111.980003,115.07,730100
4045,2016-02-02,113.5,113.550003,111.589996,112.099998,552300
4046,2016-02-03,112.910004,113.290001,109.110001,111.580002,595400
4047,2016-02-04,111.209999,113.029999,109.480003,111.849998,534000
4048,2016-02-05,111.220001,111.989998,108.260002,109.040001,641300
4049,2016-02-08,107.040001,107.559998,103.510002,104.470001,660500
4050,2016-02-09,103.290001,106.360001,102.989998,105.519997,690300
4051,2016-02-10,106.440002,110.68,106.230003,108.989998,716800
4052,2016-02-11,107.290001,108.040001,101.559998,101.650002,1178100
4053,2016-02-12,102.43,104.5,100.82,104.260002,748200
4054,2016-02-16,101.0,106.25,100.989998,106.099998,1406200
4055,2016-02-17,107.169998,109.18,106.589996,107.739998,1164100
4056,2016-02-18,108.129997,108.800003,107.099998,107.32,760800
4057,2016-02-19,107.419998,107.419998,105.029999,106.989998,1621400
4058,2016-02-22,108.059998,110.440002,108.059998,110.029999,745400
4059,2016-02-23,109.769997,110.870003,107.559998,109.730003,600200
4060,2016-02-24,108.580002,110.809998,107.709999,110.660004,535400
4061,2016-02-25,111.269997,112.919998,108.82,111.279999,865700
4062,2016-02-26,107.900002,117.5,106.690002,113.339996,1425900
4063,2016-02-29,112.879997,113.080002,110.370003,110.370003,1131200
4064,2016-03-01,110.830002,114.07,109.279999,113.75,968900
4065,2016-03-02,113.949997,115.519997,113.199997,115.360001,848800
4066,2016-03-03,115.5,119.199997,115.120003,117.5,802700
4067,2016-03-04,117.709999,117.870003,115.43,115.540001,948100
4068,2016-03-07,114.580002,115.169998,113.620003,114.389999,828400
4069,2016-03-08,113.480003,114.400002,111.379997,111.82,921700
4070,2016-03-09,112.660004,113.099998,110.730003,113.010002,540400
4071,2016-03-10,113.470001,115.019997,112.0,112.949997,696000
4072,2016-03-11,114.139999,115.949997,113.339996,115.690002,762900
4073,2016-03-14,115.209999,116.25,114.620003,115.389999,434100
4074,2016-03-15,114.290001,114.699997,111.690002,112.089996,476500
4075,2016-03-16,111.82,114.389999,111.599998,113.720001,479500
4076,2016-03-17,113.330002,114.389999,111.650002,113.739998,647200
4077,2016-03-18,113.970001,117.110001,113.660004,116.650002,999200
4078,2016-03-21,117.550003,118.309998,115.360001,116.610001,579900
4079,2016-03-22,115.940002,120.080002,115.230003,118.910004,792200
4080,2016-03-23,119.110001,121.639999,118.190002,118.620003,588200
4081,2016-03-24,117.639999,119.050003,116.0,117.910004,466500
4082,2016-03-28,118.370003,120.040001,117.650002,119.150002,572100
4083,2016-03-29,121.150002,124.099998,120.139999,123.910004,1008700
4084,2016-03-30,124.57,126.669998,123.669998,125.330002,906600
4085,2016-03-31,124.949997,126.669998,124.419998,124.720001,1024900
4086,2016-04-01,123.419998,125.529999,122.989998,125.389999,998200
4087,2016-04-04,125.309998,125.870003,123.790001,124.669998,764900
4088,2016-04-05,123.5,124.139999,122.57,122.68,616500
4089,2016-04-06,122.889999,124.309998,122.779999,124.209999,692800
4090,2016-04-07,123.489998,124.43,122.230003,123.040001,658000
4091,2016-04-08,124.050003,124.480003,122.839996,123.220001,546300
4092,2016-04-11,123.5,124.389999,121.370003,121.739998,632000
4093,2016-04-12,121.629997,123.099998,121.629997,122.489998,749300
4094,2016-04-13,123.290001,125.830002,122.739998,125.220001,620300
4095,2016-04-14,125.540001,126.269997,124.099998,125.709999,700200
4096,2016-04-15,125.449997,125.610001,122.489998,125.379997,575600
4097,2016-04-18,124.889999,126.190002,124.160004,126.120003,455400
4098,2016-04-19,126.779999,127.32,124.949997,125.75,497800
4099,2016-04-20,126.040001,129.270004,124.269997,128.330002,900600
4100,2016-04-21,128.070007,130.139999,127.260002,127.68,718800
4101,2016-04-22,127.769997,130.330002,127.720001,129.179993,606100
4102,2016-04-25,128.559998,129.179993,126.739998,127.809998,548600
4103,2016-04-26,129.970001,133.110001,129.970001,132.190002,1530500
4104,2016-04-27,132.199997,132.820007,130.339996,132.119995,1060700
4105,2016-04-28,132.410004,139.770004,132.410004,134.910004,1508800
4106,2016-04-29,134.979996,135.259995,130.389999,133.679993,1126500
4107,2016-05-02,133.710007,134.830002,131.610001,134.169998,1125600
4108,2016-05-03,132.820007,134.600006,131.639999,133.880005,986700
4109,2016-05-04,132.860001,135.520004,132.229996,133.259995,812500
4110,2016-05-05,133.539993,134.809998,132.960007,133.570007,579600
4111,2016-05-06,133.429993,134.639999,132.559998,133.869995,686300
4112,2016-05-09,133.5,135.660004,133.5,135.070007,469600
4113,2016-05-10,135.369995,136.020004,133.850006,135.050003,580700
4114,2016-05-11,135.169998,136.899994,134.070007,135.779999,565700
4115,2016-05-12,136.479996,136.479996,132.600006,133.289993,653000
4116,2016-05-13,133.110001,134.470001,133.070007,133.610001,588700
4117,2016-05-16,133.800003,135.470001,133.729996,135.020004,704800
4118,2016-05-17,135.020004,137.0,133.449997,134.410004,1230600
4119,2016-05-18,134.350006,135.179993,132.550003,133.539993,525900
4120,2016-05-19,132.539993,134.470001,132.160004,133.690002,697600
4121,2016-05-20,134.229996,135.25,132.940002,134.110001,522700
4122,2016-05-23,133.759995,133.759995,131.520004,132.039993,1166700
4123,2016-05-24,132.399994,135.279999,132.399994,134.850006,1072700
4124,2016-05-25,135.25,136.570007,134.720001,135.789993,778100
4125,2016-05-26,135.559998,136.429993,133.110001,134.449997,716800
4126,2016-05-27,134.210007,136.289993,134.210007,134.690002,268300
4127,2016-05-31,135.039993,135.240005,133.899994,134.860001,435100
4128,2016-06-01,134.619995,136.059998,134.240005,135.919998,558400
4129,2016-06-02,135.559998,137.539993,135.259995,137.369995,730900
4130,2016-06-03,137.149994,137.820007,135.179993,135.380005,487500
4131,2016-06-06,135.660004,137.220001,135.130005,136.960007,460500
4132,2016-06-07,136.910004,138.0,136.860001,137.839996,524500
4133,2016-06-08,137.820007,139.350006,137.710007,138.740005,982000
4134,2016-06-09,138.550003,139.460007,137.630005,138.0,420600
4135,2016-06-10,136.830002,137.75,134.759995,135.169998,307900
4136,2016-06-13,134.600006,135.320007,131.949997,132.029999,582500
4137,2016-06-14,131.729996,133.490005,130.800003,133.410004,606900
4138,2016-06-15,133.639999,133.970001,132.059998,132.139999,389100
4139,2016-06-16,131.050003,132.149994,129.850006,131.820007,402700
4140,2016-06-17,132.139999,133.529999,130.160004,131.25,736800
4141,2016-06-20,132.580002,134.460007,132.460007,132.639999,312100
4142,2016-06-21,132.940002,133.25,131.320007,132.660004,269200
4143,2016-06-22,132.559998,136.160004,132.559998,134.839996,787600
4144,2016-06-23,136.160004,138.279999,136.070007,138.279999,714800
4145,2016-06-24,133.669998,138.199997,133.490005,136.300003,1543500
4146,2016-06-27,135.110001,135.110001,128.539993,129.360001,887100
4147,2016-06-28,130.080002,132.660004,130.080002,132.080002,828200
4148,2016-06-29,132.0,134.770004,132.0,133.440002,832800
4149,2016-06-30,133.330002,134.360001,131.75,134.100006,704300
4150,2016-07-01,133.960007,135.139999,132.860001,133.539993,421000
4151,2016-07-05,133.139999,133.139999,131.389999,132.350006,405700
4152,2016-07-06,132.199997,133.710007,130.820007,133.309998,968300
4153,2016-07-07,134.009995,135.190002,133.820007,134.740005,641900
4154,2016-07-08,135.809998,137.389999,135.399994,137.160004,536400
4155,2016-07-11,137.619995,138.229996,137.0,137.240005,372900
4156,2016-07-12,138.259995,138.259995,136.369995,136.550003,416700
4157,2016-07-13,136.899994,137.779999,136.229996,136.610001,600200
4158,2016-07-14,137.789993,137.789993,134.240005,135.100006,629100
4159,2016-07-15,135.309998,136.029999,134.539993,135.229996,453200
4160,2016-07-18,135.660004,136.039993,134.520004,135.800003,486800
4161,2016-07-19,135.149994,136.220001,134.149994,135.880005,643300
4162,2016-07-20,136.139999,136.990005,135.669998,136.0,629100
4163,2016-07-21,135.759995,138.100006,135.529999,137.309998,623300
4164,2016-07-22,137.460007,138.770004,136.070007,138.229996,515200
4165,2016-07-25,138.279999,138.279999,136.020004,136.639999,684700
4166,2016-07-26,136.169998,138.429993,135.729996,138.279999,769100
4167,2016-07-27,130.720001,131.720001,125.940002,130.600006,3386800
4168,2016-07-28,129.350006,130.720001,128.490005,129.979996,1237200
4169,2016-07-29,129.570007,129.720001,127.720001,129.529999,1381800
4170,2016-08-01,128.809998,130.020004,127.830002,128.220001,1576600
4171,2016-08-02,127.849998,128.389999,124.169998,125.279999,2329100
4172,2016-08-03,124.269997,128.080002,124.269997,127.940002,963000
4173,2016-08-04,127.940002,128.779999,126.980003,127.669998,892400
4174,2016-08-05,128.080002,128.509995,126.849998,127.25,562100
4175,2016-08-08,127.129997,128.649994,126.82,126.879997,738900
4176,2016-08-09,127.190002,127.290001,126.010002,126.160004,734100
4177,2016-08-10,125.900002,126.5,125.239998,126.220001,436700
4178,2016-08-11,126.470001,127.220001,126.059998,126.82,414700
4179,2016-08-12,126.809998,127.010002,126.080002,126.370003,292900
4180,2016-08-15,126.940002,127.230003,126.029999,126.309998,482800
4181,2016-08-16,125.68,125.949997,122.489998,122.68,1061200
4182,2016-08-17,122.690002,122.900002,119.860001,120.839996,1309100
4183,2016-08-18,120.32,121.550003,120.32,120.900002,460600
4184,2016-08-19,120.43,121.379997,119.489998,121.290001,523200
4185,2016-08-22,120.970001,121.849998,120.690002,121.580002,453200
4186,2016-08-23,121.989998,122.949997,121.440002,121.480003,429400
4187,2016-08-24,121.709999,122.050003,120.010002,120.349998,515000
4188,2016-08-25,119.940002,121.279999,119.550003,120.120003,477800
4189,2016-08-26,120.199997,120.709999,118.889999,119.449997,397500
4190,2016-08-29,119.290001,121.400002,119.18,121.190002,563100
4191,2016-08-30,121.089996,121.519997,120.489998,121.029999,580900
4192,2016-08-31,120.599998,121.07,119.629997,120.529999,402800
4193,2016-09-01,120.68,120.68,118.510002,118.82,658200
4194,2016-09-02,119.5,120.940002,119.199997,120.699997,605300
4195,2016-09-06,120.709999,120.839996,118.040001,119.669998,744800
4196,2016-09-07,119.660004,123.580002,119.370003,122.199997,1384000
4197,2016-09-08,122.010002,122.010002,120.959999,121.550003,669900
4198,2016-09-09,121.050003,121.540001,120.07,120.110001,840800
4199,2016-09-12,119.400002,122.760002,118.809998,122.400002,936000
4200,2016-09-13,121.07,122.029999,120.779999,121.389999,964000
4201,2016-09-14,121.599998,121.800003,119.68,120.550003,907500
4202,2016-09-15,120.019997,122.330002,119.589996,122.0,606300
4203,2016-09-16,122.129997,123.989998,121.529999,123.510002,1301200
4204,2016-09-19,123.410004,125.010002,122.870003,123.269997,1079300
4205,2016-09-20,123.419998,124.970001,122.349998,122.5,1024800
4206,2016-09-21,122.629997,123.540001,121.559998,122.800003,680700
4207,2016-09-22,123.099998,124.440002,123.040001,124.25,838700
4208,2016-09-23,124.120003,125.160004,122.93,122.93,448300
4209,2016-09-26,122.349998,122.349998,120.57,121.07,957100
4210,2016-09-27,120.769997,122.400002,120.769997,121.720001,719700
4211,2016-09-28,121.870003,123.07,121.57,122.959999,377700
4212,2016-09-29,122.739998,123.510002,121.610001,122.18,770400
4213,2016-09-30,122.879997,123.620003,121.080002,123.220001,629000
4214,2016-10-03,122.830002,122.830002,120.029999,120.769997,990100
4215,2016-10-04,121.050003,121.519997,120.279999,120.900002,653000
4216,2016-10-05,121.389999,121.879997,119.830002,120.080002,800700
4217,2016-10-06,119.93,120.440002,119.139999,119.989998,1016300
4218,2016-10-07,120.269997,120.540001,119.400002,120.160004,796300
4219,2016-10-10,120.510002,122.629997,120.510002,122.379997,755900
4220,2016-10-11,122.080002,122.419998,119.989998,121.089996,695900
4221,2016-10-12,121.209999,122.690002,120.639999,121.849998,866700
4222,2016-10-13,121.300003,125.230003,121.209999,124.669998,1124800
4223,2016-10-14,125.199997,125.349998,123.300003,123.360001,947100
4224,2016-10-17,123.220001,123.629997,122.639999,123.459999,622000
4225,2016-10-18,124.75,126.290001,124.18,125.849998,843700
4226,2016-10-19,123.989998,124.0,121.519997,123.839996,1096000
4227,2016-10-20,123.720001,124.860001,123.260002,124.489998,441500
4228,2016-10-21,123.809998,123.809998,122.309998,123.559998,377400
4229,2016-10-24,124.230003,124.739998,123.730003,124.419998,587800
4230,2016-10-25,124.169998,125.269997,121.559998,121.599998,921800
4231,2016-10-26,120.879997,120.889999,118.309998,119.089996,1382200
4232,2016-10-27,119.32,125.0,117.419998,122.349998,1656300
4233,2016-10-28,121.940002,122.860001,118.760002,120.529999,1708400
4234,2016-10-31,121.010002,121.519997,119.870003,120.709999,783300
4235,2016-11-01,121.209999,121.370003,119.0,120.290001,848300
4236,2016-11-02,120.199997,122.0,119.980003,120.900002,691900
4237,2016-11-03,121.169998,122.790001,118.389999,118.650002,650300
4238,2016-11-04,119.089996,121.309998,118.900002,120.349998,492500
4239,2016-11-07,122.519997,126.300003,122.5,124.889999,1383200
4240,2016-11-08,124.489998,129.210007,123.93,128.059998,944600
4241,2016-11-09,111.0,120.220001,105.349998,119.260002,3560600
4242,2016-11-10,122.459999,122.459999,119.769997,121.0,1471500
4243,2016-11-11,120.379997,120.93,117.559998,118.739998,1181700
4244,2016-11-14,119.150002,122.620003,119.059998,121.150002,1032700
4245,2016-11-15,121.790001,122.589996,120.370003,122.400002,703900
4246,2016-11-16,121.629997,122.629997,119.169998,120.099998,882900
4247,2016-11-17,120.330002,124.129997,120.010002,123.889999,772900
4248,2016-11-18,123.800003,125.32,122.330002,122.660004,635200
4249,2016-11-21,122.620003,124.580002,122.419998,123.059998,527600
4250,2016-11-22,123.099998,123.480003,120.779999,121.279999,627000
4251,2016-11-23,120.190002,122.360001,120.050003,122.080002,341500
4252,2016-11-25,122.510002,123.459999,122.419998,123.169998,166400
4253,2016-11-28,122.650002,123.059998,121.690002,122.75,577900
4254,2016-11-29,122.199997,123.730003,121.980003,123.18,397700
4255,2016-11-30,122.959999,123.540001,121.839996,123.019997,772400
4256,2016-12-01,123.279999,126.550003,123.059998,124.089996,851000
4257,2016-12-02,124.629997,128.080002,123.400002,124.650002,933200
4258,2016-12-05,124.980003,125.68,122.309998,124.779999,928600
4259,2016-12-06,125.349998,126.519997,124.940002,126.370003,666400
4260,2016-12-07,126.870003,127.940002,109.699997,111.360001,5206600
4261,2016-12-08,116.459999,116.459999,109.379997,112.480003,5883900
4262,2016-12-09,112.480003,113.110001,109.25,112.07,2668100
4263,2016-12-12,112.5,113.0,110.730003,111.980003,1492000
4264,2016-12-13,112.389999,112.440002,107.870003,108.989998,2303300
4265,2016-12-14,107.160004,107.879997,99.720001,101.550003,7246000
4266,2016-12-15,102.510002,108.900002,102.129997,108.57,3311000
4267,2016-12-16,108.699997,109.800003,106.650002,107.080002,2350000
4268,2016-12-19,106.809998,107.849998,105.690002,106.639999,1099100
4269,2016-12-20,107.099998,107.440002,106.220001,106.370003,741400
4270,2016-12-21,106.580002,107.25,105.599998,106.75,685900
4271,2016-12-22,106.849998,107.779999,106.099998,106.82,735600
4272,2016-12-23,107.25,108.470001,106.489998,107.93,789200
4273,2016-12-27,108.099998,109.019997,106.809998,107.169998,387800
4274,2016-12-28,107.720001,108.260002,106.110001,106.139999,659600
4275,2016-12-29,106.080002,107.010002,105.080002,106.400002,548700
4276,2016-12-30,106.410004,107.059998,105.730003,106.379997,576800
4277,2017-01-03,106.809998,107.860001,105.220001,106.709999,990200
4278,2017-01-04,107.330002,109.199997,106.349998,108.809998,990700
4279,2017-01-05,108.160004,109.449997,107.230003,108.769997,1169100
4280,2017-01-06,109.059998,109.309998,107.709999,108.510002,728800
4281,2017-01-09,108.650002,111.730003,108.529999,111.540001,1091000
4282,2017-01-10,111.550003,112.93,111.349998,112.339996,886100
4283,2017-01-11,112.129997,112.790001,110.629997,112.129997,448600
4284,2017-01-12,111.970001,112.580002,110.639999,112.400002,666000
4285,2017-01-13,112.029999,113.0,111.839996,112.669998,459300
4286,2017-01-17,112.730003,114.980003,111.769997,114.300003,791000
4287,2017-01-18,114.629997,114.629997,113.059998,113.599998,492700
4288,2017-01-19,113.029999,113.870003,111.599998,111.75,644200
4289,2017-01-20,111.940002,112.970001,111.779999,112.75,467000
4290,2017-01-23,112.239998,112.239998,109.879997,111.43,757400
4291,2017-01-24,111.790001,112.360001,110.860001,112.230003,430100
4292,2017-01-25,112.260002,114.419998,112.260002,114.0,1133600
4293,2017-01-26,113.709999,114.660004,112.839996,113.110001,510900
4294,2017-01-27,113.559998,113.559998,112.160004,112.93,440800
4295,2017-01-30,112.949997,113.019997,111.019997,112.75,667700
4296,2017-01-31,113.050003,113.410004,111.480003,112.629997,758700
4297,2017-02-01,113.129997,114.480003,112.389999,113.940002,724800
4298,2017-02-02,113.650002,113.860001,112.349998,112.75,622300
4299,2017-02-03,113.199997,114.349998,113.139999,113.849998,734200
4300,2017-02-06,114.110001,114.529999,112.830002,112.900002,344400
4301,2017-02-07,113.220001,114.529999,111.959999,113.389999,1049800
4302,2017-02-08,113.0,113.910004,112.410004,113.779999,510300
4303,2017-02-09,113.779999,116.279999,113.660004,116.269997,795900
4304,2017-02-10,116.139999,116.739998,116.010002,116.449997,658900
4305,2017-02-13,116.870003,117.970001,116.629997,117.879997,713100
4306,2017-02-14,117.730003,121.480003,117.510002,121.300003,1508700
4307,2017-02-15,121.0,122.470001,120.699997,122.410004,856100
4308,2017-02-16,122.18,122.709999,121.330002,122.129997,678700
4309,2017-02-17,121.360001,122.970001,121.169998,122.949997,605100
4310,2017-02-21,123.099998,125.029999,123.099998,124.650002,735200
4311,2017-02-22,124.480003,124.480003,123.459999,123.75,562900
4312,2017-02-23,124.029999,124.779999,123.800003,124.550003,337500
4313,2017-02-24,124.699997,126.080002,123.720001,125.980003,723200
4314,2017-02-27,125.5,126.980003,124.989998,126.650002,657200
4315,2017-02-28,125.620003,126.32,124.699997,125.599998,1014600
4316,2017-03-01,128.809998,129.740005,125.459999,125.559998,1521600
4317,2017-03-02,124.739998,125.150002,122.599998,122.830002,833700
4318,2017-03-03,123.040001,125.610001,122.860001,125.580002,791500
4319,2017-03-06,125.650002,127.150002,125.18,126.559998,1082300
4320,2017-03-07,125.529999,125.959999,122.970001,123.75,834100
4321,2017-03-08,123.889999,124.809998,123.419998,123.809998,507100
4322,2017-03-09,123.860001,125.059998,122.660004,123.940002,703900
4323,2017-03-10,123.82,124.089996,121.279999,121.82,855300
4324,2017-03-13,122.099998,122.529999,121.110001,121.980003,525000
4325,2017-03-14,120.75,121.160004,119.300003,120.050003,789100
4326,2017-03-15,120.279999,121.82,120.050003,121.470001,638700
4327,2017-03-16,121.760002,121.760002,119.230003,120.699997,449600
4328,2017-03-17,120.949997,121.099998,119.559998,120.080002,821000
4329,2017-03-20,120.239998,120.620003,118.760002,119.5,471100
4330,2017-03-21,119.629997,120.279999,117.800003,118.07,726400
4331,2017-03-22,118.379997,118.980003,117.510002,118.720001,534000
4332,2017-03-23,118.779999,120.25,118.5,118.830002,628800
4333,2017-03-24,119.57,122.889999,119.290001,121.889999,1428400
4334,2017-03-27,122.620003,128.490005,122.620003,125.970001,2173200
4335,2017-03-28,125.339996,125.730003,123.279999,125.470001,1355700
4336,2017-03-29,125.089996,125.989998,124.43,124.559998,619400
4337,2017-03-30,124.150002,126.25,123.779999,125.660004,585200
4338,2017-03-31,125.599998,126.080002,124.169998,124.449997,782100
4339,2017-04-03,124.660004,125.360001,123.989998,125.07,581200
4340,2017-04-04,124.93,125.07,121.849998,123.040001,874800
4341,2017-04-05,123.620003,126.489998,123.239998,123.650002,595500
4342,2017-04-06,123.650002,124.129997,122.410004,123.980003,411900
4343,2017-04-07,123.82,123.839996,122.629997,123.260002,320600
4344,2017-04-10,123.089996,123.980003,122.629997,123.449997,453700
4345,2017-04-11,122.779999,123.410004,120.669998,122.870003,702300
4346,2017-04-12,123.139999,123.309998,121.68,123.059998,280600
4347,2017-04-13,123.279999,123.279999,121.669998,121.809998,381600
4348,2017-04-17,121.010002,122.029999,120.559998,122.0,407200
4349,2017-04-18,121.599998,122.0,117.25,119.889999,1396400
4350,2017-04-19,120.330002,120.989998,119.949997,120.089996,495900
4351,2017-04-20,120.0,120.0,116.849998,119.129997,1164400
4352,2017-04-21,119.010002,119.309998,118.160004,118.839996,468500
4353,2017-04-24,120.220001,121.110001,119.709999,120.900002,564800
4354,2017-04-25,121.18,121.93,120.529999,121.419998,781100
4355,2017-04-26,120.519997,123.410004,116.290001,118.470001,1501700
4356,2017-04-27,118.660004,119.349998,117.879997,118.209999,678200
4357,2017-04-28,118.190002,120.870003,118.190002,120.760002,761200
4358,2017-05-01,120.720001,121.400002,119.900002,120.440002,604500
4359,2017-05-02,120.900002,125.400002,120.900002,124.400002,1050700
4360,2017-05-03,124.360001,125.5,122.589996,123.709999,1176000
4361,2017-05-04,123.18,123.910004,121.269997,122.5,1683300
4362,2017-05-05,122.720001,122.900002,121.449997,121.989998,656700
4363,2017-05-08,121.980003,122.690002,120.769997,121.32,624200
4364,2017-05-09,121.449997,123.230003,121.389999,122.5,509400
4365,2017-05-10,122.449997,123.989998,122.389999,123.610001,428100
4366,2017-05-11,123.110001,123.739998,121.559998,122.830002,467900
4367,2017-05-12,122.720001,122.949997,121.379997,122.290001,281400
4368,2017-05-15,121.959999,122.769997,121.470001,121.849998,474000
4369,2017-05-16,122.550003,122.769997,120.82,120.860001,269300
4370,2017-05-17,120.860001,121.0,118.599998,118.599998,536200
4371,2017-05-18,118.660004,119.32,118.279999,118.419998,603400
4372,2017-05-19,119.470001,119.760002,118.279999,118.68,518700
4373,2017-05-22,118.459999,120.190002,118.459999,119.879997,438100
4374,2017-05-23,120.019997,120.440002,118.669998,118.839996,291800
4375,2017-05-24,117.150002,117.639999,115.0,116.059998,1423600
4376,2017-05-25,116.559998,117.949997,116.230003,117.309998,585500
4377,2017-05-26,117.519997,117.519997,115.440002,116.07,579100
4378,2017-05-30,116.0,116.230003,115.099998,115.129997,537200
4379,2017-05-31,115.07,115.169998,113.120003,113.660004,911800
4380,2017-06-01,113.849998,116.169998,113.839996,115.800003,771200
4381,2017-06-02,116.120003,116.610001,113.639999,114.150002,696600
4382,2017-06-05,113.870003,115.330002,113.57,114.839996,684500
4383,2017-06-06,114.860001,115.0,113.389999,113.5,506200
4384,2017-06-07,113.379997,114.510002,112.220001,112.940002,552200
4385,2017-06-08,112.940002,113.260002,110.5,112.330002,1020100
4386,2017-06-09,112.080002,113.68,111.849998,113.43,573300
4387,2017-06-12,113.459999,115.860001,113.459999,115.589996,997900
4388,2017-06-13,116.199997,116.809998,115.470001,115.839996,635300
4389,2017-06-14,116.519997,117.0,115.550003,116.889999,440600
4390,2017-06-15,116.889999,117.18,114.93,116.029999,473300
4391,2017-06-16,116.150002,116.349998,114.650002,115.07,879900
4392,2017-06-19,114.970001,115.959999,113.959999,115.519997,989400
4393,2017-06-20,115.220001,115.629997,114.0,114.129997,575600
4394,2017-06-21,114.529999,115.379997,112.489998,113.220001,726700
4395,2017-06-22,113.230003,116.540001,112.93,115.209999,841500
4396,2017-06-23,115.639999,115.790001,114.360001,115.43,1087700
4397,2017-06-26,115.599998,116.93,115.080002,115.879997,380000
4398,2017-06-27,115.870003,118.800003,115.870003,118.040001,900000
4399,2017-06-28,118.699997,121.489998,118.650002,120.419998,970300
4400,2017-06-29,120.629997,122.529999,119.809998,121.879997,1123500
4401,2017-06-30,122.32,122.599998,120.980003,122.080002,698700
4402,2017-07-03,122.339996,122.440002,121.449997,121.540001,314300
4403,2017-07-05,121.709999,122.510002,121.279999,122.32,509200
4404,2017-07-06,121.639999,121.790001,119.349998,119.739998,511400
4405,2017-07-07,120.260002,122.230003,119.550003,122.040001,675500
4406,2017-07-10,121.790001,122.120003,120.57,121.75,472300
4407,2017-07-11,121.870003,122.529999,121.129997,122.139999,559700
4408,2017-07-12,122.849998,123.440002,122.190002,122.809998,715600
4409,2017-07-13,123.099998,123.519997,122.050003,123.07,588400
4410,2017-07-14,122.949997,124.25,121.019997,124.160004,409400
4411,2017-07-17,124.120003,124.540001,123.050003,124.099998,710900
4412,2017-07-18,124.449997,124.639999,122.599998,123.459999,524600
4413,2017-07-19,123.370003,124.309998,122.980003,123.68,550700
4414,2017-07-20,123.730003,126.099998,123.639999,125.0,865000
4415,2017-07-21,124.82,125.099998,124.0,124.419998,443500
4416,2017-07-24,124.389999,124.989998,123.910004,124.330002,663500
4417,2017-07-25,123.400002,124.220001,120.709999,122.900002,1195800
4418,2017-07-26,118.839996,118.839996,111.169998,112.879997,3510700
4419,2017-07-27,111.93,112.43,109.720001,110.360001,1495400
4420,2017-07-28,110.349998,112.110001,109.699997,111.5,1413300
4421,2017-07-31,111.769997,111.769997,109.260002,110.830002,980200
4422,2017-08-01,110.879997,112.669998,110.879997,111.18,1142400
4423,2017-08-02,110.870003,111.050003,108.419998,108.639999,1043200
4424,2017-08-03,108.5,109.309998,107.760002,108.379997,840700
4425,2017-08-04,108.800003,108.800003,107.730003,108.089996,587500
4426,2017-08-07,108.019997,108.379997,107.040001,107.25,734300
4427,2017-08-08,106.830002,108.459999,105.910004,107.360001,673300
4428,2017-08-09,107.610001,107.639999,105.940002,106.849998,1025300
4429,2017-08-10,106.480003,106.830002,104.93,105.370003,1270500
4430,2017-08-11,105.779999,108.32,105.160004,107.589996,852200
4431,2017-08-14,108.110001,108.519997,107.529999,107.690002,857200
4432,2017-08-15,108.32,108.730003,107.580002,108.25,659500
4433,2017-08-16,108.160004,108.760002,108.160004,108.68,421000
4434,2017-08-17,108.190002,109.209999,106.669998,107.18,1159700
4435,2017-08-18,106.989998,109.010002,106.57,107.989998,765200
4436,2017-08-21,108.150002,108.919998,107.639999,107.839996,610600
4437,2017-08-22,107.910004,108.620003,107.419998,108.480003,401200
4438,2017-08-23,108.120003,108.389999,107.389999,107.970001,290300
4439,2017-08-24,108.339996,109.360001,107.940002,108.620003,320900
4440,2017-08-25,108.809998,109.629997,108.129997,108.940002,286300
4441,2017-08-28,109.18,109.790001,108.57,109.07,748900
4442,2017-08-29,108.389999,108.389999,106.610001,106.93,694200
4443,2017-08-30,106.830002,107.230003,105.889999,106.540001,790300
4444,2017-08-31,107.099998,108.779999,106.779999,108.129997,529600
4445,2017-09-01,108.220001,109.379997,107.779999,109.099998,767500
4446,2017-09-05,109.019997,109.57,107.860001,108.050003,604500
4447,2017-09-06,108.580002,108.580002,106.519997,107.470001,540000
4448,2017-09-07,107.459999,110.769997,107.459999,110.050003,1235600
4449,2017-09-08,109.519997,110.830002,109.18,110.5,439500
4450,2017-09-11,111.440002,112.769997,110.440002,112.589996,803200
4451,2017-09-12,112.489998,112.690002,111.690002,112.459999,470700
4452,2017-09-13,112.470001,112.599998,111.25,111.559998,291300
4453,2017-09-14,111.5,111.839996,110.459999,111.559998,414600
4454,2017-09-15,111.559998,111.699997,110.160004,110.669998,661300
4455,2017-09-18,110.889999,110.989998,108.230003,108.919998,726000
4456,2017-09-19,108.93,109.040001,106.82,107.989998,650000
4457,2017-09-20,107.910004,110.169998,107.629997,110.150002,533700
4458,2017-09-21,110.25,110.25,108.269997,108.43,540100
4459,2017-09-22,108.870003,109.989998,108.379997,109.290001,525100
4460,2017-09-25,108.910004,109.980003,107.589996,107.889999,579900
4461,2017-09-26,108.360001,109.279999,107.919998,109.010002,679100
4462,2017-09-27,109.300003,110.089996,108.300003,109.779999,640100
4463,2017-09-28,109.620003,109.989998,108.699997,109.730003,547900
4464,2017-09-29,109.529999,111.139999,109.529999,110.940002,621900
4465,2017-10-02,111.07,112.75,111.07,112.230003,973600
4466,2017-10-03,112.25,112.739998,110.93,112.610001,424600
4467,2017-10-04,112.900002,113.989998,111.699997,112.099998,570200
4468,2017-10-05,111.919998,112.860001,111.860001,112.139999,626100
4469,2017-10-06,111.790001,112.57,109.940002,110.139999,667500
4470,2017-10-09,109.989998,109.989998,106.730003,107.129997,795400
4471,2017-10-10,107.400002,108.489998,105.57,106.580002,727900
4472,2017-10-11,106.489998,107.860001,106.489998,107.75,810700
4473,2017-10-12,107.449997,107.489998,105.220001,105.919998,1057600
4474,2017-10-13,102.900002,106.080002,101.260002,105.550003,1203800
4475,2017-10-16,105.260002,106.07,104.800003,105.599998,1003900
4476,2017-10-17,106.129997,109.099998,105.510002,108.459999,1400100
4477,2017-10-18,108.760002,110.339996,108.410004,108.519997,814600
4478,2017-10-19,108.190002,110.910004,107.699997,110.540001,805400
4479,2017-10-20,111.080002,113.059998,110.419998,112.849998,1359400
4480,2017-10-23,113.07,113.860001,112.669998,112.959999,464100
4481,2017-10-24,112.760002,113.169998,111.190002,111.5,1038400
4482,2017-10-25,110.5,110.769997,106.559998,110.75,2069800
4483,2017-10-26,109.389999,109.580002,103.029999,103.860001,2763000
4484,2017-10-27,103.860001,105.07,102.519997,103.489998,1249700
4485,2017-10-30,103.129997,103.919998,101.309998,102.279999,1116100
4486,2017-10-31,102.160004,104.059998,101.82,102.699997,778000
4487,2017-11-01,102.449997,103.110001,100.779999,102.120003,1338500
4488,2017-11-02,101.660004,103.449997,101.660004,102.400002,941700
4489,2017-11-03,102.82,102.82,101.419998,101.610001,656500
4490,2017-11-06,101.919998,102.599998,101.25,101.75,591300
4491,2017-11-07,101.989998,102.900002,100.650002,101.050003,576300
4492,2017-11-08,100.550003,101.239998,99.559998,100.739998,715700
4493,2017-11-09,100.589996,101.129997,99.089996,99.790001,1149800
4494,2017-11-10,99.309998,99.650002,96.839996,97.709999,1507400
4495,2017-11-13,97.370003,98.75,95.589996,97.760002,1763500
4496,2017-11-14,97.379997,97.580002,96.0,97.0,1121000
4497,2017-11-15,96.510002,96.699997,95.260002,95.769997,1029100
4498,2017-11-16,96.5,98.660004,96.489998,98.379997,1043200
4499,2017-11-17,98.239998,98.739998,97.169998,97.220001,688500
4500,2017-11-20,97.230003,97.25,95.919998,96.879997,824600
4501,2017-11-21,97.089996,98.949997,96.230003,98.769997,866800
4502,2017-11-22,98.510002,101.599998,98.349998,100.580002,757600
4503,2017-11-24,100.339996,100.589996,99.07,100.480003,384300
4504,2017-11-27,100.370003,101.43,99.839996,100.739998,747100
4505,2017-11-28,101.089996,102.510002,100.360001,102.330002,555800
4506,2017-11-29,102.709999,108.370003,102.629997,107.470001,1747300
4507,2017-11-30,107.739998,110.959999,106.959999,108.349998,1618200
4508,2017-12-01,108.470001,108.989998,105.099998,108.059998,1055300
4509,2017-12-04,108.300003,110.400002,106.199997,106.260002,876400
4510,2017-12-05,106.099998,106.93,104.040001,105.949997,1014800
4511,2017-12-06,105.949997,107.889999,105.269997,107.660004,1113000
4512,2017-12-07,107.599998,111.529999,107.0,110.339996,1556200
4513,2017-12-08,110.5,111.650002,109.809998,111.559998,1492700
4514,2017-12-11,112.029999,112.589996,110.629997,110.980003,1015600
4515,2017-12-12,112.970001,114.129997,111.870003,112.440002,1025200
4516,2017-12-13,112.68,114.980003,111.730003,113.879997,1101600
4517,2017-12-14,113.919998,114.889999,112.809998,112.93,1046500
4518,2017-12-15,113.57,114.230003,112.68,113.440002,1335900
4519,2017-12-18,113.870003,114.790001,112.559998,113.120003,875100
4520,2017-12-19,113.18,113.959999,111.660004,113.040001,926100
4521,2017-12-20,112.959999,113.040001,111.349998,112.779999,668800
4522,2017-12-21,113.199997,115.57,112.800003,114.769997,1157400
4523,2017-12-22,114.370003,115.279999,114.120003,115.059998,714300
4524,2017-12-26,115.260002,116.209999,113.760002,114.379997,484200
4525,2017-12-27,114.199997,114.720001,113.419998,114.160004,368800
4526,2017-12-28,114.68,114.900002,113.839996,114.370003,299100
4527,2017-12-29,114.589996,115.120003,113.32,113.349998,507300
4528,2018-01-02,114.160004,115.720001,113.349998,115.599998,754000
4529,2018-01-03,115.169998,115.169998,112.309998,113.389999,845900
4530,2018-01-04,114.150002,114.150002,112.160004,112.790001,689000
4531,2018-01-05,113.43,113.43,110.730003,111.970001,1201800
4532,2018-01-08,111.790001,111.800003,109.25,110.150002,1543500
4533,2018-01-09,110.379997,111.370003,108.620003,110.790001,1228600
4534,2018-01-10,110.760002,111.559998,109.93,110.360001,732800
4535,2018-01-11,110.470001,114.970001,110.470001,114.93,982300
4536,2018-01-12,115.0,116.82,114.82,116.650002,1637300
4537,2018-01-16,116.660004,117.0,115.25,116.419998,620400
4538,2018-01-17,116.809998,116.970001,115.730003,116.050003,642500
4539,2018-01-18,116.68,117.410004,115.620003,117.32,803300
4540,2018-01-19,118.040001,120.199997,116.900002,118.089996,1839900
4541,2018-01-22,118.209999,118.209999,116.230003,117.809998,710200
4542,2018-01-23,117.910004,118.120003,115.82,117.25,410300
4543,2018-01-24,117.970001,118.099998,116.800003,117.989998,684000
4544,2018-01-25,118.620003,119.269997,117.470001,119.129997,359800
4545,2018-01-26,119.279999,121.349998,118.699997,121.230003,991000
4546,2018-01-29,121.309998,121.889999,120.120003,120.269997,632800
4547,2018-01-30,119.709999,125.809998,117.720001,122.529999,905300
4548,2018-01-31,122.699997,122.849998,117.959999,121.5,1124900
4549,2018-02-01,120.989998,122.57,119.239998,121.290001,594000
4550,2018-02-02,120.419998,121.290001,118.349998,119.300003,637800
4551,2018-02-05,119.150002,119.940002,113.540001,113.540001,1045600
4552,2018-02-06,112.080002,117.459999,111.510002,116.860001,1034500
4553,2018-02-07,116.339996,118.709999,115.75,117.120003,497700
4554,2018-02-08,116.980003,119.379997,114.870003,114.870003,669700
4555,2018-02-09,116.010002,116.269997,111.440002,115.279999,917600
4556,2018-02-12,115.610001,116.75,113.940002,115.610001,430100
4557,2018-02-13,114.639999,116.459999,114.0,116.199997,386800
4558,2018-02-14,115.639999,117.57,114.849998,116.849998,739300
4559,2018-02-15,117.190002,118.57,115.220001,118.5,552000
4560,2018-02-16,117.970001,119.099998,117.440002,117.900002,563900
4561,2018-02-20,117.650002,118.139999,116.580002,117.18,622400
4562,2018-02-21,117.360001,118.339996,115.400002,115.470001,666900
4563,2018-02-22,115.449997,118.419998,115.449997,116.709999,1066200
4564,2018-02-23,117.150002,117.309998,115.550003,116.410004,412000
4565,2018-02-26,116.400002,117.389999,114.470001,116.720001,643000
4566,2018-02-27,117.150002,119.769997,116.269997,117.599998,613100
4567,2018-02-28,117.620003,118.540001,114.120003,114.199997,1159500
4568,2018-03-01,115.510002,119.739998,113.660004,116.019997,1468100
4569,2018-03-02,115.919998,125.419998,115.910004,123.839996,2302300
4570,2018-03-05,123.940002,124.0,121.739998,123.849998,1288700
4571,2018-03-06,124.269997,125.93,123.660004,124.949997,976800
4572,2018-03-07,123.93,126.879997,123.639999,126.199997,721800
4573,2018-03-08,126.809998,127.68,126.099998,127.269997,768100
4574,2018-03-09,127.650002,127.82,126.150002,126.660004,674800
4575,2018-03-12,126.650002,128.149994,125.720001,126.279999,849100
4576,2018-03-13,126.800003,126.800003,123.730003,123.889999,810600
4577,2018-03-14,124.120003,125.050003,122.400002,123.260002,873700
4578,2018-03-15,123.730003,126.0,123.379997,123.830002,713100
4579,2018-03-16,123.699997,124.160004,122.57,123.510002,928300
4580,2018-03-19,123.620003,123.870003,121.620003,123.07,609900
4581,2018-03-20,123.57,123.739998,122.080002,122.900002,657200
4582,2018-03-21,123.239998,125.360001,122.849998,124.220001,858200
4583,2018-03-22,123.709999,126.209999,122.980003,123.029999,578000
4584,2018-03-23,123.650002,124.389999,121.040001,121.169998,744000
4585,2018-03-26,122.120003,122.209999,118.25,120.230003,813100
4586,2018-03-27,121.040001,121.910004,119.760002,120.440002,787300
4587,2018-03-28,120.629997,122.269997,119.860001,121.379997,640300
4588,2018-03-29,121.389999,121.459999,117.830002,118.410004,964400
4589,2018-04-02,118.410004,119.360001,115.489998,116.379997,758000
4590,2018-04-03,116.800003,118.330002,115.809998,118.040001,719000
4591,2018-04-04,117.129997,119.610001,117.040001,119.349998,1178600
4592,2018-04-05,119.82,122.610001,119.410004,121.669998,595300
4593,2018-04-06,120.720001,120.959999,117.580002,118.5,560700
4594,2018-04-09,118.730003,120.610001,118.669998,119.150002,473600
4595,2018-04-10,120.580002,121.129997,119.620003,120.07,674600
4596,2018-04-11,119.029999,120.220001,118.720001,119.07,677100
4597,2018-04-12,119.860001,120.730003,118.989998,120.099998,876700
4598,2018-04-13,120.410004,120.410004,118.879997,119.639999,616400
4599,2018-04-16,120.419998,121.0,119.379997,120.550003,460200
4600,2018-04-17,121.010002,121.910004,119.559998,120.830002,1465700
4601,2018-04-18,121.330002,122.989998,120.650002,121.5,1216500
4602,2018-04-19,121.470001,122.379997,120.650002,121.510002,686300
4603,2018-04-20,121.720001,122.120003,120.220001,120.519997,657700
4604,2018-04-23,120.699997,120.839996,118.150002,120.139999,979900
4605,2018-04-24,120.790001,121.870003,119.669998,120.510002,770400
4606,2018-04-25,120.510002,122.150002,118.800003,122.040001,754600
4607,2018-04-26,113.040001,115.419998,111.339996,115.019997,3026700
4608,2018-04-27,114.449997,115.18,113.290001,114.339996,1281700
4609,2018-04-30,114.32,115.010002,113.959999,114.199997,1070000
4610,2018-05-01,114.489998,115.160004,112.610001,115.010002,1180600
4611,2018-05-02,114.989998,118.709999,114.989998,117.699997,1227300
4612,2018-05-03,117.050003,117.790001,115.209999,117.360001,1253600
4613,2018-05-04,117.360001,118.099998,116.239998,117.769997,802200
4614,2018-05-07,117.900002,118.419998,117.040001,117.379997,513500
4615,2018-05-08,117.5,117.830002,115.419998,115.949997,947800
4616,2018-05-09,115.660004,117.309998,115.220001,117.269997,833800
4617,2018-05-10,117.809998,118.400002,116.980003,117.769997,644000
4618,2018-05-11,117.610001,118.769997,117.230003,118.360001,695700
4619,2018-05-14,118.470001,118.849998,118.300003,118.709999,640100
4620,2018-05-15,118.260002,118.470001,117.080002,117.410004,839300
4621,2018-05-16,117.68,119.269997,117.339996,118.480003,345000
4622,2018-05-17,118.5,120.029999,118.199997,118.699997,953300
4623,2018-05-18,118.970001,119.169998,117.779999,117.860001,506400
4624,2018-05-21,118.639999,119.669998,118.279999,118.739998,815100
4625,2018-05-22,119.220001,119.790001,118.529999,118.690002,397400
4626,2018-05-23,118.339996,118.540001,115.32,116.529999,897800
4627,2018-05-24,116.470001,116.800003,115.199997,115.949997,703900
4628,2018-05-25,115.529999,116.889999,115.480003,116.690002,565000
4629,2018-05-29,116.0,116.300003,114.93,115.610001,768400
4630,2018-05-30,115.849998,117.760002,115.849998,116.989998,392900
4631,2018-05-31,117.0,117.0,114.459999,114.980003,1094800
4632,2018-06-01,115.540001,115.550003,113.959999,114.150002,689100
4633,2018-06-04,114.370003,115.660004,114.300003,115.489998,996300
4634,2018-06-05,115.800003,116.540001,115.709999,116.129997,974800
4635,2018-06-06,116.099998,116.459999,114.93,116.040001,653800
4636,2018-06-07,116.389999,116.849998,115.860001,116.540001,909000
4637,2018-06-08,116.519997,117.029999,114.32,115.300003,854900
4638,2018-06-11,115.519997,117.599998,115.519997,116.739998,736400
4639,2018-06-12,116.970001,117.389999,115.589996,116.010002,1189700
4640,2018-06-13,116.5,117.349998,114.970001,115.18,1102900
4641,2018-06-14,115.339996,115.849998,114.470001,114.589996,1219300
4642,2018-06-15,114.260002,115.699997,114.059998,115.480003,1279700
4643,2018-06-18,115.0,115.779999,114.720001,115.160004,731100
4644,2018-06-19,114.519997,115.440002,114.519997,115.080002,715400
4645,2018-06-20,115.410004,116.919998,115.089996,116.410004,777500
4646,2018-06-21,117.040001,117.860001,115.279999,115.529999,638400
4647,2018-06-22,115.660004,115.720001,114.900002,115.010002,664000
4648,2018-06-25,115.029999,115.089996,113.980003,114.610001,600900
4649,2018-06-26,114.419998,114.889999,114.370003,114.57,394300
4650,2018-06-27,114.519997,115.059998,113.029999,113.5,708000
4651,2018-06-28,112.940002,113.029999,111.779999,112.139999,988400
4652,2018-06-29,111.779999,112.470001,110.620003,111.440002,880600
4653,2018-07-02,111.339996,111.339996,109.370003,110.980003,716600
4654,2018-07-03,110.980003,111.879997,110.379997,111.400002,331500
4655,2018-07-05,111.669998,111.970001,111.099998,111.379997,1030600
4656,2018-07-06,111.5,112.610001,111.029999,112.080002,805600
4657,2018-07-09,112.279999,114.5,112.279999,113.830002,976900
4658,2018-07-10,114.099998,115.360001,113.720001,115.239998,653400
4659,2018-07-11,115.110001,115.5,114.5,114.830002,447200
4660,2018-07-12,115.589996,115.970001,114.220001,114.529999,622800
4661,2018-07-13,114.690002,115.419998,114.440002,114.739998,649800
4662,2018-07-16,114.989998,115.029999,114.370003,114.709999,738600
4663,2018-07-17,114.610001,115.300003,114.010002,114.970001,413100
4664,2018-07-18,113.099998,114.059998,112.470001,112.68,605500
4665,2018-07-19,112.419998,113.669998,111.68,112.769997,553900
4666,2018-07-20,112.419998,113.080002,111.790001,112.669998,432600
4667,2018-07-23,115.0,116.650002,113.419998,115.5,1121000
4668,2018-07-24,115.260002,115.400002,114.18,114.330002,1012800
4669,2018-07-25,115.339996,118.559998,114.330002,118.120003,1423600
4670,2018-07-26,118.470001,126.5,117.150002,124.919998,2094300
4671,2018-07-27,125.279999,125.610001,123.230003,124.980003,1062500
4672,2018-07-30,124.970001,126.400002,124.779999,124.959999,806500
4673,2018-07-31,125.019997,125.129997,120.239998,122.099998,1120000
4674,2018-08-01,119.959999,122.610001,119.120003,121.419998,875300
4675,2018-08-02,121.0,122.769997,120.669998,122.610001,658700
4676,2018-08-03,122.599998,124.220001,122.230003,124.190002,686200
4677,2018-08-06,123.82,125.25,123.269997,124.360001,678800
4678,2018-08-07,124.0,124.93,123.480003,124.739998,721600
4679,2018-08-08,125.139999,125.470001,122.68,122.849998,421800
4680,2018-08-09,123.029999,123.879997,122.489998,123.669998,620100
4681,2018-08-10,123.050003,124.699997,123.050003,124.410004,701500
4682,2018-08-13,124.480003,124.839996,123.940002,124.419998,572900
4683,2018-08-14,125.0,125.730003,124.010002,125.110001,571900
4684,2018-08-15,125.160004,126.809998,124.279999,125.459999,872600
4685,2018-08-16,125.529999,126.370003,125.010002,125.370003,659700
4686,2018-08-17,125.370003,128.169998,125.370003,127.800003,541900
4687,2018-08-20,127.68,128.149994,126.790001,127.290001,424300
4688,2018-08-21,127.510002,128.449997,127.25,128.399994,639400
4689,2018-08-22,128.350006,129.320007,127.940002,128.970001,536000
4690,2018-08-23,128.820007,128.820007,126.989998,127.709999,539300
4691,2018-08-24,127.720001,128.570007,127.459999,128.100006,396800
4692,2018-08-27,128.380005,128.440002,127.169998,127.440002,530600
4693,2018-08-28,127.279999,127.779999,127.0,127.419998,478300
4694,2018-08-29,127.629997,128.970001,127.260002,128.389999,350500
4695,2018-08-30,128.029999,129.429993,127.169998,129.240005,594700
4696,2018-08-31,128.789993,130.25,128.419998,130.160004,660400
4697,2018-09-04,129.990005,130.179993,127.910004,128.139999,735200
4698,2018-09-05,128.149994,128.179993,126.18,127.110001,545600
4699,2018-09-06,127.32,127.550003,125.720001,126.720001,555000
4700,2018-09-07,126.449997,127.330002,125.760002,126.919998,555000
4701,2018-09-10,127.290001,127.290001,125.139999,125.379997,623400
4702,2018-09-11,125.150002,125.449997,123.830002,123.949997,692600
4703,2018-09-12,123.989998,124.400002,123.050003,124.040001,557100
4704,2018-09-13,124.610001,126.129997,124.269997,126.010002,807200
4705,2018-09-14,126.169998,127.120003,125.760002,125.860001,488600
4706,2018-09-17,126.18,126.18,124.910004,126.029999,450500
4707,2018-09-18,128.520004,132.639999,127.610001,127.769997,1215000
4708,2018-09-19,127.5,127.5,126.029999,126.150002,554500
4709,2018-09-20,126.75,127.040001,125.910004,126.75,470600
4710,2018-09-21,126.800003,128.089996,126.32,126.739998,726300
4711,2018-09-24,126.699997,127.099998,125.360001,127.010002,384700
4712,2018-09-25,126.919998,127.239998,125.389999,125.989998,407400
4713,2018-09-26,125.989998,127.330002,124.82,126.360001,538400
4714,2018-09-27,126.540001,128.380005,126.089996,126.330002,426800
4715,2018-09-28,125.989998,127.919998,125.650002,127.839996,877400
4716,2018-10-01,128.860001,129.039993,128.050003,128.690002,493200
4717,2018-10-02,128.809998,128.820007,125.290001,125.5,584300
4718,2018-10-03,126.040001,126.129997,124.870003,124.970001,813100
4719,2018-10-04,124.919998,125.879997,124.75,125.110001,399900
4720,2018-10-05,125.529999,126.860001,124.769997,125.300003,405900
4721,2018-10-08,125.080002,126.730003,124.349998,126.330002,353800
4722,2018-10-09,126.370003,128.089996,125.910004,127.57,401700
4723,2018-10-10,127.82,128.830002,125.790001,125.860001,848700
4724,2018-10-11,125.860001,125.959999,120.730003,120.849998,929500
4725,2018-10-12,121.779999,122.860001,120.889999,122.540001,918600
4726,2018-10-15,122.129997,123.699997,121.949997,122.910004,560800
4727,2018-10-16,123.190002,124.970001,121.900002,124.620003,554000
4728,2018-10-17,124.940002,126.220001,123.389999,125.639999,490600
4729,2018-10-18,126.050003,128.169998,125.620003,126.379997,924600
4730,2018-10-19,126.720001,127.5,125.040001,125.790001,757900
4731,2018-10-22,125.910004,127.25,124.900002,126.190002,1197100
4732,2018-10-23,124.669998,125.919998,121.900002,125.550003,1046500
4733,2018-10-24,125.110001,126.980003,121.900002,122.019997,702300
4734,2018-10-25,122.059998,123.75,121.449997,121.550003,743300
4735,2018-10-26,120.940002,123.470001,115.050003,115.610001,1469600
4736,2018-10-29,115.949997,119.110001,115.940002,118.75,1598100
4737,2018-10-30,119.059998,121.059998,117.099998,120.839996,1097400
4738,2018-10-31,121.269997,122.75,121.07,121.559998,891000
4739,2018-11-01,122.449997,124.18,121.830002,123.489998,606700
4740,2018-11-02,123.860001,125.669998,122.260002,123.459999,614100
4741,2018-11-05,123.75,124.919998,122.980003,124.099998,419000
4742,2018-11-06,123.839996,126.43,123.529999,125.940002,675800
4743,2018-11-07,127.0,129.729996,126.809998,129.490005,678800
4744,2018-11-08,129.630005,130.710007,128.960007,130.25,571500
4745,2018-11-09,130.110001,132.029999,130.110001,131.490005,541300
4746,2018-11-12,131.360001,132.190002,129.869995,130.080002,552600
4747,2018-11-13,130.740005,130.850006,126.400002,127.849998,682300
4748,2018-11-14,128.720001,128.919998,126.639999,127.290001,496500
4749,2018-11-15,126.379997,129.029999,125.209999,128.009995,825800
4750,2018-11-16,128.389999,133.139999,127.790001,133.0,1224000
4751,2018-11-19,133.020004,135.029999,130.619995,131.100006,1195100
4752,2018-11-20,130.490005,132.100006,129.779999,130.100006,724800
4753,2018-11-21,130.100006,131.919998,129.839996,130.679993,775100
4754,2018-11-23,130.050003,132.220001,129.25,131.839996,306500
4755,2018-11-26,132.820007,134.050003,131.410004,132.25,653300
4756,2018-11-27,131.699997,132.839996,130.75,132.690002,1028700
4757,2018-11-28,133.5,135.169998,132.850006,135.110001,833600
4758,2018-11-29,134.550003,138.839996,134.309998,137.860001,745500
4759,2018-11-30,138.130005,138.979996,136.490005,137.990005,1216300
4760,2018-12-03,139.130005,139.630005,136.389999,136.979996,741600
4761,2018-12-04,137.0,138.470001,133.279999,134.589996,868500
4762,2018-12-06,133.570007,133.570007,127.68,131.639999,1127800
4763,2018-12-07,131.240005,131.880005,125.699997,126.220001,1357200
4764,2018-12-10,126.389999,127.940002,122.639999,127.32,879400
4765,2018-12-11,127.970001,130.179993,127.480003,129.070007,960100
4766,2018-12-12,130.630005,133.449997,130.630005,131.270004,1286600
4767,2018-12-13,131.210007,132.410004,129.770004,131.970001,702600
4768,2018-12-14,129.660004,130.160004,120.339996,121.150002,1396400
4769,2018-12-17,118.5,120.230003,115.370003,118.489998,1802200
4770,2018-12-18,120.099998,122.769997,119.050003,119.699997,996100
4771,2018-12-19,119.989998,120.220001,115.440002,116.059998,1198100
4772,2018-12-20,115.260002,117.639999,114.910004,115.370003,1127400
4773,2018-12-21,115.599998,117.440002,113.959999,114.519997,1766900
4774,2018-12-24,113.870003,114.980003,112.849998,113.419998,383300
4775,2018-12-26,113.68,117.57,112.800003,117.43,967900
4776,2018-12-27,115.980003,116.709999,112.790001,116.699997,827000
4777,2018-12-28,116.860001,117.57,115.800003,116.199997,683200
4778,2018-12-31,116.860001,117.400002,115.190002,116.559998,623100
4779,2019-01-02,115.300003,117.68,114.849998,117.440002,731200
4780,2019-01-03,117.760002,119.400002,115.699997,115.980003,834200
4781,2019-01-04,117.300003,118.639999,116.410004,118.559998,983000
4782,2019-01-07,118.559998,119.370003,117.660004,118.300003,1028600
4783,2019-01-08,119.839996,122.080002,118.919998,122.0,796600
4784,2019-01-09,122.790001,124.989998,122.269997,124.309998,700600
4785,2019-01-10,124.099998,125.870003,123.32,125.669998,577300
4786,2019-01-11,125.230003,126.449997,124.800003,125.730003,817600
4787,2019-01-14,125.059998,127.779999,124.440002,125.25,1026900
4788,2019-01-15,125.099998,127.690002,124.510002,127.029999,702300
4789,2019-01-16,127.43,131.119995,126.279999,129.639999,975600
4790,2019-01-17,129.160004,131.119995,128.970001,130.520004,703500
4791,2019-01-18,131.100006,132.25,130.429993,131.970001,571000
4792,2019-01-22,131.009995,131.009995,128.729996,130.610001,568100
4793,2019-01-23,131.059998,132.350006,129.190002,130.440002,797500
4794,2019-01-24,130.419998,130.75,129.320007,129.830002,549600
4795,2019-01-25,130.839996,131.770004,130.080002,131.139999,406700
4796,2019-01-28,130.550003,130.639999,129.119995,130.429993,526100
4797,2019-01-29,131.300003,132.789993,130.679993,132.559998,413200
4798,2019-01-30,132.740005,133.589996,132.089996,133.020004,707600
4799,2019-01-31,132.919998,133.639999,132.339996,132.529999,580800
4800,2019-02-01,132.740005,135.669998,132.059998,135.529999,746100
4801,2019-02-04,135.210007,135.369995,133.880005,134.679993,499900
4802,2019-02-05,135.050003,136.509995,134.350006,134.910004,601400
4803,2019-02-06,134.440002,135.320007,133.789993,135.059998,420600
4804,2019-02-07,134.690002,135.220001,132.820007,132.940002,731500
4805,2019-02-08,132.5,132.529999,129.559998,131.490005,708000
4806,2019-02-11,131.580002,133.029999,130.679993,132.699997,423400
4807,2019-02-12,133.130005,133.889999,132.449997,133.350006,470700
4808,2019-02-13,134.020004,134.580002,133.130005,134.110001,502500
4809,2019-02-14,133.490005,134.399994,132.130005,133.729996,654700
4810,2019-02-15,134.789993,135.899994,134.350006,135.529999,651100
4811,2019-02-19,134.940002,135.789993,134.490005,135.270004,638500
4812,2019-02-20,135.179993,135.229996,134.229996,134.320007,437300
4813,2019-02-21,134.789993,135.020004,133.800003,134.550003,527800
4814,2019-02-22,134.919998,136.520004,134.479996,136.039993,860600
4815,2019-02-25,136.440002,137.190002,134.369995,134.399994,743300
4816,2019-02-26,134.910004,135.309998,133.509995,133.630005,630400
4817,2019-02-27,133.369995,134.369995,131.449997,133.259995,692000
4818,2019-02-28,133.470001,141.410004,133.470001,138.830002,1405800
4819,2019-03-01,140.330002,142.220001,139.339996,140.800003,796500
4820,2019-03-04,138.889999,139.350006,136.089996,137.240005,933400
4821,2019-03-05,138.229996,138.669998,136.149994,137.229996,676600
4822,2019-03-06,137.229996,137.509995,132.75,132.830002,741000
4823,2019-03-07,132.600006,133.559998,128.869995,129.520004,1152900
4824,2019-03-08,128.800003,129.270004,127.68,129.190002,721900
4825,2019-03-11,129.919998,130.630005,128.419998,129.699997,736400
4826,2019-03-12,130.179993,131.75,129.580002,131.089996,591800
4827,2019-03-13,131.720001,133.339996,130.809998,132.690002,602000
4828,2019-03-14,132.970001,134.910004,132.600006,134.119995,552500
4829,2019-03-15,134.020004,134.869995,133.779999,134.240005,786500
4830,2019-03-18,134.449997,135.929993,134.449997,135.839996,540100
4831,2019-03-19,136.119995,136.580002,134.919998,135.429993,900900
4832,2019-03-20,135.429993,135.839996,133.600006,134.020004,418300
4833,2019-03-21,132.899994,136.979996,132.440002,136.570007,388600
4834,2019-03-22,135.399994,136.910004,135.300003,135.309998,565900
4835,2019-03-25,134.800003,135.399994,133.889999,134.369995,600200
4836,2019-03-26,134.600006,135.539993,133.5,134.139999,549100
4837,2019-03-27,133.690002,134.570007,132.080002,132.770004,455700
4838,2019-03-28,133.070007,133.660004,132.669998,133.509995,463800
4839,2019-03-29,134.369995,134.419998,133.160004,133.770004,917000
4840,2019-04-01,134.889999,135.589996,134.509995,134.75,815000
4841,2019-04-02,134.410004,134.839996,133.009995,133.75,464300
4842,2019-04-03,134.630005,135.130005,133.589996,134.25,548400
4843,2019-04-04,134.520004,134.940002,133.639999,133.970001,416400
4844,2019-04-05,134.380005,135.020004,134.330002,134.720001,626900
4845,2019-04-08,134.949997,135.0,132.729996,133.0,553000
4846,2019-04-09,132.320007,133.979996,132.190002,133.850006,617900
4847,2019-04-10,133.960007,135.190002,133.850006,134.490005,815000
4848,2019-04-11,135.139999,135.179993,132.289993,132.419998,425800
4849,2019-04-12,133.309998,134.270004,132.220001,132.800003,817100
4850,2019-04-15,132.779999,133.240005,132.100006,132.740005,456700
4851,2019-04-16,133.889999,133.889999,125.440002,126.330002,1389300
4852,2019-04-17,126.5,126.540001,120.900002,122.660004,1321900
4853,2019-04-18,122.690002,124.690002,121.540001,124.510002,1223800
4854,2019-04-22,124.440002,125.790001,121.949997,122.900002,1071500
4855,2019-04-23,123.18,129.5,122.830002,128.080002,1114100
4856,2019-04-24,128.0,133.330002,128.0,130.309998,1732200
4857,2019-04-25,129.600006,132.910004,128.529999,131.699997,879200
4858,2019-04-26,128.789993,129.470001,123.800003,129.229996,1444200
4859,2019-04-29,128.449997,129.300003,125.0,127.209999,863600
4860,2019-04-30,127.660004,128.050003,125.139999,126.870003,950500
4861,2019-05-01,126.800003,127.400002,124.629997,124.75,929200
4862,2019-05-02,124.32,124.510002,123.010002,124.0,1217200
4863,2019-05-03,124.629997,124.949997,122.629997,123.0,1101200
4864,2019-05-06,121.269997,125.230003,121.230003,124.489998,949300
4865,2019-05-07,124.220001,125.089996,121.949997,122.949997,725000
4866,2019-05-08,122.529999,123.169998,121.199997,122.019997,675200
4867,2019-05-09,121.610001,123.339996,121.239998,122.889999,828800
4868,2019-05-10,123.139999,123.980003,120.0,122.790001,707700
4869,2019-05-13,120.75,122.169998,120.160004,121.839996,636600
4870,2019-05-14,122.0,123.459999,121.489998,122.540001,614300
4871,2019-05-15,121.800003,122.849998,120.43,121.860001,542800
4872,2019-05-16,122.0,123.629997,121.379997,121.699997,517300
4873,2019-05-17,120.720001,123.239998,120.519997,121.879997,508700
4874,2019-05-20,121.209999,123.519997,120.769997,123.25,506400
4875,2019-05-21,123.400002,125.839996,123.150002,124.809998,681100
4876,2019-05-22,124.559998,125.559998,124.089996,125.440002,758400
4877,2019-05-23,124.669998,124.779999,121.910004,122.959999,684400
4878,2019-05-24,122.440002,123.760002,122.080002,123.089996,547600
4879,2019-05-28,122.830002,123.879997,122.440002,122.489998,666200
4880,2019-05-29,121.980003,121.980003,119.260002,119.580002,691300
4881,2019-05-30,119.629997,120.879997,119.029999,120.089996,503700
4882,2019-05-31,119.349998,120.269997,117.769997,119.550003,608800
4883,2019-06-03,119.550003,121.790001,119.150002,121.459999,687600
4884,2019-06-04,122.550003,124.25,121.919998,122.410004,770900
4885,2019-06-05,123.190002,123.190002,120.330002,121.410004,862800
4886,2019-06-06,121.510002,122.239998,120.800003,121.110001,1254300
4887,2019-06-07,121.510002,123.82,120.940002,123.709999,867500
4888,2019-06-10,124.349998,125.050003,123.559998,123.580002,498300
4889,2019-06-11,124.169998,124.169998,121.480003,123.0,496600
4890,2019-06-12,122.970001,123.959999,121.730003,123.910004,495300
4891,2019-06-13,123.790001,124.440002,122.769997,123.949997,338900
4892,2019-06-14,124.040001,124.57,122.739998,122.75,496700
4893,2019-06-17,123.339996,123.510002,122.18,123.419998,513900
4894,2019-06-18,123.779999,125.129997,122.709999,123.93,489800
4895,2019-06-19,124.18,125.43,122.809998,125.279999,361100
4896,2019-06-20,125.809998,126.620003,122.809998,124.360001,873500
4897,2019-06-21,124.360001,125.540001,122.989998,125.309998,801200
4898,2019-06-24,125.519997,126.550003,124.5,126.449997,570900
4899,2019-06-25,126.589996,129.550003,126.160004,128.639999,723200
4900,2019-06-26,128.869995,129.539993,126.099998,127.07,515800
4901,2019-06-27,127.669998,128.360001,126.830002,128.149994,431700
4902,2019-06-28,128.360001,130.389999,127.400002,130.389999,1064100
4903,2019-07-01,131.169998,131.720001,128.699997,130.070007,643700
4904,2019-07-02,130.300003,130.710007,129.059998,130.0,497000
4905,2019-07-03,129.990005,131.190002,129.259995,131.089996,341400
4906,2019-07-05,130.509995,131.600006,129.949997,131.380005,317700
4907,2019-07-08,131.229996,131.789993,130.190002,131.710007,477100
4908,2019-07-09,130.830002,132.089996,127.75,128.889999,554100
4909,2019-07-10,128.919998,130.429993,128.389999,129.660004,326700
4910,2019-07-11,131.119995,132.589996,129.509995,131.240005,358300
4911,2019-07-12,130.880005,133.190002,130.289993,132.899994,404400
4912,2019-07-15,132.899994,134.119995,131.949997,133.759995,447200
4913,2019-07-16,133.990005,134.5,133.419998,133.970001,435600
4914,2019-07-17,133.729996,134.029999,132.679993,132.880005,348800
4915,2019-07-18,132.880005,133.660004,131.470001,133.179993,396900
4916,2019-07-19,133.210007,133.210007,131.910004,132.630005,489900
4917,2019-07-22,132.649994,133.649994,132.190002,132.669998,401300
4918,2019-07-23,132.729996,133.759995,131.190002,133.710007,363000
4919,2019-07-24,133.839996,137.300003,132.529999,137.0,1021700
4920,2019-07-25,136.759995,137.529999,135.479996,136.970001,932600
4921,2019-07-26,145.600006,157.789993,145.600006,151.889999,2955300
4922,2019-07-29,149.720001,153.490005,146.190002,152.649994,1349000
4923,2019-07-30,150.020004,153.179993,146.850006,152.869995,934500
4924,2019-07-31,152.779999,153.240005,149.029999,150.860001,803300
4925,2019-08-01,151.100006,151.979996,145.479996,147.160004,876300
4926,2019-08-02,146.710007,147.399994,145.550003,146.449997,818200
4927,2019-08-05,145.039993,145.960007,142.330002,143.339996,681200
4928,2019-08-06,144.360001,146.589996,143.0,146.389999,784300
4929,2019-08-07,146.050003,147.149994,143.820007,146.139999,749700
4930,2019-08-08,146.820007,147.690002,145.360001,146.460007,509200
4931,2019-08-09,146.490005,147.679993,145.539993,146.940002,379100
4932,2019-08-12,147.009995,147.380005,145.240005,146.690002,436700
4933,2019-08-13,147.130005,150.229996,146.229996,148.970001,521000
4934,2019-08-14,147.479996,147.520004,144.389999,145.830002,586600
4935,2019-08-15,146.009995,146.630005,145.220001,145.369995,419600
4936,2019-08-16,145.970001,148.070007,145.309998,147.350006,494900
4937,2019-08-19,148.820007,149.119995,147.149994,148.199997,337900
4938,2019-08-20,147.529999,147.990005,145.479996,145.639999,657300
4939,2019-08-21,146.759995,147.320007,145.25,147.139999,456600
4940,2019-08-22,147.169998,147.880005,145.899994,145.949997,422900
4941,2019-08-23,145.199997,147.100006,142.740005,143.479996,595600
4942,2019-08-26,144.479996,144.809998,142.5,144.229996,469100
4943,2019-08-27,144.889999,145.0,140.630005,140.679993,511300
4944,2019-08-28,140.020004,142.619995,139.880005,142.600006,571500
4945,2019-08-29,143.759995,145.580002,142.990005,144.240005,609600
4946,2019-08-30,145.210007,145.300003,143.820007,144.580002,592500
4947,2019-09-03,143.610001,146.039993,143.320007,145.910004,477000
4948,2019-09-04,147.169998,147.850006,145.039993,146.259995,348200
4949,2019-09-05,148.0,148.419998,144.740005,145.139999,884600
4950,2019-09-06,145.839996,148.600006,144.990005,148.259995,692400
4951,2019-09-09,148.320007,150.479996,146.649994,149.520004,758800
4952,2019-09-10,149.460007,155.639999,149.210007,155.369995,1320800
4953,2019-09-11,154.589996,157.059998,153.369995,155.110001,1194000
4954,2019-09-12,155.5,156.089996,152.639999,152.960007,848900
4955,2019-09-13,153.660004,156.929993,151.690002,152.520004,676100
4956,2019-09-16,151.639999,154.110001,151.050003,153.889999,640500
4957,2019-09-17,153.639999,153.639999,150.350006,151.869995,800000
4958,2019-09-18,151.740005,153.380005,150.360001,151.990005,676000
4959,2019-09-19,151.820007,153.270004,149.960007,150.009995,768900
4960,2019-09-20,150.460007,151.660004,149.229996,150.119995,1117900
4961,2019-09-23,149.25,150.839996,148.679993,149.970001,579900
4962,2019-09-24,150.270004,150.289993,147.470001,148.449997,864100
4963,2019-09-25,148.449997,149.160004,146.899994,147.350006,982400
4964,2019-09-26,147.830002,148.380005,145.789993,146.559998,990800
4965,2019-09-27,147.270004,148.270004,146.320007,146.830002,519000
4966,2019-09-30,147.059998,149.509995,146.889999,148.75,608500
4967,2019-10-01,148.460007,151.179993,146.449997,147.110001,491500
4968,2019-10-02,146.240005,147.020004,145.119995,146.229996,586600
4969,2019-10-03,146.110001,146.639999,144.740005,145.369995,695900
4970,2019-10-04,146.100006,146.839996,144.350006,146.130005,563100
4971,2019-10-07,145.809998,146.570007,144.699997,145.070007,710200
4972,2019-10-08,144.389999,144.699997,142.720001,143.199997,715100
4973,2019-10-09,144.179993,145.589996,143.929993,145.119995,364500
4974,2019-10-10,144.830002,146.389999,144.440002,145.830002,383300
4975,2019-10-11,146.690002,149.020004,146.070007,146.130005,356800
4976,2019-10-14,145.550003,145.869995,143.960007,143.990005,339100
4977,2019-10-15,144.820007,146.320007,144.770004,145.25,715100
4978,2019-10-16,145.449997,147.320007,144.330002,144.720001,559800
4979,2019-10-17,145.309998,146.699997,144.910004,146.300003,652000
4980,2019-10-18,145.320007,146.279999,143.509995,146.089996,606900
4981,2019-10-21,146.690002,146.979996,145.309998,145.320007,563000
4982,2019-10-22,145.919998,147.5,145.220001,146.380005,433600
4983,2019-10-23,146.580002,146.960007,144.059998,144.559998,645500
4984,2019-10-24,145.179993,145.259995,143.229996,144.699997,928300
4985,2019-10-25,137.949997,142.699997,130.789993,137.929993,1407900
4986,2019-10-28,137.699997,140.149994,137.600006,138.080002,744600
4987,2019-10-29,138.899994,139.979996,138.169998,138.809998,837700
4988,2019-10-30,138.270004,139.270004,135.869995,139.070007,769600
4989,2019-10-31,139.050003,139.190002,136.460007,137.460007,685400
4990,2019-11-01,138.529999,139.899994,138.240005,138.75,530300
4991,2019-11-04,139.130005,140.0,138.509995,139.529999,388600
4992,2019-11-05,140.360001,141.300003,139.509995,139.860001,836100
4993,2019-11-06,140.130005,140.330002,138.779999,139.919998,562400
4994,2019-11-07,140.960007,141.830002,139.259995,139.669998,323900
4995,2019-11-08,139.740005,141.559998,139.699997,141.130005,395200
4996,2019-11-11,140.300003,141.570007,139.110001,139.240005,348400
4997,2019-11-12,139.059998,140.919998,138.539993,140.570007,618200
4998,2019-11-13,140.059998,141.960007,139.839996,141.559998,536900
4999,2019-11-14,141.710007,142.520004,140.539993,141.190002,446700
5000,2019-11-15,140.550003,145.289993,139.979996,144.270004,780900
5001,2019-11-18,143.820007,145.220001,141.529999,141.759995,775500
5002,2019-11-19,141.929993,142.660004,141.169998,141.789993,475500
5003,2019-11-20,141.279999,141.929993,140.080002,140.5,564500
5004,2019-11-21,140.789993,142.029999,140.389999,140.589996,687400
5005,2019-11-22,140.660004,141.729996,139.100006,139.320007,655000
5006,2019-11-25,140.330002,142.220001,139.75,141.320007,653800
5007,2019-11-26,141.75,141.75,138.580002,139.759995,836800
5008,2019-11-27,140.589996,141.339996,139.919998,140.289993,323000
5009,2019-11-29,139.449997,140.020004,138.740005,139.490005,236700
5010,2019-12-02,140.039993,140.839996,139.5,139.820007,377600
5011,2019-12-03,138.789993,140.75,138.050003,140.330002,440400
5012,2019-12-04,140.270004,141.550003,139.970001,141.020004,475200
5013,2019-12-05,141.080002,142.240005,140.570007,141.839996,712600
5014,2019-12-06,142.830002,144.809998,142.580002,144.710007,559100
5015,2019-12-09,144.539993,144.770004,143.490005,143.720001,468200
5016,2019-12-10,143.830002,144.820007,143.070007,144.580002,696900
5017,2019-12-11,144.639999,144.910004,143.330002,144.699997,358300
5018,2019-12-12,144.919998,146.669998,143.429993,146.270004,523900
5019,2019-12-13,146.070007,146.729996,143.850006,144.339996,353600
5020,2019-12-16,144.75,144.940002,141.199997,141.669998,1146400
5021,2019-12-17,140.399994,142.389999,139.610001,141.520004,1077700
5022,2019-12-18,141.740005,143.460007,141.550003,141.649994,628500
5023,2019-12-19,142.399994,144.339996,141.869995,144.029999,741600
5024,2019-12-20,144.669998,146.309998,144.300003,144.309998,1082500
5025,2019-12-23,144.990005,144.990005,142.149994,143.789993,340700
5026,2019-12-24,143.410004,143.509995,142.630005,143.320007,139400
5027,2019-12-26,143.440002,143.970001,142.509995,142.839996,176700
5028,2019-12-27,142.839996,143.5,142.429993,143.350006,180000
5029,2019-12-30,143.889999,143.979996,142.059998,142.649994,213600
5030,2019-12-31,142.5,143.5,142.5,143.460007,243400
5031,2020-01-02,144.259995,144.259995,141.009995,142.309998,403400
5032,2020-01-03,140.759995,142.169998,140.100006,141.970001,262700
5033,2020-01-06,141.110001,142.419998,140.720001,141.860001,434300
5034,2020-01-07,141.229996,142.949997,140.699997,142.429993,645700
5035,2020-01-08,142.660004,145.419998,142.270004,145.080002,828000
5036,2020-01-09,145.320007,146.009995,143.910004,144.330002,417500
5037,2020-01-10,144.759995,146.399994,144.75,146.050003,546000
5038,2020-01-13,146.410004,147.149994,144.369995,144.880005,449000
5039,2020-01-14,144.229996,145.490005,143.729996,145.460007,463600
5040,2020-01-15,145.119995,145.960007,143.960007,144.300003,447900
5041,2020-01-16,144.960007,145.199997,143.740005,143.940002,417400
5042,2020-01-17,144.460007,145.949997,144.190002,145.029999,798600
5043,2020-01-21,145.279999,145.279999,143.929993,144.990005,830900
5044,2020-01-22,145.509995,146.179993,143.889999,145.580002,640200
5045,2020-01-23,145.429993,147.880005,144.699997,147.779999,404100
5046,2020-01-24,147.910004,147.979996,145.729996,147.259995,656500
5047,2020-01-27,145.570007,146.649994,144.360001,144.979996,434100
5048,2020-01-28,146.399994,148.270004,145.029999,145.220001,517500
5049,2020-01-29,145.910004,146.110001,143.869995,143.899994,291200
5050,2020-01-30,143.289993,143.669998,140.220001,140.929993,565000
5051,2020-01-31,140.259995,140.270004,136.729996,137.110001,695600
5052,2020-02-03,137.979996,139.759995,137.029999,137.259995,568600
5053,2020-02-04,138.639999,140.759995,137.979996,138.490005,564200
5054,2020-02-05,139.520004,143.25,139.240005,142.0,574700
5055,2020-02-06,142.649994,143.679993,140.960007,141.080002,583800
5056,2020-02-07,141.0,141.509995,137.940002,138.130005,579900
5057,2020-02-10,137.970001,139.679993,137.559998,139.610001,472000
5058,2020-02-11,140.009995,141.770004,139.880005,141.679993,278300
5059,2020-02-12,142.270004,143.029999,140.25,140.309998,358500
5060,2020-02-13,139.809998,141.929993,139.809998,141.5,452200
5061,2020-02-14,141.690002,141.690002,139.570007,139.929993,507200
5062,2020-02-18,139.970001,140.669998,137.789993,139.089996,468100
5063,2020-02-19,139.550003,139.759995,138.300003,139.029999,454600
5064,2020-02-20,139.130005,140.270004,137.720001,140.029999,559000
5065,2020-02-21,139.690002,143.0,139.690002,142.720001,467800
5066,2020-02-24,140.229996,142.210007,139.339996,141.229996,927800
5067,2020-02-25,141.789993,142.669998,135.350006,135.479996,852700
5068,2020-02-26,136.240005,137.899994,134.539993,135.210007,1034500
5069,2020-02-27,134.130005,134.130005,126.279999,128.240005,1681700
5070,2020-02-28,124.800003,126.120003,121.389999,123.739998,1386900
5071,2020-03-02,124.400002,132.529999,123.32,131.820007,1050200
5072,2020-03-03,131.240005,134.669998,124.720001,125.339996,1092700
5073,2020-03-04,129.600006,132.570007,128.679993,131.710007,1091800
5074,2020-03-05,127.639999,129.050003,124.650002,127.57,889500
5075,2020-03-06,123.349998,126.599998,121.980003,125.970001,966700
5076,2020-03-09,120.970001,120.970001,113.089996,114.589996,1044800
5077,2020-03-10,117.629997,119.980003,113.860001,119.559998,889400
5078,2020-03-11,116.470001,116.540001,107.800003,110.139999,822900
5079,2020-03-12,102.349998,104.550003,98.019997,99.800003,1587700
5080,2020-03-13,105.239998,105.970001,97.580002,105.089996,1024800
5081,2020-03-16,95.639999,97.040001,81.68,81.699997,1059900
5082,2020-03-17,83.449997,84.870003,77.480003,80.760002,1568000
5083,2020-03-18,75.260002,75.279999,66.010002,67.690002,1687000
5084,2020-03-19,66.669998,85.660004,65.199997,84.839996,2253800
5085,2020-03-20,86.75,90.459999,73.550003,75.419998,1866000
5086,2020-03-23,75.169998,81.220001,71.029999,71.839996,1727400
5087,2020-03-24,76.860001,78.93,73.129997,78.160004,1833000
5088,2020-03-25,78.989998,93.510002,76.309998,87.949997,2065900
5089,2020-03-26,89.949997,97.970001,87.050003,91.839996,1770900
5090,2020-03-27,88.949997,92.129997,86.220001,88.989998,1375700
5091,2020-03-30,89.199997,100.410004,88.68,100.129997,1399300
5092,2020-03-31,100.730003,102.639999,96.290001,99.080002,1479400
5093,2020-04-01,93.910004,95.779999,86.419998,87.919998,1036700
5094,2020-04-02,85.43,94.650002,84.860001,88.709999,965400
5095,2020-04-03,88.300003,89.75,83.279999,85.379997,571900
5096,2020-04-06,89.860001,97.389999,89.279999,96.5,925400
5097,2020-04-07,101.889999,104.059998,97.720001,98.389999,779400
5098,2020-04-08,99.669998,110.059998,99.669998,106.989998,883000
5099,2020-04-09,108.0,110.580002,103.470001,104.510002,775700
5100,2020-04-13,103.379997,104.120003,98.410004,100.720001,669100
5101,2020-04-14,103.0,107.720001,102.5,107.550003,549100
5102,2020-04-15,102.32,104.690002,101.480003,103.089996,601100
5103,2020-04-16,103.110001,103.889999,98.989998,101.669998,453900
5104,2020-04-17,105.400002,108.470001,104.57,107.790001,559600
5105,2020-04-20,105.050003,106.169998,102.260002,102.690002,665300
5106,2020-04-21,99.300003,103.309998,97.559998,97.779999,692300
5107,2020-04-22,100.32,102.050003,97.989998,98.099998,639800
5108,2020-04-23,99.010002,103.269997,98.0,101.199997,497100
5109,2020-04-24,102.029999,103.0,99.440002,101.650002,480000
5110,2020-04-27,103.150002,106.43,102.730003,105.080002,706000
5111,2020-04-28,103.379997,108.43,101.629997,105.370003,1266900
5112,2020-04-29,106.389999,113.519997,105.980003,110.529999,706300
5113,2020-04-30,107.769997,108.900002,105.580002,105.690002,836600
5114,2020-05-01,102.980003,103.660004,97.599998,99.150002,750600
5115,2020-05-04,97.709999,99.139999,95.639999,98.43,749900
5116,2020-05-05,100.300003,104.480003,100.300003,101.900002,610900
5117,2020-05-06,102.18,102.550003,95.279999,95.599998,689200
5118,2020-05-07,97.089996,100.0,96.309998,96.529999,537700
5119,2020-05-08,98.660004,102.339996,97.879997,102.059998,538200
5120,2020-05-11,100.790001,100.790001,97.730003,98.470001,422900
5121,2020-05-12,99.18,100.230003,93.519997,93.519997,569200
5122,2020-05-13,93.089996,94.07,90.089996,91.800003,544800
5123,2020-05-14,90.370003,91.669998,86.650002,91.480003,629800
5124,2020-05-15,91.139999,93.589996,90.510002,92.629997,443200
5125,2020-05-18,96.220001,101.220001,96.220001,100.129997,903700
5126,2020-05-19,99.400002,102.389999,97.379997,100.510002,590700
5127,2020-05-20,101.510002,103.940002,100.279999,103.279999,723700
5128,2020-05-21,102.800003,106.150002,101.93,105.57,714800
5129,2020-05-22,105.900002,106.099998,101.199997,104.169998,571600
5130,2020-05-26,107.730003,109.720001,105.870003,106.379997,770400
5131,2020-05-27,108.419998,111.110001,106.989998,110.43,573900
5132,2020-05-28,111.879997,111.879997,106.370003,107.25,470600
5133,2020-05-29,106.589996,106.949997,103.190002,105.449997,903600
5134,2020-06-01,105.0,107.660004,103.150002,104.589996,692900
5135,2020-06-02,104.690002,105.449997,103.120003,104.029999,422900
5136,2020-06-03,105.269997,107.900002,104.32,104.43,475000
5137,2020-06-04,102.830002,105.089996,101.610001,102.910004,676000
5138,2020-06-05,105.480003,112.970001,105.480003,109.160004,924300
5139,2020-06-08,110.529999,114.540001,110.010002,111.209999,791100
5140,2020-06-09,113.169998,113.809998,107.18,109.220001,920000
5141,2020-06-10,108.730003,108.849998,102.400002,102.449997,649800
5142,2020-06-11,98.339996,99.82,92.220001,94.900002,1330200
5143,2020-06-12,98.800003,99.440002,92.839996,95.580002,886700
5144,2020-06-15,92.510002,100.75,91.220001,100.529999,1102600
5145,2020-06-16,103.889999,105.169998,98.93,102.0,861100
5146,2020-06-17,102.370003,102.370003,96.440002,96.860001,855900
5147,2020-06-18,96.010002,98.489998,93.440002,97.769997,688600
5148,2020-06-19,99.790001,101.870003,95.839996,96.699997,1468900
5149,2020-06-22,96.32,96.629997,93.699997,96.110001,979800
5150,2020-06-23,97.309998,97.540001,94.389999,95.540001,936100
5151,2020-06-24,93.669998,93.699997,89.059998,89.300003,1294000
5152,2020-06-25,88.739998,92.07,87.860001,90.440002,1021100
5153,2020-06-26,90.410004,92.919998,88.470001,89.339996,1187300
5154,2020-06-29,90.57,93.330002,89.029999,92.269997,512300
5155,2020-06-30,91.57,93.419998,89.230003,92.889999,635800
5156,2020-07-01,93.309998,96.0,92.260002,93.18,669200
5157,2020-07-02,95.029999,98.389999,93.339996,93.610001,1077700
5158,2020-07-06,95.459999,96.870003,93.0,94.82,967800
5159,2020-07-07,93.480003,94.0,90.739998,91.169998,476300
5160,2020-07-08,91.739998,91.879997,88.989998,90.699997,480500
5161,2020-07-09,89.75,90.339996,86.669998,88.610001,563400
5162,2020-07-10,88.18,89.919998,87.0,89.760002,457300
5163,2020-07-13,89.900002,92.0,89.089996,90.080002,614100
5164,2020-07-14,89.690002,92.940002,88.809998,92.68,624200
5165,2020-07-15,94.900002,98.599998,94.849998,97.949997,564400
5166,2020-07-16,97.389999,99.449997,95.540001,98.400002,503200
5167,2020-07-17,99.029999,99.199997,96.620003,97.599998,612500
5168,2020-07-20,97.599998,97.639999,95.029999,96.029999,595900
5169,2020-07-21,96.690002,101.470001,96.690002,100.199997,1180300
5170,2020-07-22,102.120003,106.959999,101.550003,106.010002,1096500
5171,2020-07-23,105.760002,107.910004,105.75,107.5,862100
5172,2020-07-24,108.209999,108.779999,106.690002,108.080002,657000
5173,2020-07-27,107.099998,110.269997,105.779999,109.370003,980700
5174,2020-07-28,112.0,114.410004,108.089996,109.07,1014500
5175,2020-07-29,110.160004,114.830002,110.160004,113.120003,743200
5176,2020-07-30,111.510002,113.059998,108.559998,112.07,588300
5177,2020-07-31,111.269997,111.57,108.379997,109.900002,652700
5178,2020-08-03,110.300003,110.860001,107.110001,107.75,945500
5179,2020-08-04,106.989998,109.059998,106.449997,106.709999,684500
5180,2020-08-05,107.93,109.800003,107.230003,108.139999,650400
5181,2020-08-06,108.279999,109.160004,106.779999,107.82,535600
5182,2020-08-07,107.209999,110.110001,107.209999,109.440002,770100
5183,2020-08-10,109.620003,114.099998,109.5,112.620003,642600
5184,2020-08-11,114.099998,115.440002,112.68,112.959999,559000
5185,2020-08-12,113.839996,114.199997,112.339996,113.459999,449400
5186,2020-08-13,112.5,113.0,110.879997,111.93,414400
5187,2020-08-14,111.489998,114.449997,111.360001,114.160004,426300
5188,2020-08-17,114.599998,115.279999,113.459999,114.389999,449600
5189,2020-08-18,114.709999,114.75,111.379997,112.110001,515900
5190,2020-08-19,112.349998,113.75,111.699997,111.879997,463200
5191,2020-08-20,110.75,112.389999,109.160004,110.220001,332100
5192,2020-08-21,110.050003,111.330002,108.169998,108.699997,778400
5193,2020-08-24,109.800003,112.68,108.209999,111.080002,457700
5194,2020-08-25,111.599998,111.599998,108.139999,109.699997,406800
5195,2020-08-26,109.480003,109.589996,106.730003,108.300003,541000
5196,2020-08-27,109.389999,113.370003,108.800003,111.940002,359700
5197,2020-08-28,112.089996,112.690002,110.959999,112.620003,202200
5198,2020-08-31,111.970001,112.68,110.209999,110.349998,562100
5199,2020-09-01,109.449997,110.699997,108.57,110.57,458400
5200,2020-09-02,110.449997,112.879997,108.900002,112.339996,505700
5201,2020-09-03,113.5,114.599998,111.059998,112.099998,576100
5202,2020-09-04,113.349998,114.849998,111.480003,113.57,619000
5203,2020-09-08,113.75,113.75,109.059998,109.32,656900
5204,2020-09-09,110.169998,112.580002,109.769997,111.220001,552900
5205,2020-09-10,112.080002,114.169998,111.690002,112.879997,672300
5206,2020-09-11,112.910004,114.0,112.260002,113.199997,956200
5207,2020-09-14,114.0,117.300003,113.739998,116.879997,547500
5208,2020-09-15,117.449997,118.919998,116.900002,117.699997,842000
5209,2020-09-16,118.580002,122.989998,118.199997,121.489998,941800
5210,2020-09-17,119.93,122.410004,117.389999,122.029999,698400
5211,2020-09-18,121.309998,121.949997,117.800003,117.93,1270500
5212,2020-09-21,107.110001,108.709999,101.050003,107.839996,1924800
5213,2020-09-22,107.580002,107.699997,103.989998,106.43,834400
5214,2020-09-23,106.580002,107.489998,101.190002,101.580002,831200
5215,2020-09-24,101.129997,103.910004,99.470001,102.629997,720500
5216,2020-09-25,101.470001,105.879997,101.470001,105.389999,478800
5217,2020-09-28,106.720001,108.949997,103.809998,104.410004,1135500
5218,2020-09-29,103.209999,104.0,99.959999,102.529999,737600
5219,2020-09-30,103.470001,108.610001,103.330002,107.019997,747800
5220,2020-10-01,107.120003,108.099998,104.57,106.199997,647300
5221,2020-10-02,104.089996,109.970001,103.360001,109.150002,482600
5222,2020-10-05,110.040001,111.879997,109.18,111.540001,551600
5223,2020-10-06,112.639999,113.779999,110.239998,110.639999,579300
5224,2020-10-07,111.370003,113.82,108.639999,109.5,717100
5225,2020-10-08,110.43,113.220001,110.120003,112.889999,363300
5226,2020-10-09,120.0,120.010002,111.510002,111.730003,562800
5227,2020-10-12,111.239998,111.779999,108.480003,109.82,374300
5228,2020-10-13,108.940002,111.080002,107.629997,109.43,502300
5229,2020-10-14,109.199997,112.860001,109.199997,111.050003,409500
5230,2020-10-15,109.290001,112.830002,108.760002,112.709999,482500
5231,2020-10-16,112.809998,114.650002,111.739998,112.889999,445400
5232,2020-10-19,112.43,113.25,110.07,110.349998,403700
5233,2020-10-20,111.120003,114.220001,110.489998,112.720001,323500
5234,2020-10-21,112.139999,113.150002,110.010002,111.879997,353800
5235,2020-10-22,112.459999,114.050003,110.870003,112.129997,471700
5236,2020-10-23,112.790001,115.849998,112.510002,115.580002,419900
5237,2020-10-26,113.309998,115.760002,112.160004,114.790001,871600
5238,2020-10-27,114.169998,115.25,111.129997,111.389999,458000
5239,2020-10-28,109.129997,110.239998,105.779999,106.370003,767200
5240,2020-10-29,105.790001,106.980003,103.349998,105.449997,688600
5241,2020-10-30,109.489998,112.650002,106.010002,109.550003,1215700
5242,2020-11-02,111.510002,114.150002,110.220001,113.879997,968700
5243,2020-11-03,115.139999,118.879997,113.809998,118.209999,949300
5244,2020-11-04,119.339996,119.339996,111.129997,112.279999,1525400
5245,2020-11-05,113.459999,119.690002,113.040001,117.82,623900
5246,2020-11-06,117.470001,118.440002,116.5,116.620003,405700
5247,2020-11-09,126.419998,134.520004,125.349998,126.769997,991400
5248,2020-11-10,127.830002,133.990005,127.760002,132.509995,699200
5249,2020-11-11,132.399994,132.570007,127.279999,129.610001,624200
5250,2020-11-12,128.520004,131.589996,125.419998,127.139999,624000
5251,2020-11-13,128.300003,134.139999,127.199997,133.199997,432500
5252,2020-11-16,136.449997,136.610001,131.580002,132.910004,475900
5253,2020-11-17,131.550003,134.070007,129.699997,133.270004,497100
5254,2020-11-18,133.070007,134.779999,131.029999,132.610001,519600
5255,2020-11-19,131.690002,134.179993,129.179993,133.949997,512600
5256,2020-11-20,134.179993,134.389999,130.149994,130.970001,437600
5257,2020-11-23,132.100006,133.539993,130.240005,131.229996,445000
5258,2020-11-24,132.550003,134.770004,131.679993,133.949997,523200
5259,2020-11-25,133.429993,134.289993,131.309998,133.25,413300
5260,2020-11-27,133.759995,134.289993,131.339996,132.110001,309000
5261,2020-11-30,131.990005,131.990005,129.070007,130.580002,1632400
5262,2020-12-01,133.050003,134.330002,130.190002,130.839996,615900
5263,2020-12-02,130.479996,132.699997,130.039993,132.009995,295700
5264,2020-12-03,131.649994,132.880005,130.119995,132.399994,758700
5265,2020-12-04,132.860001,135.729996,132.860001,135.179993,339300
5266,2020-12-07,133.919998,134.839996,130.259995,131.020004,684300
5267,2020-12-08,130.289993,133.589996,130.289993,132.669998,597200
5268,2020-12-09,133.580002,134.210007,132.259995,133.910004,329000
5269,2020-12-10,132.600006,135.970001,132.149994,135.369995,553500
5270,2020-12-11,134.339996,135.160004,131.130005,132.350006,615000
5271,2020-12-14,133.990005,137.0,131.779999,134.559998,791100
5272,2020-12-15,136.0,137.449997,133.339996,135.669998,677600
5273,2020-12-16,135.130005,138.729996,134.850006,137.630005,650400
5274,2020-12-17,138.419998,140.240005,137.720001,139.729996,601000
5275,2020-12-18,139.550003,140.190002,136.470001,137.289993,987400
5276,2020-12-21,135.149994,136.399994,132.880005,135.809998,475700
5277,2020-12-22,136.389999,137.240005,134.690002,135.800003,298100
5278,2020-12-23,137.0,138.169998,136.639999,137.059998,257800
5279,2020-12-24,137.559998,137.600006,135.330002,136.929993,98600
5280,2020-12-28,137.860001,138.490005,136.080002,136.529999,279700
5281,2020-12-29,136.839996,137.300003,135.229996,136.179993,288300
5282,2020-12-30,136.270004,137.5,135.160004,136.130005,287500
5283,2020-12-31,136.550003,137.919998,135.179993,137.5,225000
5284,2021-01-04,137.800003,138.470001,133.119995,135.279999,487300
5285,2021-01-05,133.100006,138.089996,131.850006,136.100006,514800
5286,2021-01-06,138.130005,143.210007,138.130005,141.710007,634800
5287,2021-01-07,142.539993,143.839996,140.970001,142.460007,527200
5288,2021-01-08,142.770004,143.539993,140.160004,141.139999,510700
5289,2021-01-11,138.0,140.570007,131.699997,135.119995,1260600
5290,2021-01-12,135.149994,138.009995,134.0,137.570007,838500
5291,2021-01-13,137.100006,137.990005,133.940002,135.679993,587700
5292,2021-01-14,136.110001,136.779999,133.139999,133.589996,454000
5293,2021-01-15,132.75,133.820007,131.830002,132.479996,521100
5294,2021-01-19,133.309998,133.869995,129.820007,130.399994,513800
5295,2021-01-20,130.410004,132.649994,129.75,131.699997,381300
5296,2021-01-21,132.259995,132.779999,130.270004,130.740005,333600
5297,2021-01-22,130.039993,131.020004,128.529999,129.100006,502100
5298,2021-01-25,128.619995,128.669998,125.769997,127.559998,603700
5299,2021-01-26,128.699997,129.100006,126.839996,127.75,605400
5300,2021-01-27,125.0,126.629997,123.82,125.690002,1241400
5301,2021-01-28,127.160004,129.589996,126.25,127.839996,927400
5302,2021-01-29,127.400002,127.980003,123.849998,124.68,638000
5303,2021-02-01,125.730003,128.309998,123.540001,127.68,658000
5304,2021-02-02,128.889999,130.690002,127.220001,128.020004,660400
5305,2021-02-03,127.300003,129.960007,126.800003,129.580002,840900
5306,2021-02-04,129.949997,132.009995,129.210007,131.699997,474600
5307,2021-02-05,132.660004,132.660004,129.339996,130.690002,615900
5308,2021-02-08,130.869995,132.059998,130.5,131.449997,389000
5309,2021-02-09,132.240005,132.399994,129.020004,130.509995,527700
5310,2021-02-10,130.660004,131.619995,129.809998,130.5,287200
5311,2021-02-11,130.880005,131.949997,129.889999,130.039993,509800
5312,2021-02-12,129.539993,130.490005,128.429993,129.279999,268900
5313,2021-02-16,129.610001,129.740005,127.599998,128.210007,380200
5314,2021-02-17,127.620003,129.289993,127.389999,129.020004,249200
5315,2021-02-18,128.259995,128.759995,126.269997,127.43,420500
5316,2021-02-19,127.550003,129.960007,126.75,129.669998,459300
5317,2021-02-22,128.360001,132.610001,127.550003,131.779999,778000
5318,2021-02-23,133.0,136.410004,131.369995,133.789993,739800
5319,2021-02-24,133.899994,138.839996,133.899994,137.940002,777400
5320,2021-02-25,138.009995,138.5,134.009995,134.919998,814100
5321,2021-02-26,133.139999,133.970001,125.309998,125.330002,1061600
5322,2021-03-01,125.940002,130.919998,125.940002,127.900002,1069200
5323,2021-03-02,127.389999,130.509995,127.010002,129.350006,560500
5324,2021-03-03,128.210007,129.149994,125.830002,126.779999,623600
5325,2021-03-04,126.599998,129.860001,125.0,127.120003,1160500
5326,2021-03-05,128.360001,132.190002,126.870003,131.339996,619400
5327,2021-03-08,132.449997,135.490005,132.389999,134.580002,415200
5328,2021-03-09,135.630005,136.699997,130.979996,131.360001,584600
5329,2021-03-10,131.809998,134.690002,131.070007,133.589996,531500
5330,2021-03-11,132.929993,135.559998,132.789993,132.929993,482200
5331,2021-03-12,134.279999,137.630005,133.410004,137.539993,456500
5332,2021-03-15,137.240005,140.149994,137.240005,140.130005,411800
5333,2021-03-16,139.139999,139.330002,136.169998,136.619995,411700
5334,2021-03-17,137.660004,139.639999,135.960007,138.800003,427800
5335,2021-03-18,138.0,141.75,138.0,139.270004,444800
5336,2021-03-19,139.020004,140.589996,137.130005,138.0,1098000
5337,2021-03-22,136.830002,137.970001,135.399994,137.309998,726500
5338,2021-03-23,136.570007,137.199997,131.630005,132.820007,396500
5339,2021-03-24,133.429993,136.320007,132.910004,133.479996,491200
5340,2021-03-25,133.789993,136.220001,131.970001,135.5,607900
5341,2021-03-26,136.690002,136.690002,133.440002,135.149994,567500
5342,2021-03-29,134.720001,137.5,133.960007,135.130005,453000
5343,2021-03-30,135.009995,136.190002,133.820007,136.190002,370700
5344,2021-03-31,136.5,137.429993,133.289993,133.389999,630600
5345,2021-04-01,133.190002,134.880005,132.0,134.399994,386000
5346,2021-04-05,135.5,136.710007,134.199997,136.369995,458800
5347,2021-04-06,135.929993,137.740005,134.619995,137.020004,504500
5348,2021-04-07,138.0,138.059998,135.940002,136.610001,492700
5349,2021-04-08,135.479996,137.820007,133.940002,136.869995,513200
5350,2021-04-09,137.619995,138.25,135.75,138.179993,320700
5351,2021-04-12,138.619995,139.940002,138.619995,139.259995,301400
5352,2021-04-13,137.630005,138.460007,135.509995,137.410004,708600
5353,2021-04-14,137.529999,139.100006,136.850006,137.520004,396100
5354,2021-04-15,138.029999,141.610001,137.320007,141.119995,1011900
5355,2021-04-16,142.0,147.020004,142.0,146.139999,879700
5356,2021-04-19,146.619995,147.279999,144.0,146.039993,538400
5357,2021-04-20,146.440002,147.210007,144.0,144.880005,682400
5358,2021-04-21,145.0,148.809998,144.75,147.880005,485300
5359,2021-04-22,149.070007,150.589996,146.0,146.520004,884800
5360,2021-04-23,146.110001,146.699997,144.100006,145.509995,527900
5361,2021-04-26,145.800003,146.649994,144.690002,145.779999,637200
5362,2021-04-27,143.389999,147.75,143.110001,145.910004,958200
5363,2021-04-28,146.860001,150.070007,145.020004,147.809998,665500
5364,2021-04-29,148.070007,150.869995,147.850006,148.589996,532900
5365,2021-04-30,147.470001,149.690002,147.470001,148.410004,595400
5366,2021-05-03,150.0,151.649994,148.580002,150.580002,469700
5367,2021-05-04,150.169998,153.229996,150.169998,152.960007,620300
5368,2021-05-05,153.649994,154.149994,151.270004,153.529999,495500
5369,2021-05-06,153.550003,154.699997,152.350006,154.490005,439700
5370,2021-05-07,153.429993,156.229996,152.610001,155.190002,367400
5371,2021-05-10,156.220001,159.190002,155.309998,157.050003,443500
5372,2021-05-11,155.889999,157.210007,154.649994,155.350006,596500
5373,2021-05-12,155.559998,156.369995,153.770004,154.089996,926300
5374,2021-05-13,153.210007,158.940002,152.449997,157.880005,640900
5375,2021-05-14,158.279999,160.229996,157.710007,159.759995,428900
5376,2021-05-17,159.759995,161.600006,159.0,160.600006,503600
5377,2021-05-18,159.639999,160.809998,157.75,158.210007,625300
5378,2021-05-19,157.149994,158.0,154.429993,156.929993,660400
5379,2021-05-20,156.770004,159.369995,154.720001,158.100006,767900
5380,2021-05-21,159.020004,160.289993,157.940002,158.050003,696100
5381,2021-05-24,158.639999,160.229996,157.369995,159.0,658500
5382,2021-05-25,158.990005,160.179993,157.850006,159.75,1471500
5383,2021-05-26,159.929993,160.880005,159.270004,160.149994,1527500
5384,2021-05-27,161.619995,162.509995,158.710007,159.130005,1014100
5385,2021-05-28,159.5,160.050003,157.580002,159.630005,848300
5386,2021-06-01,160.429993,161.0,158.279999,160.529999,686600
5387,2021-06-02,160.990005,161.039993,157.270004,157.720001,1198900
5388,2021-06-03,156.990005,159.399994,155.529999,158.860001,528400
5389,2021-06-04,159.589996,160.240005,158.539993,159.759995,419700
5390,2021-06-07,160.160004,160.820007,158.899994,158.979996,747200
5391,2021-06-08,158.770004,160.100006,157.110001,159.669998,570900
5392,2021-06-09,160.050003,160.190002,158.809998,159.470001,355400
5393,2021-06-10,158.270004,160.270004,157.910004,159.529999,548700
5394,2021-06-11,160.399994,160.490005,158.289993,160.380005,521500
5395,2021-06-14,159.869995,160.330002,155.490005,156.369995,500200
5396,2021-06-15,156.380005,157.899994,155.020004,156.610001,444700
5397,2021-06-16,156.130005,156.729996,154.039993,154.149994,537100
5398,2021-06-17,154.729996,155.119995,150.869995,151.880005,762600
5399,2021-06-18,149.869995,150.300003,146.669998,146.710007,1462200
5400,2021-06-21,147.460007,152.089996,147.440002,151.850006,510100
5401,2021-06-22,151.539993,152.649994,150.600006,151.330002,401700
5402,2021-06-23,151.309998,151.309998,149.610001,149.710007,557600
5403,2021-06-24,150.960007,150.960007,148.520004,149.419998,657600
5404,2021-06-25,149.75,151.509995,149.110001,151.179993,423100
5405,2021-06-28,150.839996,150.889999,147.0,148.320007,993200
5406,2021-06-29,148.389999,149.130005,146.110001,146.240005,513400
5407,2021-06-30,146.399994,146.990005,144.809998,146.429993,906000
5408,2021-07-01,147.080002,150.529999,147.080002,149.509995,637100
5409,2021-07-02,149.389999,151.529999,149.389999,151.139999,941800
5410,2021-07-06,150.289993,151.110001,147.639999,150.690002,714300
5411,2021-07-07,149.770004,152.880005,149.770004,152.289993,826200
5412,2021-07-08,150.210007,151.940002,148.529999,150.350006,667400
5413,2021-07-09,152.820007,154.350006,151.740005,153.949997,563000
5414,2021-07-12,153.289993,156.169998,152.240005,154.679993,603100
5415,2021-07-13,154.149994,154.649994,151.699997,152.850006,541100
5416,2021-07-14,153.5,154.389999,152.320007,153.080002,567600
5417,2021-07-15,151.720001,153.960007,151.720001,153.139999,439300
5418,2021-07-16,153.910004,154.110001,151.169998,151.330002,331800
5419,2021-07-19,148.990005,149.449997,145.330002,146.289993,608100
5420,2021-07-20,149.940002,156.699997,149.440002,153.169998,1004100
5421,2021-07-21,154.919998,156.479996,153.240005,153.610001,343700
5422,2021-07-22,153.009995,153.509995,149.330002,150.679993,463300
5423,2021-07-23,152.330002,153.070007,150.940002,152.669998,410800
5424,2021-07-26,153.190002,156.440002,152.070007,154.610001,841000
5425,2021-07-27,165.0,165.0,154.860001,159.119995,1538700
5426,2021-07-28,160.0,160.0,155.600006,157.899994,892100
5427,2021-07-29,159.130005,159.710007,157.789993,158.970001,525200
5428,2021-07-30,158.479996,160.910004,158.479996,160.410004,486100
5429,2021-08-02,160.570007,162.229996,159.039993,159.630005,552900
5430,2021-08-03,160.0,160.75,156.929993,160.619995,373600
5431,2021-08-04,159.130005,160.809998,154.369995,154.440002,458800
5432,2021-08-05,154.800003,155.410004,151.210007,152.529999,346700
5433,2021-08-06,153.039993,153.850006,151.539993,152.770004,914000
5434,2021-08-09,151.600006,151.600006,149.539993,150.490005,412000
5435,2021-08-10,149.789993,151.100006,146.550003,147.100006,537500
5436,2021-08-11,147.399994,148.520004,145.539993,148.360001,427100
5437,2021-08-12,144.440002,149.0,144.440002,148.649994,711200
5438,2021-08-13,148.660004,149.520004,148.210007,149.389999,331100
5439,2021-08-16,148.850006,151.759995,148.259995,151.449997,309200
5440,2021-08-17,150.210007,151.919998,150.039993,151.789993,359200
5441,2021-08-18,150.970001,151.070007,148.589996,148.669998,461300
5442,2021-08-19,147.449997,151.559998,147.210007,150.850006,540900
5443,2021-08-20,150.550003,154.979996,150.550003,153.389999,602900
5444,2021-08-23,154.110001,154.289993,151.639999,153.070007,499000
5445,2021-08-24,153.300003,155.449997,152.009995,154.619995,640700
5446,2021-08-25,154.289993,157.339996,153.270004,155.169998,365100
5447,2021-08-26,155.089996,155.089996,153.080002,154.539993,513400
5448,2021-08-27,154.960007,157.300003,154.190002,156.789993,502000
5449,2021-08-30,157.199997,157.25,155.539993,156.020004,401800
5450,2021-08-31,155.190002,157.380005,155.009995,155.759995,615300
5451,2021-09-01,156.210007,156.619995,153.75,155.449997,425600
5452,2021-09-02,155.589996,157.389999,155.210007,157.089996,469000
5453,2021-09-03,156.720001,156.990005,154.75,156.220001,441300
5454,2021-09-07,155.440002,156.199997,154.100006,155.380005,483000
5455,2021-09-08,149.899994,152.360001,147.199997,148.729996,1076400
5456,2021-09-09,148.550003,152.360001,148.460007,150.119995,554900
5457,2021-09-10,150.559998,150.570007,146.880005,147.429993,517100
5458,2021-09-13,148.399994,150.229996,147.259995,149.820007,580900
5459,2021-09-14,150.589996,151.169998,146.710007,146.820007,885900
5460,2021-09-15,146.419998,147.419998,144.529999,146.440002,685500
5461,2021-09-16,146.720001,147.800003,145.350006,146.889999,424200
5462,2021-09-17,146.190002,147.220001,144.509995,145.919998,1282000
5463,2021-09-20,143.729996,145.270004,143.160004,144.580002,543100
5464,2021-09-21,146.039993,147.520004,144.880005,145.25,552100
5465,2021-09-22,146.470001,147.509995,145.259995,145.649994,633700
5466,2021-09-23,146.669998,146.789993,144.380005,144.419998,1532300
5467,2021-09-24,140.080002,145.389999,140.050003,144.759995,790000
5468,2021-09-27,145.289993,147.710007,144.449997,144.649994,732900
5469,2021-09-28,144.860001,145.429993,143.119995,143.649994,754700
5470,2021-09-29,143.770004,144.100006,142.710007,143.270004,775900
5471,2021-09-30,143.789993,143.880005,138.300003,138.369995,756900
5472,2021-10-01,138.860001,139.649994,137.130005,138.830002,595500
5473,2021-10-04,138.759995,141.070007,135.360001,135.910004,989800
5474,2021-10-05,136.130005,136.309998,133.660004,133.860001,814700
5475,2021-10-06,132.740005,133.619995,129.289993,132.440002,732000
5476,2021-10-07,133.320007,134.600006,132.740005,133.160004,586600
5477,2021-10-08,132.539993,132.869995,130.179993,130.429993,454700
5478,2021-10-11,130.529999,131.100006,130.020004,130.100006,485700
5479,2021-10-12,130.410004,131.0,128.759995,128.850006,608900
5480,2021-10-13,128.570007,129.940002,125.900002,129.050003,714800
5481,2021-10-14,129.809998,131.419998,129.660004,130.009995,644400
5482,2021-10-15,131.070007,133.929993,131.009995,133.020004,787800
5483,2021-10-18,132.029999,132.759995,130.5,132.550003,501600
5484,2021-10-19,133.419998,134.490005,132.169998,132.240005,521000
5485,2021-10-20,132.960007,135.210007,132.589996,133.789993,599500
5486,2021-10-21,134.820007,137.479996,134.259995,137.350006,803400
5487,2021-10-22,135.0,138.100006,134.589996,135.619995,716300
5488,2021-10-25,135.800003,135.899994,133.570007,133.690002,771700
5489,2021-10-26,127.0,130.75,125.760002,126.169998,1470800
5490,2021-10-27,124.790001,127.160004,123.639999,124.919998,918800
5491,2021-10-28,125.93,127.370003,125.389999,126.169998,693100
5492,2021-10-29,126.010002,127.139999,123.459999,124.099998,995900
5493,2021-11-01,124.389999,125.769997,123.959999,124.93,565000
5494,2021-11-02,125.349998,125.709999,122.669998,122.93,653600
5495,2021-11-03,121.940002,125.349998,121.230003,124.839996,954900
5496,2021-11-04,125.050003,126.480003,124.330002,126.199997,698000
5497,2021-11-05,126.580002,130.399994,125.860001,129.880005,1090800
5498,2021-11-08,130.309998,131.0,127.150002,129.160004,520200
5499,2021-11-09,129.190002,129.990005,127.980003,128.429993,599200
5500,2021-11-10,128.839996,130.059998,128.490005,129.369995,415800
5501,2021-11-11,129.0,130.389999,128.490005,130.270004,533600
5502,2021-11-12,131.210007,131.449997,129.199997,130.839996,354600
5503,2021-11-15,131.0,131.0,128.289993,128.679993,605400
5504,2021-11-16,128.949997,129.190002,127.480003,128.679993,836400
5505,2021-11-17,128.5,128.889999,127.07,127.260002,757400
5506,2021-11-18,126.940002,127.279999,124.529999,125.830002,1125300
5507,2021-11-19,125.269997,125.669998,122.610001,123.980003,926600
5508,2021-11-22,124.309998,128.059998,123.5,127.230003,625100
5509,2021-11-23,127.690002,130.179993,126.5,129.949997,719900
5510,2021-11-24,130.020004,130.669998,128.770004,128.880005,571600
5511,2021-11-26,125.43,126.099998,123.019997,124.360001,509800
5512,2021-11-29,125.199997,125.519997,121.019997,121.269997,916600
5513,2021-11-30,119.790001,120.879997,117.940002,118.730003,1320200
5514,2021-12-01,120.449997,122.529999,116.230003,116.389999,1024900
5515,2021-12-02,117.339996,123.230003,116.959999,121.620003,958300
5516,2021-12-03,122.080002,123.75,121.099998,121.639999,1026600
5517,2021-12-06,123.440002,127.699997,121.809998,126.059998,924000
5518,2021-12-07,126.779999,130.039993,125.93,128.419998,727100
5519,2021-12-08,128.470001,130.119995,127.529999,129.679993,803600
5520,2021-12-09,129.350006,130.259995,127.919998,129.119995,656000
5521,2021-12-10,129.919998,131.210007,126.860001,128.399994,855400
5522,2021-12-13,128.380005,129.440002,127.739998,128.800003,402100
5523,2021-12-14,128.669998,130.899994,127.660004,127.889999,549600
5524,2021-12-15,127.739998,129.639999,127.010002,129.410004,801700
5525,2021-12-16,130.210007,130.550003,127.769997,128.300003,521600
5526,2021-12-17,128.289993,128.759995,125.940002,127.800003,1464300
5527,2021-12-20,126.080002,126.080002,121.589996,124.610001,515000
5528,2021-12-21,124.959999,127.830002,124.639999,127.699997,706200
5529,2021-12-22,128.0,129.199997,126.839996,127.599998,498200
5530,2021-12-23,128.240005,129.720001,127.699997,128.130005,307600
5531,2021-12-27,128.190002,128.820007,127.480003,128.710007,209400
5532,2021-12-28,128.970001,131.179993,128.919998,130.649994,292300
5533,2021-12-29,130.639999,131.970001,130.320007,131.0,256600
5534,2021-12-30,131.330002,132.0,130.5,130.75,234700
5535,2021-12-31,130.289993,131.190002,129.100006,129.660004,307100
5536,2022-01-03,130.149994,132.149994,129.699997,132.020004,569400
5537,2022-01-04,132.300003,136.0,132.199997,133.820007,570900
5538,2022-01-05,132.899994,137.720001,132.899994,133.800003,664100
5539,2022-01-06,134.0,134.839996,130.570007,130.979996,669000
5540,2022-01-07,130.979996,133.570007,130.830002,131.970001,757300
5541,2022-01-10,132.820007,132.889999,130.699997,132.860001,568500
5542,2022-01-11,128.0,131.759995,126.050003,130.820007,1256700
5543,2022-01-12,131.139999,132.369995,127.760002,129.110001,798200
5544,2022-01-13,129.339996,134.880005,128.649994,133.050003,953300
5545,2022-01-14,132.130005,134.039993,131.259995,133.669998,670700
5546,2022-01-18,133.009995,133.550003,129.660004,129.970001,507700
5547,2022-01-19,129.820007,131.350006,129.259995,129.419998,502300
5548,2022-01-20,129.929993,131.589996,127.75,127.989998,558300
5549,2022-01-21,128.550003,130.580002,127.730003,128.350006,652100
5550,2022-01-24,126.510002,130.990005,125.309998,130.740005,853600
5551,2022-01-25,129.429993,129.820007,125.489998,127.959999,933500
5552,2022-01-26,127.900002,130.910004,127.610001,129.169998,637300
5553,2022-01-27,125.0,129.470001,123.260002,126.489998,808500
5554,2022-01-28,125.989998,129.850006,125.620003,129.779999,673500
5555,2022-01-31,128.639999,131.029999,128.639999,130.059998,789300
5556,2022-02-01,130.149994,131.25,129.429993,130.460007,461000
5557,2022-02-02,129.759995,133.050003,129.179993,132.690002,429400
5558,2022-02-03,132.830002,133.070007,130.889999,131.449997,406200
5559,2022-02-04,130.339996,131.309998,127.519997,129.809998,428400
5560,2022-02-07,129.759995,129.929993,125.879997,127.209999,863000
5561,2022-02-08,128.020004,132.779999,127.379997,132.320007,809100
5562,2022-02-09,133.330002,137.839996,133.199997,136.839996,621000
5563,2022-02-10,135.949997,137.199997,132.75,133.570007,646500
5564,2022-02-11,133.800003,135.820007,131.429993,132.589996,485300
5565,2022-02-14,133.029999,133.990005,131.240005,132.220001,540400
5566,2022-02-15,133.029999,135.240005,132.720001,135.119995,462800
5567,2022-02-16,134.580002,138.190002,134.160004,137.809998,729500
5568,2022-02-17,136.860001,137.350006,134.020004,136.360001,379000
5569,2022-02-18,136.160004,137.940002,134.699997,134.789993,509400
5570,2022-02-22,134.050003,135.449997,132.699997,134.059998,789500
5571,2022-02-23,134.889999,135.0,131.679993,133.320007,536200
5572,2022-02-24,130.729996,136.619995,129.470001,136.389999,1163900
5573,2022-02-25,144.960007,149.869995,142.5,144.820007,1967400
5574,2022-02-28,140.479996,143.940002,139.279999,143.929993,842500
5575,2022-03-01,143.139999,145.529999,142.0,144.880005,625800
5576,2022-03-02,146.050003,150.669998,145.050003,149.059998,1042600
5577,2022-03-03,150.270004,150.720001,147.679993,149.850006,549200
5578,2022-03-04,147.5,149.789993,145.529999,149.460007,512200
5579,2022-03-07,149.059998,150.899994,147.470001,150.419998,626300
5580,2022-03-08,151.0,153.070007,149.160004,149.320007,624400
5581,2022-03-09,151.869995,153.339996,150.639999,151.259995,476800
5582,2022-03-10,149.25,153.279999,148.460007,150.449997,538300
5583,2022-03-11,150.839996,153.220001,150.229996,150.660004,705100
5584,2022-03-14,151.990005,152.580002,145.820007,146.169998,421400
5585,2022-03-15,147.759995,149.470001,147.130005,148.979996,581700
5586,2022-03-16,149.649994,151.410004,147.410004,149.699997,488600
5587,2022-03-17,148.740005,149.270004,147.300003,149.089996,661000
5588,2022-03-18,147.240005,147.800003,144.539993,146.789993,1402300
5589,2022-03-21,147.309998,149.720001,146.850006,147.550003,782200
5590,2022-03-22,148.190002,148.529999,145.720001,146.600006,429000
5591,2022-03-23,145.970001,146.169998,142.779999,143.809998,862700
5592,2022-03-24,144.399994,146.800003,143.820007,146.350006,399500
5593,2022-03-25,146.830002,148.270004,145.830002,148.089996,434700
5594,2022-03-28,147.589996,149.479996,146.380005,149.360001,616900
5595,2022-03-29,148.570007,150.139999,146.0,147.940002,587100
5596,2022-03-30,148.190002,148.190002,144.610001,145.570007,478200
5597,2022-03-31,145.470001,147.380005,144.789993,144.949997,453700
5598,2022-04-01,145.789993,146.520004,143.630005,144.179993,580000
5599,2022-04-04,143.759995,144.160004,139.479996,140.100006,706300
5600,2022-04-05,139.699997,141.880005,138.190002,139.240005,643900
5601,2022-04-06,138.470001,141.0,138.470001,140.479996,587200
5602,2022-04-07,140.380005,144.880005,139.800003,144.369995,757100
5603,2022-04-08,144.850006,147.0,143.339996,146.0,567000
5604,2022-04-11,146.949997,149.080002,146.320007,147.860001,688400
5605,2022-04-12,148.119995,151.960007,147.089996,149.270004,732800
5606,2022-04-13,149.070007,151.160004,148.210007,148.960007,409200
5607,2022-04-14,149.380005,152.360001,149.380005,151.139999,390000
5608,2022-04-18,150.0,152.449997,150.0,151.399994,437500
5609,2022-04-19,152.0,153.520004,151.179993,151.460007,524500
5610,2022-04-20,152.0,157.300003,152.0,155.550003,1088100
5611,2022-04-21,155.75,158.279999,153.190002,154.490005,657000
5612,2022-04-22,145.860001,146.199997,132.589996,132.929993,1524500
5613,2022-04-25,132.919998,140.25,132.020004,138.759995,1515100
5614,2022-04-26,121.470001,127.559998,121.059998,125.32,2666200
5615,2022-04-27,124.269997,126.879997,122.629997,123.589996,1007400
5616,2022-04-28,122.879997,125.0,119.690002,124.160004,904900
5617,2022-04-29,123.239998,124.949997,122.010002,122.529999,844900
5618,2022-05-02,122.82,123.459999,119.419998,122.239998,791500
5619,2022-05-03,121.790001,125.970001,121.639999,125.110001,610700
5620,2022-05-04,125.900002,130.179993,124.830002,129.949997,508900
5621,2022-05-05,129.449997,130.0,125.080002,126.290001,739400
5622,2022-05-06,126.0,129.740005,124.800003,127.800003,784200
5623,2022-05-09,126.980003,126.980003,124.449997,125.330002,675100
5624,2022-05-10,126.160004,126.839996,123.589996,125.440002,580500
5625,2022-05-11,126.019997,127.239998,121.510002,121.870003,676500
5626,2022-05-12,122.099998,125.050003,121.589996,123.489998,659500
5627,2022-05-13,123.800003,125.07,122.309998,124.660004,666800
5628,2022-05-16,124.730003,125.050003,122.730003,124.25,542400
5629,2022-05-17,125.82,127.489998,124.629997,127.480003,437800
5630,2022-05-18,125.510002,125.599998,118.839996,119.080002,975600
5631,2022-05-19,117.75,120.550003,116.730003,118.889999,774600
5632,2022-05-20,119.660004,121.050003,117.080002,120.93,589700
5633,2022-05-23,122.68,122.68,118.230003,121.739998,586600
5634,2022-05-24,121.730003,121.730003,118.279999,121.410004,486600
5635,2022-05-25,121.330002,124.339996,120.57,122.099998,612600
5636,2022-05-26,122.970001,124.059998,122.339996,123.25,809400
5637,2022-05-27,123.980003,125.010002,123.300003,124.959999,479500
5638,2022-05-31,124.5,125.400002,123.019997,124.610001,1059200
5639,2022-06-01,125.639999,125.639999,120.300003,120.75,761500
5640,2022-06-02,121.330002,122.760002,119.0,122.660004,613800
5641,2022-06-03,122.010002,122.480003,121.019997,121.169998,691400
5642,2022-06-06,121.5,123.019997,120.099998,121.169998,434400
5643,2022-06-07,119.75,122.470001,119.0,122.269997,651600
5644,2022-06-08,121.300003,121.760002,119.879997,120.410004,444100
5645,2022-06-09,119.860001,120.300003,117.940002,117.989998,502800
5646,2022-06-10,115.650002,116.540001,114.120003,114.75,1560200
